2026-04-20T18:27:04.103+08:00 DEBUG 151 --- [   scheduling-1] org.postgresql.jdbc.PgConnection         :   setAutoCommit = false 
2026-04-20T18:27:04.105+08:00 DEBUG 151 --- [   scheduling-1] org.postgresql.jdbc.PgConnection         :   setAutoCommit = true 
2026-04-20T18:27:15.458+08:00 DEBUG 151 --- [   scheduling-1] org.postgresql.jdbc.PgConnection         :   setAutoCommit = false 
2026-04-20T18:27:15.460+08:00 DEBUG 151 --- [   scheduling-1] org.postgresql.jdbc.PgConnection         :   setAutoCommit = true 
2026-04-20T18:27:19.106+08:00 DEBUG 151 --- [   scheduling-1] org.postgresql.jdbc.PgConnection         :   setAutoCommit = false 
2026-04-20T18:27:19.107+08:00 DEBUG 151 --- [   scheduling-1] org.postgresql.jdbc.PgConnection         :   setAutoCommit = true 
2026-04-20T18:27:27.778+08:00 DEBUG 151 --- [  XNIO-1 task-2] io.undertow.request.security             : Attempting to authenticate /api/ingestion/tasks/list, authentication required: false 
2026-04-20T18:27:27.778+08:00 DEBUG 151 --- [  XNIO-1 task-2] io.undertow.request.security             : Authentication outcome was NOT_ATTEMPTED with method io.undertow.security.impl.CachedAuthenticatedSessionMechanism@72916f2a for /api/ingestion/tasks/list 
2026-04-20T18:27:27.778+08:00 DEBUG 151 --- [  XNIO-1 task-2] io.undertow.request.security             : Authentication result was ATTEMPTED for /api/ingestion/tasks/list 
2026-04-20T18:27:27.779+08:00 DEBUG 151 --- [  XNIO-1 task-2] org.postgresql.jdbc.PgConnection         :   setReadOnly = true 
2026-04-20T18:27:27.779+08:00 DEBUG 151 --- [  XNIO-1 task-2] org.postgresql.jdbc.PgConnection         :   setAutoCommit = false 
2026-04-20T18:27:27.781+08:00 DEBUG 151 --- [  XNIO-1 task-2] org.postgresql.jdbc.PgConnection         :   setAutoCommit = true 
2026-04-20T18:27:27.781+08:00 DEBUG 151 --- [  XNIO-1 task-2] org.postgresql.jdbc.PgConnection         :   setReadOnly = false 
2026-04-20T18:27:27.781+08:00 DEBUG 151 --- [  XNIO-1 task-3] io.undertow.request.security             : Attempting to authenticate /api/ingestion/tasks/executions/observability, authentication required: false 
2026-04-20T18:27:27.781+08:00 DEBUG 151 --- [  XNIO-1 task-3] io.undertow.request.security             : Authentication outcome was NOT_ATTEMPTED with method io.undertow.security.impl.CachedAuthenticatedSessionMechanism@72916f2a for /api/ingestion/tasks/executions/observability 
2026-04-20T18:27:27.781+08:00 DEBUG 151 --- [  XNIO-1 task-3] io.undertow.request.security             : Authentication result was ATTEMPTED for /api/ingestion/tasks/executions/observability 
2026-04-20T18:27:27.784+08:00 DEBUG 151 --- [  XNIO-1 task-2] io.undertow.request.security             : Attempting to authenticate /api/ingestion/tasks/executions/governance-overview, authentication required: false 
2026-04-20T18:27:27.784+08:00 DEBUG 151 --- [  XNIO-1 task-3] org.postgresql.jdbc.PgConnection         :   setReadOnly = true 
2026-04-20T18:27:27.784+08:00 DEBUG 151 --- [  XNIO-1 task-2] io.undertow.request.security             : Authentication outcome was NOT_ATTEMPTED with method io.undertow.security.impl.CachedAuthenticatedSessionMechanism@72916f2a for /api/ingestion/tasks/executions/governance-overview 
2026-04-20T18:27:27.784+08:00 DEBUG 151 --- [  XNIO-1 task-2] io.undertow.request.security             : Authentication result was ATTEMPTED for /api/ingestion/tasks/executions/governance-overview 
2026-04-20T18:27:27.784+08:00 DEBUG 151 --- [  XNIO-1 task-3] org.postgresql.jdbc.PgConnection         :   setAutoCommit = false 
2026-04-20T18:27:27.786+08:00 DEBUG 151 --- [  XNIO-1 task-2] org.postgresql.jdbc.PgConnection         :   setReadOnly = true 
2026-04-20T18:27:27.786+08:00 DEBUG 151 --- [  XNIO-1 task-2] org.postgresql.jdbc.PgConnection         :   setAutoCommit = false 
2026-04-20T18:27:27.790+08:00 DEBUG 151 --- [  XNIO-1 task-2] org.postgresql.jdbc.PgConnection         :   setAutoCommit = true 
2026-04-20T18:27:27.790+08:00 DEBUG 151 --- [  XNIO-1 task-2] org.postgresql.jdbc.PgConnection         :   setReadOnly = false 
2026-04-20T18:27:27.790+08:00 DEBUG 151 --- [  XNIO-1 task-3] org.postgresql.jdbc.PgConnection         :   setAutoCommit = true 
2026-04-20T18:27:27.790+08:00 DEBUG 151 --- [  XNIO-1 task-3] org.postgresql.jdbc.PgConnection         :   setReadOnly = false 
2026-04-20T18:27:27.956+08:00 DEBUG 151 --- [  XNIO-1 task-3] io.undertow.request.security             : Attempting to authenticate /api/ingestion/tasks/executions/governance-overview, authentication required: false 
2026-04-20T18:27:27.956+08:00 DEBUG 151 --- [  XNIO-1 task-3] io.undertow.request.security             : Authentication outcome was NOT_ATTEMPTED with method io.undertow.security.impl.CachedAuthenticatedSessionMechanism@72916f2a for /api/ingestion/tasks/executions/governance-overview 
2026-04-20T18:27:27.956+08:00 DEBUG 151 --- [  XNIO-1 task-3] io.undertow.request.security             : Authentication result was ATTEMPTED for /api/ingestion/tasks/executions/governance-overview 
2026-04-20T18:27:27.957+08:00 DEBUG 151 --- [  XNIO-1 task-3] org.postgresql.jdbc.PgConnection         :   setReadOnly = true 
2026-04-20T18:27:27.957+08:00 DEBUG 151 --- [  XNIO-1 task-3] org.postgresql.jdbc.PgConnection         :   setAutoCommit = false 
2026-04-20T18:27:27.959+08:00 DEBUG 151 --- [  XNIO-1 task-3] org.postgresql.jdbc.PgConnection         :   setAutoCommit = true 
2026-04-20T18:27:27.960+08:00 DEBUG 151 --- [  XNIO-1 task-3] org.postgresql.jdbc.PgConnection         :   setReadOnly = false 
2026-04-20T18:27:34.109+08:00 DEBUG 151 --- [   scheduling-1] org.postgresql.jdbc.PgConnection         :   setAutoCommit = false 
2026-04-20T18:27:34.113+08:00 DEBUG 151 --- [   scheduling-1] org.postgresql.jdbc.PgConnection         :   setAutoCommit = true 
2026-04-20T18:27:45.462+08:00 DEBUG 151 --- [   scheduling-1] org.postgresql.jdbc.PgConnection         :   setAutoCommit = false 
2026-04-20T18:27:45.464+08:00 DEBUG 151 --- [   scheduling-1] org.postgresql.jdbc.PgConnection         :   setAutoCommit = true 
2026-04-20T18:27:49.114+08:00 DEBUG 151 --- [   scheduling-1] org.postgresql.jdbc.PgConnection         :   setAutoCommit = false 
2026-04-20T18:27:49.118+08:00 DEBUG 151 --- [   scheduling-1] org.postgresql.jdbc.PgConnection         :   setAutoCommit = true 
2026-04-20T18:27:49.864+08:00 DEBUG 151 --- [  XNIO-1 task-3] io.undertow.request.security             : Attempting to authenticate /api/ingestion/tasks/list, authentication required: false 
2026-04-20T18:27:49.864+08:00 DEBUG 151 --- [  XNIO-1 task-3] io.undertow.request.security             : Authentication outcome was NOT_ATTEMPTED with method io.undertow.security.impl.CachedAuthenticatedSessionMechanism@72916f2a for /api/ingestion/tasks/list 
2026-04-20T18:27:49.864+08:00 DEBUG 151 --- [  XNIO-1 task-3] io.undertow.request.security             : Authentication result was ATTEMPTED for /api/ingestion/tasks/list 
2026-04-20T18:27:49.865+08:00 DEBUG 151 --- [  XNIO-1 task-3] org.postgresql.jdbc.PgConnection         :   setReadOnly = true 
2026-04-20T18:27:49.865+08:00 DEBUG 151 --- [  XNIO-1 task-3] org.postgresql.jdbc.PgConnection         :   setAutoCommit = false 
2026-04-20T18:27:49.867+08:00 DEBUG 151 --- [  XNIO-1 task-3] org.postgresql.jdbc.PgConnection         :   setAutoCommit = true 
2026-04-20T18:27:49.867+08:00 DEBUG 151 --- [  XNIO-1 task-3] org.postgresql.jdbc.PgConnection         :   setReadOnly = false 
2026-04-20T18:27:49.868+08:00 DEBUG 151 --- [  XNIO-1 task-3] io.undertow.request.security             : Attempting to authenticate /api/ingestion/tasks/1/executions, authentication required: false 
2026-04-20T18:27:49.868+08:00 DEBUG 151 --- [  XNIO-1 task-3] io.undertow.request.security             : Authentication outcome was NOT_ATTEMPTED with method io.undertow.security.impl.CachedAuthenticatedSessionMechanism@72916f2a for /api/ingestion/tasks/1/executions 
2026-04-20T18:27:49.868+08:00 DEBUG 151 --- [  XNIO-1 task-3] io.undertow.request.security             : Authentication result was ATTEMPTED for /api/ingestion/tasks/1/executions 
2026-04-20T18:27:49.869+08:00 DEBUG 151 --- [  XNIO-1 task-3] org.postgresql.jdbc.PgConnection         :   setAutoCommit = false 
2026-04-20T18:27:49.871+08:00 DEBUG 151 --- [  XNIO-1 task-3] org.postgresql.jdbc.PgConnection         :   setAutoCommit = true 
2026-04-20T18:28:04.120+08:00 DEBUG 151 --- [   scheduling-1] org.postgresql.jdbc.PgConnection         :   setAutoCommit = false 
2026-04-20T18:28:04.123+08:00 DEBUG 151 --- [   scheduling-1] org.postgresql.jdbc.PgConnection         :   setAutoCommit = true 
2026-04-20T18:28:15.466+08:00 DEBUG 151 --- [   scheduling-1] org.postgresql.jdbc.PgConnection         :   setAutoCommit = false 
2026-04-20T18:28:15.468+08:00 DEBUG 151 --- [   scheduling-1] org.postgresql.jdbc.PgConnection         :   setAutoCommit = true 
2026-04-20T18:28:19.124+08:00 DEBUG 151 --- [   scheduling-1] org.postgresql.jdbc.PgConnection         :   setAutoCommit = false 
2026-04-20T18:28:19.125+08:00 DEBUG 151 --- [   scheduling-1] org.postgresql.jdbc.PgConnection         :   setAutoCommit = true 
2026-04-20T18:28:27.936+08:00 DEBUG 151 --- [  XNIO-1 I/O-10] io.undertow.request                      : Timing out idle connection from /172.19.0.16:35362 
2026-04-20T18:28:34.126+08:00 DEBUG 151 --- [   scheduling-1] org.postgresql.jdbc.PgConnection         :   setAutoCommit = false 
2026-04-20T18:28:34.127+08:00 DEBUG 151 --- [   scheduling-1] org.postgresql.jdbc.PgConnection         :   setAutoCommit = true 
2026-04-20T18:28:45.469+08:00 DEBUG 151 --- [   scheduling-1] org.postgresql.jdbc.PgConnection         :   setAutoCommit = false 
2026-04-20T18:28:45.471+08:00 DEBUG 151 --- [   scheduling-1] org.postgresql.jdbc.PgConnection         :   setAutoCommit = true 
2026-04-20T18:28:49.128+08:00 DEBUG 151 --- [   scheduling-1] org.postgresql.jdbc.PgConnection         :   setAutoCommit = false 
2026-04-20T18:28:49.131+08:00 DEBUG 151 --- [   scheduling-1] org.postgresql.jdbc.PgConnection         :   setAutoCommit = true 
2026-04-20T18:28:50.022+08:00 DEBUG 151 --- [   XNIO-1 I/O-5] io.undertow.request                      : Timing out idle connection from /172.19.0.16:39522 
2026-04-20T18:28:50.719+08:00 DEBUG 151 --- [  XNIO-1 task-3] io.undertow.request.security             : Attempting to authenticate /api/ingestion/tasks/list, authentication required: false 
2026-04-20T18:28:50.719+08:00 DEBUG 151 --- [  XNIO-1 task-3] io.undertow.request.security             : Authentication outcome was NOT_ATTEMPTED with method io.undertow.security.impl.CachedAuthenticatedSessionMechanism@72916f2a for /api/ingestion/tasks/list 
2026-04-20T18:28:50.719+08:00 DEBUG 151 --- [  XNIO-1 task-3] io.undertow.request.security             : Authentication result was ATTEMPTED for /api/ingestion/tasks/list 
2026-04-20T18:28:50.722+08:00 DEBUG 151 --- [  XNIO-1 task-3] org.postgresql.jdbc.PgConnection         :   setReadOnly = true 
2026-04-20T18:28:50.723+08:00 DEBUG 151 --- [  XNIO-1 task-3] org.postgresql.jdbc.PgConnection         :   setAutoCommit = false 
2026-04-20T18:28:50.727+08:00 DEBUG 151 --- [  XNIO-1 task-3] org.postgresql.jdbc.PgConnection         :   setAutoCommit = true 
2026-04-20T18:28:50.728+08:00 DEBUG 151 --- [  XNIO-1 task-3] org.postgresql.jdbc.PgConnection         :   setReadOnly = false 
2026-04-20T18:28:50.734+08:00 DEBUG 151 --- [  XNIO-1 task-3] io.undertow.request.security             : Attempting to authenticate /api/ingestion/tasks/1/executions, authentication required: false 
2026-04-20T18:28:50.735+08:00 DEBUG 151 --- [  XNIO-1 task-3] io.undertow.request.security             : Authentication outcome was NOT_ATTEMPTED with method io.undertow.security.impl.CachedAuthenticatedSessionMechanism@72916f2a for /api/ingestion/tasks/1/executions 
2026-04-20T18:28:50.735+08:00 DEBUG 151 --- [  XNIO-1 task-3] io.undertow.request.security             : Authentication result was ATTEMPTED for /api/ingestion/tasks/1/executions 
2026-04-20T18:28:50.739+08:00 DEBUG 151 --- [  XNIO-1 task-3] org.postgresql.jdbc.PgConnection         :   setAutoCommit = false 
2026-04-20T18:28:50.747+08:00 DEBUG 151 --- [  XNIO-1 task-3] org.postgresql.jdbc.PgConnection         :   setAutoCommit = true 
2026-04-20T18:29:04.132+08:00 DEBUG 151 --- [   scheduling-1] org.postgresql.jdbc.PgConnection         :   setAutoCommit = false 
2026-04-20T18:29:04.133+08:00 DEBUG 151 --- [   scheduling-1] org.postgresql.jdbc.PgConnection         :   setAutoCommit = true 
2026-04-20T18:29:15.472+08:00 DEBUG 151 --- [   scheduling-1] org.postgresql.jdbc.PgConnection         :   setAutoCommit = false 
2026-04-20T18:29:15.473+08:00 DEBUG 151 --- [   scheduling-1] org.postgresql.jdbc.PgConnection         :   setAutoCommit = true 
2026-04-20T18:29:19.134+08:00 DEBUG 151 --- [   scheduling-1] org.postgresql.jdbc.PgConnection         :   setAutoCommit = false 
2026-04-20T18:29:19.135+08:00 DEBUG 151 --- [   scheduling-1] org.postgresql.jdbc.PgConnection         :   setAutoCommit = true 
2026-04-20T18:29:34.135+08:00 DEBUG 151 --- [   scheduling-1] org.postgresql.jdbc.PgConnection         :   setAutoCommit = false 
2026-04-20T18:29:34.137+08:00 DEBUG 151 --- [   scheduling-1] org.postgresql.jdbc.PgConnection         :   setAutoCommit = true 
2026-04-20T18:29:45.474+08:00 DEBUG 151 --- [   scheduling-1] org.postgresql.jdbc.PgConnection         :   setAutoCommit = false 
2026-04-20T18:29:45.474+08:00 DEBUG 151 --- [   scheduling-1] org.postgresql.jdbc.PgConnection         :   setAutoCommit = true 
2026-04-20T18:29:49.137+08:00 DEBUG 151 --- [   scheduling-1] org.postgresql.jdbc.PgConnection         :   setAutoCommit = false 
2026-04-20T18:29:49.138+08:00 DEBUG 151 --- [   scheduling-1] org.postgresql.jdbc.PgConnection         :   setAutoCommit = true 
2026-04-20T18:29:50.869+08:00 DEBUG 151 --- [  XNIO-1 I/O-13] io.undertow.request                      : Timing out idle connection from /172.19.0.16:48974 
2026-04-20T18:29:51.566+08:00 DEBUG 151 --- [  XNIO-1 task-3] io.undertow.request.security             : Attempting to authenticate /api/ingestion/tasks/list, authentication required: false 
2026-04-20T18:29:51.566+08:00 DEBUG 151 --- [  XNIO-1 task-3] io.undertow.request.security             : Authentication outcome was NOT_ATTEMPTED with method io.undertow.security.impl.CachedAuthenticatedSessionMechanism@72916f2a for /api/ingestion/tasks/list 
2026-04-20T18:29:51.566+08:00 DEBUG 151 --- [  XNIO-1 task-3] io.undertow.request.security             : Authentication result was ATTEMPTED for /api/ingestion/tasks/list 
2026-04-20T18:29:51.570+08:00 DEBUG 151 --- [  XNIO-1 task-3] org.postgresql.jdbc.PgConnection         :   setReadOnly = true 
2026-04-20T18:29:51.570+08:00 DEBUG 151 --- [  XNIO-1 task-3] org.postgresql.jdbc.PgConnection         :   setAutoCommit = false 
2026-04-20T18:29:51.574+08:00 DEBUG 151 --- [  XNIO-1 task-3] org.postgresql.jdbc.PgConnection         :   setAutoCommit = true 
2026-04-20T18:29:51.575+08:00 DEBUG 151 --- [  XNIO-1 task-3] org.postgresql.jdbc.PgConnection         :   setReadOnly = false 
2026-04-20T18:29:51.581+08:00 DEBUG 151 --- [  XNIO-1 task-3] io.undertow.request.security             : Attempting to authenticate /api/ingestion/tasks/1/executions, authentication required: false 
2026-04-20T18:29:51.581+08:00 DEBUG 151 --- [  XNIO-1 task-3] io.undertow.request.security             : Authentication outcome was NOT_ATTEMPTED with method io.undertow.security.impl.CachedAuthenticatedSessionMechanism@72916f2a for /api/ingestion/tasks/1/executions 
2026-04-20T18:29:51.582+08:00 DEBUG 151 --- [  XNIO-1 task-3] io.undertow.request.security             : Authentication result was ATTEMPTED for /api/ingestion/tasks/1/executions 
2026-04-20T18:29:51.585+08:00 DEBUG 151 --- [  XNIO-1 task-3] org.postgresql.jdbc.PgConnection         :   setAutoCommit = false 
2026-04-20T18:29:51.594+08:00 DEBUG 151 --- [  XNIO-1 task-3] org.postgresql.jdbc.PgConnection         :   setAutoCommit = true 
2026-04-20T18:30:04.139+08:00 DEBUG 151 --- [   scheduling-1] org.postgresql.jdbc.PgConnection         :   setAutoCommit = false 
2026-04-20T18:30:04.142+08:00 DEBUG 151 --- [   scheduling-1] org.postgresql.jdbc.PgConnection         :   setAutoCommit = true 
2026-04-20T18:30:15.475+08:00 DEBUG 151 --- [   scheduling-1] org.postgresql.jdbc.PgConnection         :   setAutoCommit = false 
2026-04-20T18:30:15.476+08:00 DEBUG 151 --- [   scheduling-1] org.postgresql.jdbc.PgConnection         :   setAutoCommit = true 
2026-04-20T18:30:19.144+08:00 DEBUG 151 --- [   scheduling-1] org.postgresql.jdbc.PgConnection         :   setAutoCommit = false 
2026-04-20T18:30:19.148+08:00 DEBUG 151 --- [   scheduling-1] org.postgresql.jdbc.PgConnection         :   setAutoCommit = true 
2026-04-20T18:30:34.149+08:00 DEBUG 151 --- [   scheduling-1] org.postgresql.jdbc.PgConnection         :   setAutoCommit = false 
2026-04-20T18:30:34.150+08:00 DEBUG 151 --- [   scheduling-1] org.postgresql.jdbc.PgConnection         :   setAutoCommit = true 
2026-04-20T18:30:45.477+08:00 DEBUG 151 --- [   scheduling-1] org.postgresql.jdbc.PgConnection         :   setAutoCommit = false 
2026-04-20T18:30:45.478+08:00 DEBUG 151 --- [   scheduling-1] org.postgresql.jdbc.PgConnection         :   setAutoCommit = true 
2026-04-20T18:30:49.151+08:00 DEBUG 151 --- [   scheduling-1] org.postgresql.jdbc.PgConnection         :   setAutoCommit = false 
2026-04-20T18:30:49.155+08:00 DEBUG 151 --- [   scheduling-1] org.postgresql.jdbc.PgConnection         :   setAutoCommit = true 
2026-04-20T18:30:51.690+08:00 DEBUG 151 --- [   XNIO-1 I/O-4] io.undertow.request                      : Timing out idle connection from /172.19.0.16:54262 
2026-04-20T18:30:52.433+08:00 DEBUG 151 --- [  XNIO-1 task-3] io.undertow.request.security             : Attempting to authenticate /api/ingestion/tasks/list, authentication required: false 
2026-04-20T18:30:52.433+08:00 DEBUG 151 --- [  XNIO-1 task-3] io.undertow.request.security             : Authentication outcome was NOT_ATTEMPTED with method io.undertow.security.impl.CachedAuthenticatedSessionMechanism@72916f2a for /api/ingestion/tasks/list 
2026-04-20T18:30:52.433+08:00 DEBUG 151 --- [  XNIO-1 task-3] io.undertow.request.security             : Authentication result was ATTEMPTED for /api/ingestion/tasks/list 
2026-04-20T18:30:52.434+08:00 DEBUG 151 --- [  XNIO-1 task-3] org.postgresql.jdbc.PgConnection         :   setReadOnly = true 
2026-04-20T18:30:52.434+08:00 DEBUG 151 --- [  XNIO-1 task-3] org.postgresql.jdbc.PgConnection         :   setAutoCommit = false 
2026-04-20T18:30:52.436+08:00 DEBUG 151 --- [  XNIO-1 task-3] org.postgresql.jdbc.PgConnection         :   setAutoCommit = true 
2026-04-20T18:30:52.436+08:00 DEBUG 151 --- [  XNIO-1 task-3] org.postgresql.jdbc.PgConnection         :   setReadOnly = false 
2026-04-20T18:30:52.438+08:00 DEBUG 151 --- [  XNIO-1 task-3] io.undertow.request.security             : Attempting to authenticate /api/ingestion/tasks/1/executions, authentication required: false 
2026-04-20T18:30:52.438+08:00 DEBUG 151 --- [  XNIO-1 task-3] io.undertow.request.security             : Authentication outcome was NOT_ATTEMPTED with method io.undertow.security.impl.CachedAuthenticatedSessionMechanism@72916f2a for /api/ingestion/tasks/1/executions 
2026-04-20T18:30:52.439+08:00 DEBUG 151 --- [  XNIO-1 task-3] io.undertow.request.security             : Authentication result was ATTEMPTED for /api/ingestion/tasks/1/executions 
2026-04-20T18:30:52.440+08:00 DEBUG 151 --- [  XNIO-1 task-3] org.postgresql.jdbc.PgConnection         :   setAutoCommit = false 
2026-04-20T18:30:52.443+08:00 DEBUG 151 --- [  XNIO-1 task-3] org.postgresql.jdbc.PgConnection         :   setAutoCommit = true 
2026-04-20T18:31:04.156+08:00 DEBUG 151 --- [   scheduling-1] org.postgresql.jdbc.PgConnection         :   setAutoCommit = false 
2026-04-20T18:31:04.160+08:00 DEBUG 151 --- [   scheduling-1] org.postgresql.jdbc.PgConnection         :   setAutoCommit = true 
2026-04-20T18:31:15.479+08:00 DEBUG 151 --- [   scheduling-1] org.postgresql.jdbc.PgConnection         :   setAutoCommit = false 
2026-04-20T18:31:15.482+08:00 DEBUG 151 --- [   scheduling-1] org.postgresql.jdbc.PgConnection         :   setAutoCommit = true 
2026-04-20T18:31:19.160+08:00 DEBUG 151 --- [   scheduling-1] org.postgresql.jdbc.PgConnection         :   setAutoCommit = false 
2026-04-20T18:31:19.162+08:00 DEBUG 151 --- [   scheduling-1] org.postgresql.jdbc.PgConnection         :   setAutoCommit = true 
2026-04-20T18:31:34.163+08:00 DEBUG 151 --- [   scheduling-1] org.postgresql.jdbc.PgConnection         :   setAutoCommit = false 
2026-04-20T18:31:34.166+08:00 DEBUG 151 --- [   scheduling-1] org.postgresql.jdbc.PgConnection         :   setAutoCommit = true 
2026-04-20T18:31:45.483+08:00 DEBUG 151 --- [   scheduling-1] org.postgresql.jdbc.PgConnection         :   setAutoCommit = false 
2026-04-20T18:31:45.484+08:00 DEBUG 151 --- [   scheduling-1] org.postgresql.jdbc.PgConnection         :   setAutoCommit = true 
2026-04-20T18:31:49.168+08:00 DEBUG 151 --- [   scheduling-1] org.postgresql.jdbc.PgConnection         :   setAutoCommit = false 
2026-04-20T18:31:49.172+08:00 DEBUG 151 --- [   scheduling-1] org.postgresql.jdbc.PgConnection         :   setAutoCommit = true 
2026-04-20T18:31:52.583+08:00 DEBUG 151 --- [  XNIO-1 I/O-13] io.undertow.request                      : Timing out idle connection from /172.19.0.16:46454 
2026-04-20T18:31:53.266+08:00 DEBUG 151 --- [  XNIO-1 task-3] io.undertow.request.security             : Attempting to authenticate /api/ingestion/tasks/list, authentication required: false 
2026-04-20T18:31:53.266+08:00 DEBUG 151 --- [  XNIO-1 task-3] io.undertow.request.security             : Authentication outcome was NOT_ATTEMPTED with method io.undertow.security.impl.CachedAuthenticatedSessionMechanism@72916f2a for /api/ingestion/tasks/list 
2026-04-20T18:31:53.266+08:00 DEBUG 151 --- [  XNIO-1 task-3] io.undertow.request.security             : Authentication result was ATTEMPTED for /api/ingestion/tasks/list 
2026-04-20T18:31:53.272+08:00 DEBUG 151 --- [  XNIO-1 task-3] org.postgresql.jdbc.PgConnection         :   setReadOnly = true 
2026-04-20T18:31:53.272+08:00 DEBUG 151 --- [  XNIO-1 task-3] org.postgresql.jdbc.PgConnection         :   setAutoCommit = false 
2026-04-20T18:31:53.274+08:00 DEBUG 151 --- [  XNIO-1 task-3] org.postgresql.jdbc.PgConnection         :   setAutoCommit = true 
2026-04-20T18:31:53.274+08:00 DEBUG 151 --- [  XNIO-1 task-3] org.postgresql.jdbc.PgConnection         :   setReadOnly = false 
2026-04-20T18:31:53.279+08:00 DEBUG 151 --- [  XNIO-1 task-3] io.undertow.request.security             : Attempting to authenticate /api/ingestion/tasks/1/executions, authentication required: false 
2026-04-20T18:31:53.279+08:00 DEBUG 151 --- [  XNIO-1 task-3] io.undertow.request.security             : Authentication outcome was NOT_ATTEMPTED with method io.undertow.security.impl.CachedAuthenticatedSessionMechanism@72916f2a for /api/ingestion/tasks/1/executions 
2026-04-20T18:31:53.279+08:00 DEBUG 151 --- [  XNIO-1 task-3] io.undertow.request.security             : Authentication result was ATTEMPTED for /api/ingestion/tasks/1/executions 
2026-04-20T18:31:53.281+08:00 DEBUG 151 --- [  XNIO-1 task-3] org.postgresql.jdbc.PgConnection         :   setAutoCommit = false 
2026-04-20T18:31:53.283+08:00 DEBUG 151 --- [  XNIO-1 task-3] org.postgresql.jdbc.PgConnection         :   setAutoCommit = true 
2026-04-20T18:32:04.174+08:00 DEBUG 151 --- [   scheduling-1] org.postgresql.jdbc.PgConnection         :   setAutoCommit = false 
2026-04-20T18:32:04.182+08:00 DEBUG 151 --- [   scheduling-1] org.postgresql.jdbc.PgConnection         :   setAutoCommit = true 
2026-04-20T18:32:15.485+08:00 DEBUG 151 --- [   scheduling-1] org.postgresql.jdbc.PgConnection         :   setAutoCommit = false 
2026-04-20T18:32:15.487+08:00 DEBUG 151 --- [   scheduling-1] org.postgresql.jdbc.PgConnection         :   setAutoCommit = true 
2026-04-20T18:32:19.184+08:00 DEBUG 151 --- [   scheduling-1] org.postgresql.jdbc.PgConnection         :   setAutoCommit = false 
2026-04-20T18:32:19.187+08:00 DEBUG 151 --- [   scheduling-1] org.postgresql.jdbc.PgConnection         :   setAutoCommit = true 
2026-04-20T18:32:34.189+08:00 DEBUG 151 --- [   scheduling-1] org.postgresql.jdbc.PgConnection         :   setAutoCommit = false 
2026-04-20T18:32:34.193+08:00 DEBUG 151 --- [   scheduling-1] org.postgresql.jdbc.PgConnection         :   setAutoCommit = true 
2026-04-20T18:32:45.488+08:00 DEBUG 151 --- [   scheduling-1] org.postgresql.jdbc.PgConnection         :   setAutoCommit = false 
2026-04-20T18:32:45.490+08:00 DEBUG 151 --- [   scheduling-1] org.postgresql.jdbc.PgConnection         :   setAutoCommit = true 
2026-04-20T18:32:49.193+08:00 DEBUG 151 --- [   scheduling-1] org.postgresql.jdbc.PgConnection         :   setAutoCommit = false 
2026-04-20T18:32:49.194+08:00 DEBUG 151 --- [   scheduling-1] org.postgresql.jdbc.PgConnection         :   setAutoCommit = true 
2026-04-20T18:32:53.413+08:00 DEBUG 151 --- [   XNIO-1 I/O-9] io.undertow.request                      : Timing out idle connection from /172.19.0.16:43298 
2026-04-20T18:32:54.099+08:00 DEBUG 151 --- [  XNIO-1 task-3] io.undertow.request.security             : Attempting to authenticate /api/ingestion/tasks/list, authentication required: false 
2026-04-20T18:32:54.099+08:00 DEBUG 151 --- [  XNIO-1 task-3] io.undertow.request.security             : Authentication outcome was NOT_ATTEMPTED with method io.undertow.security.impl.CachedAuthenticatedSessionMechanism@72916f2a for /api/ingestion/tasks/list 
2026-04-20T18:32:54.099+08:00 DEBUG 151 --- [  XNIO-1 task-3] io.undertow.request.security             : Authentication result was ATTEMPTED for /api/ingestion/tasks/list 
2026-04-20T18:32:54.104+08:00 DEBUG 151 --- [  XNIO-1 task-3] org.postgresql.jdbc.PgConnection         :   setReadOnly = true 
2026-04-20T18:32:54.104+08:00 DEBUG 151 --- [  XNIO-1 task-3] org.postgresql.jdbc.PgConnection         :   setAutoCommit = false 
2026-04-20T18:32:54.105+08:00 DEBUG 151 --- [  XNIO-1 task-3] org.postgresql.jdbc.PgConnection         :   setAutoCommit = true 
2026-04-20T18:32:54.105+08:00 DEBUG 151 --- [  XNIO-1 task-3] org.postgresql.jdbc.PgConnection         :   setReadOnly = false 
2026-04-20T18:32:54.107+08:00 DEBUG 151 --- [  XNIO-1 task-3] io.undertow.request.security             : Attempting to authenticate /api/ingestion/tasks/1/executions, authentication required: false 
2026-04-20T18:32:54.107+08:00 DEBUG 151 --- [  XNIO-1 task-3] io.undertow.request.security             : Authentication outcome was NOT_ATTEMPTED with method io.undertow.security.impl.CachedAuthenticatedSessionMechanism@72916f2a for /api/ingestion/tasks/1/executions 
2026-04-20T18:32:54.107+08:00 DEBUG 151 --- [  XNIO-1 task-3] io.undertow.request.security             : Authentication result was ATTEMPTED for /api/ingestion/tasks/1/executions 
2026-04-20T18:32:54.108+08:00 DEBUG 151 --- [  XNIO-1 task-3] org.postgresql.jdbc.PgConnection         :   setAutoCommit = false 
2026-04-20T18:32:54.110+08:00 DEBUG 151 --- [  XNIO-1 task-3] org.postgresql.jdbc.PgConnection         :   setAutoCommit = true 
2026-04-20T18:33:04.195+08:00 DEBUG 151 --- [   scheduling-1] org.postgresql.jdbc.PgConnection         :   setAutoCommit = false 
2026-04-20T18:33:04.196+08:00 DEBUG 151 --- [   scheduling-1] org.postgresql.jdbc.PgConnection         :   setAutoCommit = true 
2026-04-20T18:33:15.491+08:00 DEBUG 151 --- [   scheduling-1] org.postgresql.jdbc.PgConnection         :   setAutoCommit = false 
2026-04-20T18:33:15.492+08:00 DEBUG 151 --- [   scheduling-1] org.postgresql.jdbc.PgConnection         :   setAutoCommit = true 
2026-04-20T18:33:19.197+08:00 DEBUG 151 --- [   scheduling-1] org.postgresql.jdbc.PgConnection         :   setAutoCommit = false 
2026-04-20T18:33:19.201+08:00 DEBUG 151 --- [   scheduling-1] org.postgresql.jdbc.PgConnection         :   setAutoCommit = true 
2026-04-20T18:33:34.202+08:00 DEBUG 151 --- [   scheduling-1] org.postgresql.jdbc.PgConnection         :   setAutoCommit = false 
2026-04-20T18:33:34.206+08:00 DEBUG 151 --- [   scheduling-1] org.postgresql.jdbc.PgConnection         :   setAutoCommit = true 
2026-04-20T18:33:45.493+08:00 DEBUG 151 --- [   scheduling-1] org.postgresql.jdbc.PgConnection         :   setAutoCommit = false 
2026-04-20T18:33:45.494+08:00 DEBUG 151 --- [   scheduling-1] org.postgresql.jdbc.PgConnection         :   setAutoCommit = true 
2026-04-20T18:33:49.207+08:00 DEBUG 151 --- [   scheduling-1] org.postgresql.jdbc.PgConnection         :   setAutoCommit = false 
2026-04-20T18:33:49.211+08:00 DEBUG 151 --- [   scheduling-1] org.postgresql.jdbc.PgConnection         :   setAutoCommit = true 
2026-04-20T18:33:54.248+08:00 DEBUG 151 --- [   XNIO-1 I/O-8] io.undertow.request                      : Timing out idle connection from /172.19.0.16:60258 
2026-04-20T18:33:54.927+08:00 DEBUG 151 --- [  XNIO-1 task-3] io.undertow.request.security             : Attempting to authenticate /api/ingestion/tasks/list, authentication required: false 
2026-04-20T18:33:54.927+08:00 DEBUG 151 --- [  XNIO-1 task-3] io.undertow.request.security             : Authentication outcome was NOT_ATTEMPTED with method io.undertow.security.impl.CachedAuthenticatedSessionMechanism@72916f2a for /api/ingestion/tasks/list 
2026-04-20T18:33:54.927+08:00 DEBUG 151 --- [  XNIO-1 task-3] io.undertow.request.security             : Authentication result was ATTEMPTED for /api/ingestion/tasks/list 
2026-04-20T18:33:54.931+08:00 DEBUG 151 --- [  XNIO-1 task-3] org.postgresql.jdbc.PgConnection         :   setReadOnly = true 
2026-04-20T18:33:54.931+08:00 DEBUG 151 --- [  XNIO-1 task-3] org.postgresql.jdbc.PgConnection         :   setAutoCommit = false 
2026-04-20T18:33:54.935+08:00 DEBUG 151 --- [  XNIO-1 task-3] org.postgresql.jdbc.PgConnection         :   setAutoCommit = true 
2026-04-20T18:33:54.935+08:00 DEBUG 151 --- [  XNIO-1 task-3] org.postgresql.jdbc.PgConnection         :   setReadOnly = false 
2026-04-20T18:33:54.940+08:00 DEBUG 151 --- [  XNIO-1 task-3] io.undertow.request.security             : Attempting to authenticate /api/ingestion/tasks/1/executions, authentication required: false 
2026-04-20T18:33:54.941+08:00 DEBUG 151 --- [  XNIO-1 task-3] io.undertow.request.security             : Authentication outcome was NOT_ATTEMPTED with method io.undertow.security.impl.CachedAuthenticatedSessionMechanism@72916f2a for /api/ingestion/tasks/1/executions 
2026-04-20T18:33:54.941+08:00 DEBUG 151 --- [  XNIO-1 task-3] io.undertow.request.security             : Authentication result was ATTEMPTED for /api/ingestion/tasks/1/executions 
2026-04-20T18:33:54.944+08:00 DEBUG 151 --- [  XNIO-1 task-3] org.postgresql.jdbc.PgConnection         :   setAutoCommit = false 
2026-04-20T18:33:54.951+08:00 DEBUG 151 --- [  XNIO-1 task-3] org.postgresql.jdbc.PgConnection         :   setAutoCommit = true 
2026-04-20T18:34:02.353+08:00 DEBUG 151 --- [onnection adder] org.postgresql.Driver                    : Connecting with URL: jdbc:postgresql://dts-pg:5432/dts_platform 
2026-04-20T18:34:02.354+08:00 DEBUG 151 --- [onnection adder] org.postgresql.jdbc.PgConnection         : PostgreSQL JDBC Driver 42.7.5 
2026-04-20T18:34:02.357+08:00 DEBUG 151 --- [onnection adder] org.postgresql.jdbc.PgConnection         :   setDefaultFetchSize = 0 
2026-04-20T18:34:02.357+08:00 DEBUG 151 --- [onnection adder] org.postgresql.jdbc.PgConnection         :   setPrepareThreshold = 5 
2026-04-20T18:34:02.358+08:00 DEBUG 151 --- [onnection adder] o.p.core.v3.ConnectionFactoryImpl        : Trying to establish a protocol version 3 connection to dts-pg:5432 
2026-04-20T18:34:02.359+08:00 DEBUG 151 --- [onnection adder] o.p.core.v3.ConnectionFactoryImpl        : Receive Buffer Size is 65,536 
2026-04-20T18:34:02.359+08:00 DEBUG 151 --- [onnection adder] o.p.core.v3.ConnectionFactoryImpl        : Send Buffer Size is 43,520 
2026-04-20T18:34:04.213+08:00 DEBUG 151 --- [   scheduling-1] org.postgresql.jdbc.PgConnection         :   setAutoCommit = false 
2026-04-20T18:34:04.218+08:00 DEBUG 151 --- [   scheduling-1] org.postgresql.jdbc.PgConnection         :   setAutoCommit = true 
2026-04-20T18:34:14.259+08:00 DEBUG 151 --- [onnection adder] org.postgresql.Driver                    : Connecting with URL: jdbc:postgresql://dts-pg:5432/dts_platform 
2026-04-20T18:34:14.259+08:00 DEBUG 151 --- [onnection adder] org.postgresql.jdbc.PgConnection         : PostgreSQL JDBC Driver 42.7.5 
2026-04-20T18:34:14.259+08:00 DEBUG 151 --- [onnection adder] org.postgresql.jdbc.PgConnection         :   setDefaultFetchSize = 0 
2026-04-20T18:34:14.259+08:00 DEBUG 151 --- [onnection adder] org.postgresql.jdbc.PgConnection         :   setPrepareThreshold = 5 
2026-04-20T18:34:14.259+08:00 DEBUG 151 --- [onnection adder] o.p.core.v3.ConnectionFactoryImpl        : Trying to establish a protocol version 3 connection to dts-pg:5432 
2026-04-20T18:34:14.259+08:00 DEBUG 151 --- [onnection adder] o.p.core.v3.ConnectionFactoryImpl        : Receive Buffer Size is 65,536 
2026-04-20T18:34:14.259+08:00 DEBUG 151 --- [onnection adder] o.p.core.v3.ConnectionFactoryImpl        : Send Buffer Size is 43,520 
2026-04-20T18:34:15.495+08:00 DEBUG 151 --- [   scheduling-1] org.postgresql.jdbc.PgConnection         :   setAutoCommit = false 
2026-04-20T18:34:15.498+08:00 DEBUG 151 --- [   scheduling-1] org.postgresql.jdbc.PgConnection         :   setAutoCommit = true 
2026-04-20T18:34:19.219+08:00 DEBUG 151 --- [   scheduling-1] org.postgresql.jdbc.PgConnection         :   setAutoCommit = false 
2026-04-20T18:34:19.225+08:00 DEBUG 151 --- [   scheduling-1] org.postgresql.jdbc.PgConnection         :   setAutoCommit = true 
2026-04-20T18:34:31.960+08:00 DEBUG 151 --- [onnection adder] org.postgresql.Driver                    : Connecting with URL: jdbc:postgresql://dts-pg:5432/dts_platform 
2026-04-20T18:34:31.961+08:00 DEBUG 151 --- [onnection adder] org.postgresql.jdbc.PgConnection         : PostgreSQL JDBC Driver 42.7.5 
2026-04-20T18:34:31.961+08:00 DEBUG 151 --- [onnection adder] org.postgresql.jdbc.PgConnection         :   setDefaultFetchSize = 0 
2026-04-20T18:34:31.961+08:00 DEBUG 151 --- [onnection adder] org.postgresql.jdbc.PgConnection         :   setPrepareThreshold = 5 
2026-04-20T18:34:31.961+08:00 DEBUG 151 --- [onnection adder] o.p.core.v3.ConnectionFactoryImpl        : Trying to establish a protocol version 3 connection to dts-pg:5432 
2026-04-20T18:34:31.962+08:00 DEBUG 151 --- [onnection adder] o.p.core.v3.ConnectionFactoryImpl        : Receive Buffer Size is 65,536 
2026-04-20T18:34:31.963+08:00 DEBUG 151 --- [onnection adder] o.p.core.v3.ConnectionFactoryImpl        : Send Buffer Size is 43,520 
2026-04-20T18:34:34.226+08:00 DEBUG 151 --- [   scheduling-1] org.postgresql.jdbc.PgConnection         :   setAutoCommit = false 
2026-04-20T18:34:34.229+08:00 DEBUG 151 --- [   scheduling-1] org.postgresql.jdbc.PgConnection         :   setAutoCommit = true 
2026-04-20T18:34:45.498+08:00 DEBUG 151 --- [   scheduling-1] org.postgresql.jdbc.PgConnection         :   setAutoCommit = false 
2026-04-20T18:34:45.500+08:00 DEBUG 151 --- [   scheduling-1] org.postgresql.jdbc.PgConnection         :   setAutoCommit = true 
2026-04-20T18:34:49.230+08:00 DEBUG 151 --- [   scheduling-1] org.postgresql.jdbc.PgConnection         :   setAutoCommit = false 
2026-04-20T18:34:49.234+08:00 DEBUG 151 --- [   scheduling-1] org.postgresql.jdbc.PgConnection         :   setAutoCommit = true 
2026-04-20T18:34:55.042+08:00 DEBUG 151 --- [   XNIO-1 I/O-2] io.undertow.request                      : Timing out idle connection from /172.19.0.16:43484 
2026-04-20T18:34:55.773+08:00 DEBUG 151 --- [  XNIO-1 task-3] io.undertow.request.security             : Attempting to authenticate /api/ingestion/tasks/list, authentication required: false 
2026-04-20T18:34:55.773+08:00 DEBUG 151 --- [  XNIO-1 task-3] io.undertow.request.security             : Authentication outcome was NOT_ATTEMPTED with method io.undertow.security.impl.CachedAuthenticatedSessionMechanism@72916f2a for /api/ingestion/tasks/list 
2026-04-20T18:34:55.773+08:00 DEBUG 151 --- [  XNIO-1 task-3] io.undertow.request.security             : Authentication result was ATTEMPTED for /api/ingestion/tasks/list 
2026-04-20T18:34:55.776+08:00 DEBUG 151 --- [  XNIO-1 task-3] org.postgresql.jdbc.PgConnection         :   setReadOnly = true 
2026-04-20T18:34:55.776+08:00 DEBUG 151 --- [  XNIO-1 task-3] org.postgresql.jdbc.PgConnection         :   setAutoCommit = false 
2026-04-20T18:34:55.786+08:00 DEBUG 151 --- [  XNIO-1 task-3] org.postgresql.jdbc.PgConnection         :   setAutoCommit = true 
2026-04-20T18:34:55.786+08:00 DEBUG 151 --- [  XNIO-1 task-3] org.postgresql.jdbc.PgConnection         :   setReadOnly = false 
2026-04-20T18:34:55.792+08:00 DEBUG 151 --- [  XNIO-1 task-3] io.undertow.request.security             : Attempting to authenticate /api/ingestion/tasks/1/executions, authentication required: false 
2026-04-20T18:34:55.792+08:00 DEBUG 151 --- [  XNIO-1 task-3] io.undertow.request.security             : Authentication outcome was NOT_ATTEMPTED with method io.undertow.security.impl.CachedAuthenticatedSessionMechanism@72916f2a for /api/ingestion/tasks/1/executions 
2026-04-20T18:34:55.792+08:00 DEBUG 151 --- [  XNIO-1 task-3] io.undertow.request.security             : Authentication result was ATTEMPTED for /api/ingestion/tasks/1/executions 
2026-04-20T18:34:55.795+08:00 DEBUG 151 --- [  XNIO-1 task-3] org.postgresql.jdbc.PgConnection         :   setAutoCommit = false 
2026-04-20T18:34:55.803+08:00 DEBUG 151 --- [  XNIO-1 task-3] org.postgresql.jdbc.PgConnection         :   setAutoCommit = true 
2026-04-20T18:34:56.727+08:00 DEBUG 151 --- [onnection adder] org.postgresql.Driver                    : Connecting with URL: jdbc:postgresql://dts-pg:5432/dts_platform 
2026-04-20T18:34:56.727+08:00 DEBUG 151 --- [onnection adder] org.postgresql.jdbc.PgConnection         : PostgreSQL JDBC Driver 42.7.5 
2026-04-20T18:34:56.727+08:00 DEBUG 151 --- [onnection adder] org.postgresql.jdbc.PgConnection         :   setDefaultFetchSize = 0 
2026-04-20T18:34:56.727+08:00 DEBUG 151 --- [onnection adder] org.postgresql.jdbc.PgConnection         :   setPrepareThreshold = 5 
2026-04-20T18:34:56.727+08:00 DEBUG 151 --- [onnection adder] o.p.core.v3.ConnectionFactoryImpl        : Trying to establish a protocol version 3 connection to dts-pg:5432 
2026-04-20T18:34:56.728+08:00 DEBUG 151 --- [onnection adder] o.p.core.v3.ConnectionFactoryImpl        : Receive Buffer Size is 65,536 
2026-04-20T18:34:56.728+08:00 DEBUG 151 --- [onnection adder] o.p.core.v3.ConnectionFactoryImpl        : Send Buffer Size is 43,520 
2026-04-20T18:35:04.236+08:00 DEBUG 151 --- [   scheduling-1] org.postgresql.jdbc.PgConnection         :   setAutoCommit = false 
2026-04-20T18:35:04.246+08:00 DEBUG 151 --- [   scheduling-1] org.postgresql.jdbc.PgConnection         :   setAutoCommit = true 
2026-04-20T18:35:07.805+08:00 DEBUG 151 --- [onnection adder] org.postgresql.Driver                    : Connecting with URL: jdbc:postgresql://dts-pg:5432/dts_platform 
2026-04-20T18:35:07.805+08:00 DEBUG 151 --- [onnection adder] org.postgresql.jdbc.PgConnection         : PostgreSQL JDBC Driver 42.7.5 
2026-04-20T18:35:07.806+08:00 DEBUG 151 --- [onnection adder] org.postgresql.jdbc.PgConnection         :   setDefaultFetchSize = 0 
2026-04-20T18:35:07.806+08:00 DEBUG 151 --- [onnection adder] org.postgresql.jdbc.PgConnection         :   setPrepareThreshold = 5 
2026-04-20T18:35:07.806+08:00 DEBUG 151 --- [onnection adder] o.p.core.v3.ConnectionFactoryImpl        : Trying to establish a protocol version 3 connection to dts-pg:5432 
2026-04-20T18:35:07.807+08:00 DEBUG 151 --- [onnection adder] o.p.core.v3.ConnectionFactoryImpl        : Receive Buffer Size is 65,536 
2026-04-20T18:35:07.807+08:00 DEBUG 151 --- [onnection adder] o.p.core.v3.ConnectionFactoryImpl        : Send Buffer Size is 43,520 
2026-04-20T18:35:11.548+08:00 DEBUG 151 --- [onnection adder] org.postgresql.Driver                    : Connecting with URL: jdbc:postgresql://dts-pg:5432/dts_platform 
2026-04-20T18:35:11.548+08:00 DEBUG 151 --- [onnection adder] org.postgresql.jdbc.PgConnection         : PostgreSQL JDBC Driver 42.7.5 
2026-04-20T18:35:11.548+08:00 DEBUG 151 --- [onnection adder] org.postgresql.jdbc.PgConnection         :   setDefaultFetchSize = 0 
2026-04-20T18:35:11.548+08:00 DEBUG 151 --- [onnection adder] org.postgresql.jdbc.PgConnection         :   setPrepareThreshold = 5 
2026-04-20T18:35:11.549+08:00 DEBUG 151 --- [onnection adder] o.p.core.v3.ConnectionFactoryImpl        : Trying to establish a protocol version 3 connection to dts-pg:5432 
2026-04-20T18:35:11.549+08:00 DEBUG 151 --- [onnection adder] o.p.core.v3.ConnectionFactoryImpl        : Receive Buffer Size is 65,536 
2026-04-20T18:35:11.549+08:00 DEBUG 151 --- [onnection adder] o.p.core.v3.ConnectionFactoryImpl        : Send Buffer Size is 43,520 
2026-04-20T18:35:15.501+08:00 DEBUG 151 --- [   scheduling-1] org.postgresql.jdbc.PgConnection         :   setAutoCommit = false 
2026-04-20T18:35:15.509+08:00 DEBUG 151 --- [   scheduling-1] org.postgresql.jdbc.PgConnection         :   setAutoCommit = true 
2026-04-20T18:35:19.248+08:00 DEBUG 151 --- [   scheduling-1] org.postgresql.jdbc.PgConnection         :   setAutoCommit = false 
2026-04-20T18:35:19.252+08:00 DEBUG 151 --- [   scheduling-1] org.postgresql.jdbc.PgConnection         :   setAutoCommit = true 
2026-04-20T18:35:28.399+08:00 DEBUG 151 --- [onnection adder] org.postgresql.Driver                    : Connecting with URL: jdbc:postgresql://dts-pg:5432/dts_platform 
2026-04-20T18:35:28.399+08:00 DEBUG 151 --- [onnection adder] org.postgresql.jdbc.PgConnection         : PostgreSQL JDBC Driver 42.7.5 
2026-04-20T18:35:28.399+08:00 DEBUG 151 --- [onnection adder] org.postgresql.jdbc.PgConnection         :   setDefaultFetchSize = 0 
2026-04-20T18:35:28.399+08:00 DEBUG 151 --- [onnection adder] org.postgresql.jdbc.PgConnection         :   setPrepareThreshold = 5 
2026-04-20T18:35:28.400+08:00 DEBUG 151 --- [onnection adder] o.p.core.v3.ConnectionFactoryImpl        : Trying to establish a protocol version 3 connection to dts-pg:5432 
2026-04-20T18:35:28.401+08:00 DEBUG 151 --- [onnection adder] o.p.core.v3.ConnectionFactoryImpl        : Receive Buffer Size is 65,536 
2026-04-20T18:35:28.402+08:00 DEBUG 151 --- [onnection adder] o.p.core.v3.ConnectionFactoryImpl        : Send Buffer Size is 43,520 
2026-04-20T18:35:29.923+08:00 DEBUG 151 --- [onnection adder] org.postgresql.Driver                    : Connecting with URL: jdbc:postgresql://dts-pg:5432/dts_platform 
2026-04-20T18:35:29.923+08:00 DEBUG 151 --- [onnection adder] org.postgresql.jdbc.PgConnection         : PostgreSQL JDBC Driver 42.7.5 
2026-04-20T18:35:29.923+08:00 DEBUG 151 --- [onnection adder] org.postgresql.jdbc.PgConnection         :   setDefaultFetchSize = 0 
2026-04-20T18:35:29.923+08:00 DEBUG 151 --- [onnection adder] org.postgresql.jdbc.PgConnection         :   setPrepareThreshold = 5 
2026-04-20T18:35:29.923+08:00 DEBUG 151 --- [onnection adder] o.p.core.v3.ConnectionFactoryImpl        : Trying to establish a protocol version 3 connection to dts-pg:5432 
2026-04-20T18:35:29.923+08:00 DEBUG 151 --- [onnection adder] o.p.core.v3.ConnectionFactoryImpl        : Receive Buffer Size is 65,536 
2026-04-20T18:35:29.923+08:00 DEBUG 151 --- [onnection adder] o.p.core.v3.ConnectionFactoryImpl        : Send Buffer Size is 43,520 
2026-04-20T18:35:34.254+08:00 DEBUG 151 --- [   scheduling-1] org.postgresql.jdbc.PgConnection         :   setAutoCommit = false 
2026-04-20T18:35:34.265+08:00 DEBUG 151 --- [   scheduling-1] org.postgresql.jdbc.PgConnection         :   setAutoCommit = true 
2026-04-20T18:35:40.841+08:00 DEBUG 151 --- [onnection adder] org.postgresql.Driver                    : Connecting with URL: jdbc:postgresql://dts-pg:5432/dts_platform 
2026-04-20T18:35:40.841+08:00 DEBUG 151 --- [onnection adder] org.postgresql.jdbc.PgConnection         : PostgreSQL JDBC Driver 42.7.5 
2026-04-20T18:35:40.842+08:00 DEBUG 151 --- [onnection adder] org.postgresql.jdbc.PgConnection         :   setDefaultFetchSize = 0 
2026-04-20T18:35:40.842+08:00 DEBUG 151 --- [onnection adder] org.postgresql.jdbc.PgConnection         :   setPrepareThreshold = 5 
2026-04-20T18:35:40.842+08:00 DEBUG 151 --- [onnection adder] o.p.core.v3.ConnectionFactoryImpl        : Trying to establish a protocol version 3 connection to dts-pg:5432 
2026-04-20T18:35:40.843+08:00 DEBUG 151 --- [onnection adder] o.p.core.v3.ConnectionFactoryImpl        : Receive Buffer Size is 65,536 
2026-04-20T18:35:40.843+08:00 DEBUG 151 --- [onnection adder] o.p.core.v3.ConnectionFactoryImpl        : Send Buffer Size is 43,520 
2026-04-20T18:35:45.511+08:00 DEBUG 151 --- [   scheduling-1] org.postgresql.jdbc.PgConnection         :   setAutoCommit = false 
2026-04-20T18:35:45.519+08:00 DEBUG 151 --- [   scheduling-1] org.postgresql.jdbc.PgConnection         :   setAutoCommit = true 
2026-04-20T18:35:49.266+08:00 DEBUG 151 --- [   scheduling-1] org.postgresql.jdbc.PgConnection         :   setAutoCommit = false 
2026-04-20T18:35:49.273+08:00 DEBUG 151 --- [   scheduling-1] org.postgresql.jdbc.PgConnection         :   setAutoCommit = true 
2026-04-20T18:35:55.922+08:00 DEBUG 151 --- [  XNIO-1 I/O-11] io.undertow.request                      : Timing out idle connection from /172.19.0.16:52948 
2026-04-20T18:35:56.613+08:00 DEBUG 151 --- [  XNIO-1 task-3] io.undertow.request.security             : Attempting to authenticate /api/ingestion/tasks/list, authentication required: false 
2026-04-20T18:35:56.613+08:00 DEBUG 151 --- [  XNIO-1 task-3] io.undertow.request.security             : Authentication outcome was NOT_ATTEMPTED with method io.undertow.security.impl.CachedAuthenticatedSessionMechanism@72916f2a for /api/ingestion/tasks/list 
2026-04-20T18:35:56.613+08:00 DEBUG 151 --- [  XNIO-1 task-3] io.undertow.request.security             : Authentication result was ATTEMPTED for /api/ingestion/tasks/list 
2026-04-20T18:35:56.614+08:00 DEBUG 151 --- [  XNIO-1 task-3] org.postgresql.jdbc.PgConnection         :   setReadOnly = true 
2026-04-20T18:35:56.614+08:00 DEBUG 151 --- [  XNIO-1 task-3] org.postgresql.jdbc.PgConnection         :   setAutoCommit = false 
2026-04-20T18:35:56.616+08:00 DEBUG 151 --- [  XNIO-1 task-3] org.postgresql.jdbc.PgConnection         :   setAutoCommit = true 
2026-04-20T18:35:56.616+08:00 DEBUG 151 --- [  XNIO-1 task-3] org.postgresql.jdbc.PgConnection         :   setReadOnly = false 
2026-04-20T18:35:56.617+08:00 DEBUG 151 --- [  XNIO-1 task-3] io.undertow.request.security             : Attempting to authenticate /api/ingestion/tasks/1/executions, authentication required: false 
2026-04-20T18:35:56.617+08:00 DEBUG 151 --- [  XNIO-1 task-3] io.undertow.request.security             : Authentication outcome was NOT_ATTEMPTED with method io.undertow.security.impl.CachedAuthenticatedSessionMechanism@72916f2a for /api/ingestion/tasks/1/executions 
2026-04-20T18:35:56.617+08:00 DEBUG 151 --- [  XNIO-1 task-3] io.undertow.request.security             : Authentication result was ATTEMPTED for /api/ingestion/tasks/1/executions 
2026-04-20T18:35:56.618+08:00 DEBUG 151 --- [  XNIO-1 task-3] org.postgresql.jdbc.PgConnection         :   setAutoCommit = false 
2026-04-20T18:35:56.620+08:00 DEBUG 151 --- [  XNIO-1 task-3] org.postgresql.jdbc.PgConnection         :   setAutoCommit = true 
2026-04-20T18:36:04.274+08:00 DEBUG 151 --- [   scheduling-1] org.postgresql.jdbc.PgConnection         :   setAutoCommit = false 
2026-04-20T18:36:04.275+08:00 DEBUG 151 --- [   scheduling-1] org.postgresql.jdbc.PgConnection         :   setAutoCommit = true 
2026-04-20T18:36:15.520+08:00 DEBUG 151 --- [   scheduling-1] org.postgresql.jdbc.PgConnection         :   setAutoCommit = false 
2026-04-20T18:36:15.522+08:00 DEBUG 151 --- [   scheduling-1] org.postgresql.jdbc.PgConnection         :   setAutoCommit = true 
2026-04-20T18:36:19.276+08:00 DEBUG 151 --- [   scheduling-1] org.postgresql.jdbc.PgConnection         :   setAutoCommit = false 
2026-04-20T18:36:19.278+08:00 DEBUG 151 --- [   scheduling-1] org.postgresql.jdbc.PgConnection         :   setAutoCommit = true 
2026-04-20T18:36:34.279+08:00 DEBUG 151 --- [   scheduling-1] org.postgresql.jdbc.PgConnection         :   setAutoCommit = false 
2026-04-20T18:36:34.283+08:00 DEBUG 151 --- [   scheduling-1] org.postgresql.jdbc.PgConnection         :   setAutoCommit = true 
2026-04-20T18:36:45.523+08:00 DEBUG 151 --- [   scheduling-1] org.postgresql.jdbc.PgConnection         :   setAutoCommit = false 
2026-04-20T18:36:45.524+08:00 DEBUG 151 --- [   scheduling-1] org.postgresql.jdbc.PgConnection         :   setAutoCommit = true 
2026-04-20T18:36:47.192+08:00 DEBUG 151 --- [onnection adder] org.postgresql.Driver                    : Connecting with URL: jdbc:postgresql://dts-pg:5432/dts_platform 
2026-04-20T18:36:47.192+08:00 DEBUG 151 --- [onnection adder] org.postgresql.jdbc.PgConnection         : PostgreSQL JDBC Driver 42.7.5 
2026-04-20T18:36:47.192+08:00 DEBUG 151 --- [onnection adder] org.postgresql.jdbc.PgConnection         :   setDefaultFetchSize = 0 
2026-04-20T18:36:47.192+08:00 DEBUG 151 --- [onnection adder] org.postgresql.jdbc.PgConnection         :   setPrepareThreshold = 5 
2026-04-20T18:36:47.192+08:00 DEBUG 151 --- [onnection adder] o.p.core.v3.ConnectionFactoryImpl        : Trying to establish a protocol version 3 connection to dts-pg:5432 
2026-04-20T18:36:47.193+08:00 DEBUG 151 --- [onnection adder] o.p.core.v3.ConnectionFactoryImpl        : Receive Buffer Size is 65,536 
2026-04-20T18:36:47.193+08:00 DEBUG 151 --- [onnection adder] o.p.core.v3.ConnectionFactoryImpl        : Send Buffer Size is 43,520 
2026-04-20T18:36:49.285+08:00 DEBUG 151 --- [   scheduling-1] org.postgresql.jdbc.PgConnection         :   setAutoCommit = false 
2026-04-20T18:36:49.297+08:00 DEBUG 151 --- [   scheduling-1] org.postgresql.jdbc.PgConnection         :   setAutoCommit = true 
2026-04-20T18:36:56.763+08:00 DEBUG 151 --- [   XNIO-1 I/O-7] io.undertow.request                      : Timing out idle connection from /172.19.0.16:48356 
2026-04-20T18:36:57.384+08:00 DEBUG 151 --- [  XNIO-1 task-3] io.undertow.request.security             : Attempting to authenticate /api/ingestion/tasks/list, authentication required: false 
2026-04-20T18:36:57.384+08:00 DEBUG 151 --- [  XNIO-1 task-3] io.undertow.request.security             : Authentication outcome was NOT_ATTEMPTED with method io.undertow.security.impl.CachedAuthenticatedSessionMechanism@72916f2a for /api/ingestion/tasks/list 
2026-04-20T18:36:57.384+08:00 DEBUG 151 --- [  XNIO-1 task-3] io.undertow.request.security             : Authentication result was ATTEMPTED for /api/ingestion/tasks/list 
2026-04-20T18:36:57.388+08:00 DEBUG 151 --- [  XNIO-1 task-3] org.postgresql.jdbc.PgConnection         :   setReadOnly = true 
2026-04-20T18:36:57.388+08:00 DEBUG 151 --- [  XNIO-1 task-3] org.postgresql.jdbc.PgConnection         :   setAutoCommit = false 
2026-04-20T18:36:57.394+08:00 DEBUG 151 --- [  XNIO-1 task-3] org.postgresql.jdbc.PgConnection         :   setAutoCommit = true 
2026-04-20T18:36:57.395+08:00 DEBUG 151 --- [  XNIO-1 task-3] org.postgresql.jdbc.PgConnection         :   setReadOnly = false 
2026-04-20T18:36:57.396+08:00 DEBUG 151 --- [  XNIO-1 task-3] io.undertow.request.security             : Attempting to authenticate /api/ingestion/tasks/1/executions, authentication required: false 
2026-04-20T18:36:57.396+08:00 DEBUG 151 --- [  XNIO-1 task-3] io.undertow.request.security             : Authentication outcome was NOT_ATTEMPTED with method io.undertow.security.impl.CachedAuthenticatedSessionMechanism@72916f2a for /api/ingestion/tasks/1/executions 
2026-04-20T18:36:57.396+08:00 DEBUG 151 --- [  XNIO-1 task-3] io.undertow.request.security             : Authentication result was ATTEMPTED for /api/ingestion/tasks/1/executions 
2026-04-20T18:36:57.397+08:00 DEBUG 151 --- [  XNIO-1 task-3] org.postgresql.jdbc.PgConnection         :   setAutoCommit = false 
2026-04-20T18:36:57.399+08:00 DEBUG 151 --- [  XNIO-1 task-3] org.postgresql.jdbc.PgConnection         :   setAutoCommit = true 
2026-04-20T18:37:04.298+08:00 DEBUG 151 --- [   scheduling-1] org.postgresql.jdbc.PgConnection         :   setAutoCommit = false 
2026-04-20T18:37:04.303+08:00 DEBUG 151 --- [   scheduling-1] org.postgresql.jdbc.PgConnection         :   setAutoCommit = true 
2026-04-20T18:37:15.525+08:00 DEBUG 151 --- [   scheduling-1] org.postgresql.jdbc.PgConnection         :   setAutoCommit = false 
2026-04-20T18:37:15.528+08:00 DEBUG 151 --- [   scheduling-1] org.postgresql.jdbc.PgConnection         :   setAutoCommit = true 
2026-04-20T18:37:19.304+08:00 DEBUG 151 --- [   scheduling-1] org.postgresql.jdbc.PgConnection         :   setAutoCommit = false 
2026-04-20T18:37:19.306+08:00 DEBUG 151 --- [   scheduling-1] org.postgresql.jdbc.PgConnection         :   setAutoCommit = true 
2026-04-20T18:37:34.307+08:00 DEBUG 151 --- [   scheduling-1] org.postgresql.jdbc.PgConnection         :   setAutoCommit = false 
2026-04-20T18:37:34.308+08:00 DEBUG 151 --- [   scheduling-1] org.postgresql.jdbc.PgConnection         :   setAutoCommit = true 
2026-04-20T18:37:45.529+08:00 DEBUG 151 --- [   scheduling-1] org.postgresql.jdbc.PgConnection         :   setAutoCommit = false 
2026-04-20T18:37:45.530+08:00 DEBUG 151 --- [   scheduling-1] org.postgresql.jdbc.PgConnection         :   setAutoCommit = true 
2026-04-20T18:37:49.309+08:00 DEBUG 151 --- [   scheduling-1] org.postgresql.jdbc.PgConnection         :   setAutoCommit = false 
2026-04-20T18:37:49.311+08:00 DEBUG 151 --- [   scheduling-1] org.postgresql.jdbc.PgConnection         :   setAutoCommit = true 
2026-04-20T18:37:57.457+08:00 DEBUG 151 --- [   XNIO-1 I/O-7] io.undertow.request                      : Timing out idle connection from /172.19.0.16:49810 
2026-04-20T18:37:58.190+08:00 DEBUG 151 --- [  XNIO-1 task-3] io.undertow.request.security             : Attempting to authenticate /api/ingestion/tasks/list, authentication required: false 
2026-04-20T18:37:58.190+08:00 DEBUG 151 --- [  XNIO-1 task-3] io.undertow.request.security             : Authentication outcome was NOT_ATTEMPTED with method io.undertow.security.impl.CachedAuthenticatedSessionMechanism@72916f2a for /api/ingestion/tasks/list 
2026-04-20T18:37:58.190+08:00 DEBUG 151 --- [  XNIO-1 task-3] io.undertow.request.security             : Authentication result was ATTEMPTED for /api/ingestion/tasks/list 
2026-04-20T18:37:58.194+08:00 DEBUG 151 --- [  XNIO-1 task-3] org.postgresql.jdbc.PgConnection         :   setReadOnly = true 
2026-04-20T18:37:58.194+08:00 DEBUG 151 --- [  XNIO-1 task-3] org.postgresql.jdbc.PgConnection         :   setAutoCommit = false 
2026-04-20T18:37:58.198+08:00 DEBUG 151 --- [  XNIO-1 task-3] org.postgresql.jdbc.PgConnection         :   setAutoCommit = true 
2026-04-20T18:37:58.198+08:00 DEBUG 151 --- [  XNIO-1 task-3] org.postgresql.jdbc.PgConnection         :   setReadOnly = false 
2026-04-20T18:37:58.203+08:00 DEBUG 151 --- [  XNIO-1 task-3] io.undertow.request.security             : Attempting to authenticate /api/ingestion/tasks/1/executions, authentication required: false 
2026-04-20T18:37:58.203+08:00 DEBUG 151 --- [  XNIO-1 task-3] io.undertow.request.security             : Authentication outcome was NOT_ATTEMPTED with method io.undertow.security.impl.CachedAuthenticatedSessionMechanism@72916f2a for /api/ingestion/tasks/1/executions 
2026-04-20T18:37:58.203+08:00 DEBUG 151 --- [  XNIO-1 task-3] io.undertow.request.security             : Authentication result was ATTEMPTED for /api/ingestion/tasks/1/executions 
2026-04-20T18:37:58.206+08:00 DEBUG 151 --- [  XNIO-1 task-3] org.postgresql.jdbc.PgConnection         :   setAutoCommit = false 
2026-04-20T18:37:58.214+08:00 DEBUG 151 --- [  XNIO-1 task-3] org.postgresql.jdbc.PgConnection         :   setAutoCommit = true 
2026-04-20T18:38:04.312+08:00 DEBUG 151 --- [   scheduling-1] org.postgresql.jdbc.PgConnection         :   setAutoCommit = false 
2026-04-20T18:38:04.313+08:00 DEBUG 151 --- [   scheduling-1] org.postgresql.jdbc.PgConnection         :   setAutoCommit = true 
2026-04-20T18:38:15.531+08:00 DEBUG 151 --- [   scheduling-1] org.postgresql.jdbc.PgConnection         :   setAutoCommit = false 
2026-04-20T18:38:15.532+08:00 DEBUG 151 --- [   scheduling-1] org.postgresql.jdbc.PgConnection         :   setAutoCommit = true 
2026-04-20T18:38:19.314+08:00 DEBUG 151 --- [   scheduling-1] org.postgresql.jdbc.PgConnection         :   setAutoCommit = false 
2026-04-20T18:38:19.319+08:00 DEBUG 151 --- [   scheduling-1] org.postgresql.jdbc.PgConnection         :   setAutoCommit = true 
2026-04-20T18:38:34.320+08:00 DEBUG 151 --- [   scheduling-1] org.postgresql.jdbc.PgConnection         :   setAutoCommit = false 
2026-04-20T18:38:34.325+08:00 DEBUG 151 --- [   scheduling-1] org.postgresql.jdbc.PgConnection         :   setAutoCommit = true 
2026-04-20T18:38:45.532+08:00 DEBUG 151 --- [   scheduling-1] org.postgresql.jdbc.PgConnection         :   setAutoCommit = false 
2026-04-20T18:38:45.533+08:00 DEBUG 151 --- [   scheduling-1] org.postgresql.jdbc.PgConnection         :   setAutoCommit = true 
2026-04-20T18:38:49.325+08:00 DEBUG 151 --- [   scheduling-1] org.postgresql.jdbc.PgConnection         :   setAutoCommit = false 
2026-04-20T18:38:49.327+08:00 DEBUG 151 --- [   scheduling-1] org.postgresql.jdbc.PgConnection         :   setAutoCommit = true 
2026-04-20T18:38:58.341+08:00 DEBUG 151 --- [  XNIO-1 I/O-15] io.undertow.request                      : Timing out idle connection from /172.19.0.16:33208 
2026-04-20T18:38:59.082+08:00 DEBUG 151 --- [  XNIO-1 task-3] io.undertow.request.security             : Attempting to authenticate /api/ingestion/tasks/list, authentication required: false 
2026-04-20T18:38:59.082+08:00 DEBUG 151 --- [  XNIO-1 task-3] io.undertow.request.security             : Authentication outcome was NOT_ATTEMPTED with method io.undertow.security.impl.CachedAuthenticatedSessionMechanism@72916f2a for /api/ingestion/tasks/list 
2026-04-20T18:38:59.082+08:00 DEBUG 151 --- [  XNIO-1 task-3] io.undertow.request.security             : Authentication result was ATTEMPTED for /api/ingestion/tasks/list 
2026-04-20T18:38:59.083+08:00 DEBUG 151 --- [  XNIO-1 task-3] org.postgresql.jdbc.PgConnection         :   setReadOnly = true 
2026-04-20T18:38:59.083+08:00 DEBUG 151 --- [  XNIO-1 task-3] org.postgresql.jdbc.PgConnection         :   setAutoCommit = false 
2026-04-20T18:38:59.084+08:00 DEBUG 151 --- [  XNIO-1 task-3] org.postgresql.jdbc.PgConnection         :   setAutoCommit = true 
2026-04-20T18:38:59.084+08:00 DEBUG 151 --- [  XNIO-1 task-3] org.postgresql.jdbc.PgConnection         :   setReadOnly = false 
2026-04-20T18:38:59.086+08:00 DEBUG 151 --- [  XNIO-1 task-3] io.undertow.request.security             : Attempting to authenticate /api/ingestion/tasks/1/executions, authentication required: false 
2026-04-20T18:38:59.086+08:00 DEBUG 151 --- [  XNIO-1 task-3] io.undertow.request.security             : Authentication outcome was NOT_ATTEMPTED with method io.undertow.security.impl.CachedAuthenticatedSessionMechanism@72916f2a for /api/ingestion/tasks/1/executions 
2026-04-20T18:38:59.086+08:00 DEBUG 151 --- [  XNIO-1 task-3] io.undertow.request.security             : Authentication result was ATTEMPTED for /api/ingestion/tasks/1/executions 
2026-04-20T18:38:59.087+08:00 DEBUG 151 --- [  XNIO-1 task-3] org.postgresql.jdbc.PgConnection         :   setAutoCommit = false 
2026-04-20T18:38:59.089+08:00 DEBUG 151 --- [  XNIO-1 task-3] org.postgresql.jdbc.PgConnection         :   setAutoCommit = true 
2026-04-20T18:39:04.328+08:00 DEBUG 151 --- [   scheduling-1] org.postgresql.jdbc.PgConnection         :   setAutoCommit = false 
2026-04-20T18:39:04.332+08:00 DEBUG 151 --- [   scheduling-1] org.postgresql.jdbc.PgConnection         :   setAutoCommit = true 
2026-04-20T18:39:15.533+08:00 DEBUG 151 --- [   scheduling-1] org.postgresql.jdbc.PgConnection         :   setAutoCommit = false 
2026-04-20T18:39:15.534+08:00 DEBUG 151 --- [   scheduling-1] org.postgresql.jdbc.PgConnection         :   setAutoCommit = true 
2026-04-20T18:39:19.334+08:00 DEBUG 151 --- [   scheduling-1] org.postgresql.jdbc.PgConnection         :   setAutoCommit = false 
2026-04-20T18:39:19.337+08:00 DEBUG 151 --- [   scheduling-1] org.postgresql.jdbc.PgConnection         :   setAutoCommit = true 
2026-04-20T18:39:34.338+08:00 DEBUG 151 --- [   scheduling-1] org.postgresql.jdbc.PgConnection         :   setAutoCommit = false 
2026-04-20T18:39:34.342+08:00 DEBUG 151 --- [   scheduling-1] org.postgresql.jdbc.PgConnection         :   setAutoCommit = true 
2026-04-20T18:39:45.535+08:00 DEBUG 151 --- [   scheduling-1] org.postgresql.jdbc.PgConnection         :   setAutoCommit = false 
2026-04-20T18:39:45.538+08:00 DEBUG 151 --- [   scheduling-1] org.postgresql.jdbc.PgConnection         :   setAutoCommit = true 
2026-04-20T18:39:49.343+08:00 DEBUG 151 --- [   scheduling-1] org.postgresql.jdbc.PgConnection         :   setAutoCommit = false 
2026-04-20T18:39:49.347+08:00 DEBUG 151 --- [   scheduling-1] org.postgresql.jdbc.PgConnection         :   setAutoCommit = true 
2026-04-20T18:39:59.232+08:00 DEBUG 151 --- [   XNIO-1 I/O-6] io.undertow.request                      : Timing out idle connection from /172.19.0.16:42976 
2026-04-20T18:39:59.894+08:00 DEBUG 151 --- [  XNIO-1 task-3] io.undertow.request.security             : Attempting to authenticate /api/ingestion/tasks/list, authentication required: false 
2026-04-20T18:39:59.894+08:00 DEBUG 151 --- [  XNIO-1 task-3] io.undertow.request.security             : Authentication outcome was NOT_ATTEMPTED with method io.undertow.security.impl.CachedAuthenticatedSessionMechanism@72916f2a for /api/ingestion/tasks/list 
2026-04-20T18:39:59.894+08:00 DEBUG 151 --- [  XNIO-1 task-3] io.undertow.request.security             : Authentication result was ATTEMPTED for /api/ingestion/tasks/list 
2026-04-20T18:39:59.895+08:00 DEBUG 151 --- [  XNIO-1 task-3] org.postgresql.jdbc.PgConnection         :   setReadOnly = true 
2026-04-20T18:39:59.895+08:00 DEBUG 151 --- [  XNIO-1 task-3] org.postgresql.jdbc.PgConnection         :   setAutoCommit = false 
2026-04-20T18:39:59.896+08:00 DEBUG 151 --- [  XNIO-1 task-3] org.postgresql.jdbc.PgConnection         :   setAutoCommit = true 
2026-04-20T18:39:59.896+08:00 DEBUG 151 --- [  XNIO-1 task-3] org.postgresql.jdbc.PgConnection         :   setReadOnly = false 
2026-04-20T18:39:59.898+08:00 DEBUG 151 --- [  XNIO-1 task-3] io.undertow.request.security             : Attempting to authenticate /api/ingestion/tasks/1/executions, authentication required: false 
2026-04-20T18:39:59.898+08:00 DEBUG 151 --- [  XNIO-1 task-3] io.undertow.request.security             : Authentication outcome was NOT_ATTEMPTED with method io.undertow.security.impl.CachedAuthenticatedSessionMechanism@72916f2a for /api/ingestion/tasks/1/executions 
2026-04-20T18:39:59.898+08:00 DEBUG 151 --- [  XNIO-1 task-3] io.undertow.request.security             : Authentication result was ATTEMPTED for /api/ingestion/tasks/1/executions 
2026-04-20T18:39:59.899+08:00 DEBUG 151 --- [  XNIO-1 task-3] org.postgresql.jdbc.PgConnection         :   setAutoCommit = false 
2026-04-20T18:39:59.901+08:00 DEBUG 151 --- [  XNIO-1 task-3] org.postgresql.jdbc.PgConnection         :   setAutoCommit = true 
2026-04-20T18:40:04.348+08:00 DEBUG 151 --- [   scheduling-1] org.postgresql.jdbc.PgConnection         :   setAutoCommit = false 
2026-04-20T18:40:04.349+08:00 DEBUG 151 --- [   scheduling-1] org.postgresql.jdbc.PgConnection         :   setAutoCommit = true 
2026-04-20T18:40:15.539+08:00 DEBUG 151 --- [   scheduling-1] org.postgresql.jdbc.PgConnection         :   setAutoCommit = false 
2026-04-20T18:40:15.540+08:00 DEBUG 151 --- [   scheduling-1] org.postgresql.jdbc.PgConnection         :   setAutoCommit = true 
2026-04-20T18:40:19.350+08:00 DEBUG 151 --- [   scheduling-1] org.postgresql.jdbc.PgConnection         :   setAutoCommit = false 
2026-04-20T18:40:19.354+08:00 DEBUG 151 --- [   scheduling-1] org.postgresql.jdbc.PgConnection         :   setAutoCommit = true 
2026-04-20T18:40:34.355+08:00 DEBUG 151 --- [   scheduling-1] org.postgresql.jdbc.PgConnection         :   setAutoCommit = false 
2026-04-20T18:40:34.356+08:00 DEBUG 151 --- [   scheduling-1] org.postgresql.jdbc.PgConnection         :   setAutoCommit = true 
2026-04-20T18:40:45.541+08:00 DEBUG 151 --- [   scheduling-1] org.postgresql.jdbc.PgConnection         :   setAutoCommit = false 
2026-04-20T18:40:45.541+08:00 DEBUG 151 --- [   scheduling-1] org.postgresql.jdbc.PgConnection         :   setAutoCommit = true 
2026-04-20T18:40:49.357+08:00 DEBUG 151 --- [   scheduling-1] org.postgresql.jdbc.PgConnection         :   setAutoCommit = false 
2026-04-20T18:40:49.360+08:00 DEBUG 151 --- [   scheduling-1] org.postgresql.jdbc.PgConnection         :   setAutoCommit = true 
2026-04-20T18:40:59.996+08:00 DEBUG 151 --- [   XNIO-1 I/O-5] io.undertow.request                      : Timing out idle connection from /172.19.0.16:45484 
2026-04-20T18:41:00.726+08:00 DEBUG 151 --- [  XNIO-1 task-3] io.undertow.request.security             : Attempting to authenticate /api/ingestion/tasks/list, authentication required: false 
2026-04-20T18:41:00.726+08:00 DEBUG 151 --- [  XNIO-1 task-3] io.undertow.request.security             : Authentication outcome was NOT_ATTEMPTED with method io.undertow.security.impl.CachedAuthenticatedSessionMechanism@72916f2a for /api/ingestion/tasks/list 
2026-04-20T18:41:00.726+08:00 DEBUG 151 --- [  XNIO-1 task-3] io.undertow.request.security             : Authentication result was ATTEMPTED for /api/ingestion/tasks/list 
2026-04-20T18:41:00.727+08:00 DEBUG 151 --- [  XNIO-1 task-3] org.postgresql.jdbc.PgConnection         :   setReadOnly = true 
2026-04-20T18:41:00.727+08:00 DEBUG 151 --- [  XNIO-1 task-3] org.postgresql.jdbc.PgConnection         :   setAutoCommit = false 
2026-04-20T18:41:00.728+08:00 DEBUG 151 --- [  XNIO-1 task-3] org.postgresql.jdbc.PgConnection         :   setAutoCommit = true 
2026-04-20T18:41:00.728+08:00 DEBUG 151 --- [  XNIO-1 task-3] org.postgresql.jdbc.PgConnection         :   setReadOnly = false 
2026-04-20T18:41:00.730+08:00 DEBUG 151 --- [  XNIO-1 task-3] io.undertow.request.security             : Attempting to authenticate /api/ingestion/tasks/1/executions, authentication required: false 
2026-04-20T18:41:00.730+08:00 DEBUG 151 --- [  XNIO-1 task-3] io.undertow.request.security             : Authentication outcome was NOT_ATTEMPTED with method io.undertow.security.impl.CachedAuthenticatedSessionMechanism@72916f2a for /api/ingestion/tasks/1/executions 
2026-04-20T18:41:00.730+08:00 DEBUG 151 --- [  XNIO-1 task-3] io.undertow.request.security             : Authentication result was ATTEMPTED for /api/ingestion/tasks/1/executions 
2026-04-20T18:41:00.731+08:00 DEBUG 151 --- [  XNIO-1 task-3] org.postgresql.jdbc.PgConnection         :   setAutoCommit = false 
2026-04-20T18:41:00.733+08:00 DEBUG 151 --- [  XNIO-1 task-3] org.postgresql.jdbc.PgConnection         :   setAutoCommit = true 
2026-04-20T18:41:04.362+08:00 DEBUG 151 --- [   scheduling-1] org.postgresql.jdbc.PgConnection         :   setAutoCommit = false 
2026-04-20T18:41:04.365+08:00 DEBUG 151 --- [   scheduling-1] org.postgresql.jdbc.PgConnection         :   setAutoCommit = true 
2026-04-20T18:41:15.542+08:00 DEBUG 151 --- [   scheduling-1] org.postgresql.jdbc.PgConnection         :   setAutoCommit = false 
2026-04-20T18:41:15.545+08:00 DEBUG 151 --- [   scheduling-1] org.postgresql.jdbc.PgConnection         :   setAutoCommit = true 
2026-04-20T18:41:19.365+08:00 DEBUG 151 --- [   scheduling-1] org.postgresql.jdbc.PgConnection         :   setAutoCommit = false 
2026-04-20T18:41:19.366+08:00 DEBUG 151 --- [   scheduling-1] org.postgresql.jdbc.PgConnection         :   setAutoCommit = true 
2026-04-20T18:41:34.367+08:00 DEBUG 151 --- [   scheduling-1] org.postgresql.jdbc.PgConnection         :   setAutoCommit = false 
2026-04-20T18:41:34.371+08:00 DEBUG 151 --- [   scheduling-1] org.postgresql.jdbc.PgConnection         :   setAutoCommit = true 
2026-04-20T18:41:45.546+08:00 DEBUG 151 --- [   scheduling-1] org.postgresql.jdbc.PgConnection         :   setAutoCommit = false 
2026-04-20T18:41:45.549+08:00 DEBUG 151 --- [   scheduling-1] org.postgresql.jdbc.PgConnection         :   setAutoCommit = true 
2026-04-20T18:41:49.372+08:00 DEBUG 151 --- [   scheduling-1] org.postgresql.jdbc.PgConnection         :   setAutoCommit = false 
2026-04-20T18:41:49.376+08:00 DEBUG 151 --- [   scheduling-1] org.postgresql.jdbc.PgConnection         :   setAutoCommit = true 
2026-04-20T18:42:00.876+08:00 DEBUG 151 --- [  XNIO-1 I/O-15] io.undertow.request                      : Timing out idle connection from /172.19.0.16:33412 
2026-04-20T18:42:01.576+08:00 DEBUG 151 --- [  XNIO-1 task-3] io.undertow.request.security             : Attempting to authenticate /api/ingestion/tasks/list, authentication required: false 
2026-04-20T18:42:01.576+08:00 DEBUG 151 --- [  XNIO-1 task-3] io.undertow.request.security             : Authentication outcome was NOT_ATTEMPTED with method io.undertow.security.impl.CachedAuthenticatedSessionMechanism@72916f2a for /api/ingestion/tasks/list 
2026-04-20T18:42:01.576+08:00 DEBUG 151 --- [  XNIO-1 task-3] io.undertow.request.security             : Authentication result was ATTEMPTED for /api/ingestion/tasks/list 
2026-04-20T18:42:01.577+08:00 DEBUG 151 --- [  XNIO-1 task-3] org.postgresql.jdbc.PgConnection         :   setReadOnly = true 
2026-04-20T18:42:01.577+08:00 DEBUG 151 --- [  XNIO-1 task-3] org.postgresql.jdbc.PgConnection         :   setAutoCommit = false 
2026-04-20T18:42:01.578+08:00 DEBUG 151 --- [  XNIO-1 task-3] org.postgresql.jdbc.PgConnection         :   setAutoCommit = true 
2026-04-20T18:42:01.578+08:00 DEBUG 151 --- [  XNIO-1 task-3] org.postgresql.jdbc.PgConnection         :   setReadOnly = false 
2026-04-20T18:42:01.579+08:00 DEBUG 151 --- [  XNIO-1 task-3] io.undertow.request.security             : Attempting to authenticate /api/ingestion/tasks/1/executions, authentication required: false 
2026-04-20T18:42:01.579+08:00 DEBUG 151 --- [  XNIO-1 task-3] io.undertow.request.security             : Authentication outcome was NOT_ATTEMPTED with method io.undertow.security.impl.CachedAuthenticatedSessionMechanism@72916f2a for /api/ingestion/tasks/1/executions 
2026-04-20T18:42:01.579+08:00 DEBUG 151 --- [  XNIO-1 task-3] io.undertow.request.security             : Authentication result was ATTEMPTED for /api/ingestion/tasks/1/executions 
2026-04-20T18:42:01.580+08:00 DEBUG 151 --- [  XNIO-1 task-3] org.postgresql.jdbc.PgConnection         :   setAutoCommit = false 
2026-04-20T18:42:01.582+08:00 DEBUG 151 --- [  XNIO-1 task-3] org.postgresql.jdbc.PgConnection         :   setAutoCommit = true 
2026-04-20T18:42:04.377+08:00 DEBUG 151 --- [   scheduling-1] org.postgresql.jdbc.PgConnection         :   setAutoCommit = false 
2026-04-20T18:42:04.380+08:00 DEBUG 151 --- [   scheduling-1] org.postgresql.jdbc.PgConnection         :   setAutoCommit = true 
2026-04-20T18:42:15.550+08:00 DEBUG 151 --- [   scheduling-1] org.postgresql.jdbc.PgConnection         :   setAutoCommit = false 
2026-04-20T18:42:15.551+08:00 DEBUG 151 --- [   scheduling-1] org.postgresql.jdbc.PgConnection         :   setAutoCommit = true 
2026-04-20T18:42:19.381+08:00 DEBUG 151 --- [   scheduling-1] org.postgresql.jdbc.PgConnection         :   setAutoCommit = false 
2026-04-20T18:42:19.382+08:00 DEBUG 151 --- [   scheduling-1] org.postgresql.jdbc.PgConnection         :   setAutoCommit = true 
2026-04-20T18:42:34.382+08:00 DEBUG 151 --- [   scheduling-1] org.postgresql.jdbc.PgConnection         :   setAutoCommit = false 
2026-04-20T18:42:34.383+08:00 DEBUG 151 --- [   scheduling-1] org.postgresql.jdbc.PgConnection         :   setAutoCommit = true 
2026-04-20T18:42:45.552+08:00 DEBUG 151 --- [   scheduling-1] org.postgresql.jdbc.PgConnection         :   setAutoCommit = false 
2026-04-20T18:42:45.552+08:00 DEBUG 151 --- [   scheduling-1] org.postgresql.jdbc.PgConnection         :   setAutoCommit = true 
2026-04-20T18:42:49.384+08:00 DEBUG 151 --- [   scheduling-1] org.postgresql.jdbc.PgConnection         :   setAutoCommit = false 
2026-04-20T18:42:49.385+08:00 DEBUG 151 --- [   scheduling-1] org.postgresql.jdbc.PgConnection         :   setAutoCommit = true 
2026-04-20T18:43:01.717+08:00 DEBUG 151 --- [   XNIO-1 I/O-7] io.undertow.request                      : Timing out idle connection from /172.19.0.16:40132 
2026-04-20T18:43:02.413+08:00 DEBUG 151 --- [  XNIO-1 task-3] io.undertow.request.security             : Attempting to authenticate /api/ingestion/tasks/list, authentication required: false 
2026-04-20T18:43:02.413+08:00 DEBUG 151 --- [  XNIO-1 task-3] io.undertow.request.security             : Authentication outcome was NOT_ATTEMPTED with method io.undertow.security.impl.CachedAuthenticatedSessionMechanism@72916f2a for /api/ingestion/tasks/list 
2026-04-20T18:43:02.414+08:00 DEBUG 151 --- [  XNIO-1 task-3] io.undertow.request.security             : Authentication result was ATTEMPTED for /api/ingestion/tasks/list 
2026-04-20T18:43:02.415+08:00 DEBUG 151 --- [  XNIO-1 task-3] org.postgresql.jdbc.PgConnection         :   setReadOnly = true 
2026-04-20T18:43:02.415+08:00 DEBUG 151 --- [  XNIO-1 task-3] org.postgresql.jdbc.PgConnection         :   setAutoCommit = false 
2026-04-20T18:43:02.416+08:00 DEBUG 151 --- [  XNIO-1 task-3] org.postgresql.jdbc.PgConnection         :   setAutoCommit = true 
2026-04-20T18:43:02.416+08:00 DEBUG 151 --- [  XNIO-1 task-3] org.postgresql.jdbc.PgConnection         :   setReadOnly = false 
2026-04-20T18:43:02.417+08:00 DEBUG 151 --- [  XNIO-1 task-3] io.undertow.request.security             : Attempting to authenticate /api/ingestion/tasks/1/executions, authentication required: false 
2026-04-20T18:43:02.417+08:00 DEBUG 151 --- [  XNIO-1 task-3] io.undertow.request.security             : Authentication outcome was NOT_ATTEMPTED with method io.undertow.security.impl.CachedAuthenticatedSessionMechanism@72916f2a for /api/ingestion/tasks/1/executions 
2026-04-20T18:43:02.417+08:00 DEBUG 151 --- [  XNIO-1 task-3] io.undertow.request.security             : Authentication result was ATTEMPTED for /api/ingestion/tasks/1/executions 
2026-04-20T18:43:02.418+08:00 DEBUG 151 --- [  XNIO-1 task-3] org.postgresql.jdbc.PgConnection         :   setAutoCommit = false 
2026-04-20T18:43:02.420+08:00 DEBUG 151 --- [  XNIO-1 task-3] org.postgresql.jdbc.PgConnection         :   setAutoCommit = true 
2026-04-20T18:43:04.385+08:00 DEBUG 151 --- [   scheduling-1] org.postgresql.jdbc.PgConnection         :   setAutoCommit = false 
2026-04-20T18:43:04.386+08:00 DEBUG 151 --- [   scheduling-1] org.postgresql.jdbc.PgConnection         :   setAutoCommit = true 
2026-04-20T18:43:15.553+08:00 DEBUG 151 --- [   scheduling-1] org.postgresql.jdbc.PgConnection         :   setAutoCommit = false 
2026-04-20T18:43:15.553+08:00 DEBUG 151 --- [   scheduling-1] org.postgresql.jdbc.PgConnection         :   setAutoCommit = true 
2026-04-20T18:43:19.386+08:00 DEBUG 151 --- [   scheduling-1] org.postgresql.jdbc.PgConnection         :   setAutoCommit = false 
2026-04-20T18:43:19.387+08:00 DEBUG 151 --- [   scheduling-1] org.postgresql.jdbc.PgConnection         :   setAutoCommit = true 
2026-04-20T18:43:34.388+08:00 DEBUG 151 --- [   scheduling-1] org.postgresql.jdbc.PgConnection         :   setAutoCommit = false 
2026-04-20T18:43:34.389+08:00 DEBUG 151 --- [   scheduling-1] org.postgresql.jdbc.PgConnection         :   setAutoCommit = true 
2026-04-20T18:43:38.640+08:00 DEBUG 151 --- [  XNIO-1 task-3] io.undertow.request.security             : Attempting to authenticate /api/ingestion/connectors/capabilities, authentication required: false 
2026-04-20T18:43:38.641+08:00 DEBUG 151 --- [  XNIO-1 task-3] io.undertow.request.security             : Authentication outcome was NOT_ATTEMPTED with method io.undertow.security.impl.CachedAuthenticatedSessionMechanism@72916f2a for /api/ingestion/connectors/capabilities 
2026-04-20T18:43:38.641+08:00 DEBUG 151 --- [  XNIO-1 task-3] io.undertow.request.security             : Authentication result was ATTEMPTED for /api/ingestion/connectors/capabilities 
2026-04-20T18:43:38.642+08:00 DEBUG 151 --- [  XNIO-1 task-3] org.postgresql.jdbc.PgConnection         :   setReadOnly = true 
2026-04-20T18:43:38.642+08:00 DEBUG 151 --- [  XNIO-1 task-3] org.postgresql.jdbc.PgConnection         :   setAutoCommit = false 
2026-04-20T18:43:38.643+08:00 DEBUG 151 --- [  XNIO-1 task-3] org.postgresql.jdbc.PgConnection         :   setAutoCommit = true 
2026-04-20T18:43:38.644+08:00 DEBUG 151 --- [  XNIO-1 task-3] org.postgresql.jdbc.PgConnection         :   setReadOnly = false 
2026-04-20T18:43:38.646+08:00 DEBUG 151 --- [  XNIO-1 task-3] io.undertow.request.security             : Attempting to authenticate /api/ingestion/templates, authentication required: false 
2026-04-20T18:43:38.646+08:00 DEBUG 151 --- [  XNIO-1 task-3] io.undertow.request.security             : Authentication outcome was NOT_ATTEMPTED with method io.undertow.security.impl.CachedAuthenticatedSessionMechanism@72916f2a for /api/ingestion/templates 
2026-04-20T18:43:38.646+08:00 DEBUG 151 --- [  XNIO-1 task-3] io.undertow.request.security             : Authentication result was ATTEMPTED for /api/ingestion/templates 
2026-04-20T18:43:45.554+08:00 DEBUG 151 --- [   scheduling-1] org.postgresql.jdbc.PgConnection         :   setAutoCommit = false 
2026-04-20T18:43:45.554+08:00 DEBUG 151 --- [   scheduling-1] org.postgresql.jdbc.PgConnection         :   setAutoCommit = true 
2026-04-20T18:43:49.389+08:00 DEBUG 151 --- [   scheduling-1] org.postgresql.jdbc.PgConnection         :   setAutoCommit = false 
2026-04-20T18:43:49.390+08:00 DEBUG 151 --- [   scheduling-1] org.postgresql.jdbc.PgConnection         :   setAutoCommit = true 
2026-04-20T18:44:03.300+08:00 DEBUG 151 --- [  XNIO-1 task-3] io.undertow.request.security             : Attempting to authenticate /api/ingestion/tasks/list, authentication required: false 
2026-04-20T18:44:03.300+08:00 DEBUG 151 --- [  XNIO-1 task-3] io.undertow.request.security             : Authentication outcome was NOT_ATTEMPTED with method io.undertow.security.impl.CachedAuthenticatedSessionMechanism@72916f2a for /api/ingestion/tasks/list 
2026-04-20T18:44:03.300+08:00 DEBUG 151 --- [  XNIO-1 task-3] io.undertow.request.security             : Authentication result was ATTEMPTED for /api/ingestion/tasks/list 
2026-04-20T18:44:03.301+08:00 DEBUG 151 --- [  XNIO-1 task-3] org.postgresql.jdbc.PgConnection         :   setReadOnly = true 
2026-04-20T18:44:03.301+08:00 DEBUG 151 --- [  XNIO-1 task-3] org.postgresql.jdbc.PgConnection         :   setAutoCommit = false 
2026-04-20T18:44:03.302+08:00 DEBUG 151 --- [  XNIO-1 task-3] org.postgresql.jdbc.PgConnection         :   setAutoCommit = true 
2026-04-20T18:44:03.302+08:00 DEBUG 151 --- [  XNIO-1 task-3] org.postgresql.jdbc.PgConnection         :   setReadOnly = false 
2026-04-20T18:44:03.303+08:00 DEBUG 151 --- [  XNIO-1 task-3] io.undertow.request.security             : Attempting to authenticate /api/ingestion/tasks/1/executions, authentication required: false 
2026-04-20T18:44:03.303+08:00 DEBUG 151 --- [  XNIO-1 task-3] io.undertow.request.security             : Authentication outcome was NOT_ATTEMPTED with method io.undertow.security.impl.CachedAuthenticatedSessionMechanism@72916f2a for /api/ingestion/tasks/1/executions 
2026-04-20T18:44:03.303+08:00 DEBUG 151 --- [  XNIO-1 task-3] io.undertow.request.security             : Authentication result was ATTEMPTED for /api/ingestion/tasks/1/executions 
2026-04-20T18:44:03.304+08:00 DEBUG 151 --- [  XNIO-1 task-3] org.postgresql.jdbc.PgConnection         :   setAutoCommit = false 
2026-04-20T18:44:03.306+08:00 DEBUG 151 --- [  XNIO-1 task-3] org.postgresql.jdbc.PgConnection         :   setAutoCommit = true 
2026-04-20T18:44:04.391+08:00 DEBUG 151 --- [   scheduling-1] org.postgresql.jdbc.PgConnection         :   setAutoCommit = false 
2026-04-20T18:44:04.392+08:00 DEBUG 151 --- [   scheduling-1] org.postgresql.jdbc.PgConnection         :   setAutoCommit = true 
2026-04-20T18:44:15.555+08:00 DEBUG 151 --- [   scheduling-1] org.postgresql.jdbc.PgConnection         :   setAutoCommit = false 
2026-04-20T18:44:15.555+08:00 DEBUG 151 --- [   scheduling-1] org.postgresql.jdbc.PgConnection         :   setAutoCommit = true 
2026-04-20T18:44:19.393+08:00 DEBUG 151 --- [   scheduling-1] org.postgresql.jdbc.PgConnection         :   setAutoCommit = false 
2026-04-20T18:44:19.396+08:00 DEBUG 151 --- [   scheduling-1] org.postgresql.jdbc.PgConnection         :   setAutoCommit = true 
2026-04-20T18:44:34.397+08:00 DEBUG 151 --- [   scheduling-1] org.postgresql.jdbc.PgConnection         :   setAutoCommit = false 
2026-04-20T18:44:34.401+08:00 DEBUG 151 --- [   scheduling-1] org.postgresql.jdbc.PgConnection         :   setAutoCommit = true 
2026-04-20T18:44:45.556+08:00 DEBUG 151 --- [   scheduling-1] org.postgresql.jdbc.PgConnection         :   setAutoCommit = false 
2026-04-20T18:44:45.556+08:00 DEBUG 151 --- [   scheduling-1] org.postgresql.jdbc.PgConnection         :   setAutoCommit = true 
2026-04-20T18:44:49.401+08:00 DEBUG 151 --- [   scheduling-1] org.postgresql.jdbc.PgConnection         :   setAutoCommit = false 
2026-04-20T18:44:49.402+08:00 DEBUG 151 --- [   scheduling-1] org.postgresql.jdbc.PgConnection         :   setAutoCommit = true 
2026-04-20T18:45:03.439+08:00 DEBUG 151 --- [  XNIO-1 I/O-13] io.undertow.request                      : Timing out idle connection from /172.19.0.16:41216 
2026-04-20T18:45:04.155+08:00 DEBUG 151 --- [  XNIO-1 task-3] io.undertow.request.security             : Attempting to authenticate /api/ingestion/tasks/list, authentication required: false 
2026-04-20T18:45:04.155+08:00 DEBUG 151 --- [  XNIO-1 task-3] io.undertow.request.security             : Authentication outcome was NOT_ATTEMPTED with method io.undertow.security.impl.CachedAuthenticatedSessionMechanism@72916f2a for /api/ingestion/tasks/list 
2026-04-20T18:45:04.155+08:00 DEBUG 151 --- [  XNIO-1 task-3] io.undertow.request.security             : Authentication result was ATTEMPTED for /api/ingestion/tasks/list 
2026-04-20T18:45:04.159+08:00 DEBUG 151 --- [  XNIO-1 task-3] org.postgresql.jdbc.PgConnection         :   setReadOnly = true 
2026-04-20T18:45:04.159+08:00 DEBUG 151 --- [  XNIO-1 task-3] org.postgresql.jdbc.PgConnection         :   setAutoCommit = false 
2026-04-20T18:45:04.162+08:00 DEBUG 151 --- [  XNIO-1 task-3] org.postgresql.jdbc.PgConnection         :   setAutoCommit = true 
2026-04-20T18:45:04.162+08:00 DEBUG 151 --- [  XNIO-1 task-3] org.postgresql.jdbc.PgConnection         :   setReadOnly = false 
2026-04-20T18:45:04.167+08:00 DEBUG 151 --- [  XNIO-1 task-3] io.undertow.request.security             : Attempting to authenticate /api/ingestion/tasks/1/executions, authentication required: false 
2026-04-20T18:45:04.168+08:00 DEBUG 151 --- [  XNIO-1 task-3] io.undertow.request.security             : Authentication outcome was NOT_ATTEMPTED with method io.undertow.security.impl.CachedAuthenticatedSessionMechanism@72916f2a for /api/ingestion/tasks/1/executions 
2026-04-20T18:45:04.168+08:00 DEBUG 151 --- [  XNIO-1 task-3] io.undertow.request.security             : Authentication result was ATTEMPTED for /api/ingestion/tasks/1/executions 
2026-04-20T18:45:04.170+08:00 DEBUG 151 --- [  XNIO-1 task-3] org.postgresql.jdbc.PgConnection         :   setAutoCommit = false 
2026-04-20T18:45:04.172+08:00 DEBUG 151 --- [  XNIO-1 task-3] org.postgresql.jdbc.PgConnection         :   setAutoCommit = true 
2026-04-20T18:45:04.402+08:00 DEBUG 151 --- [   scheduling-1] org.postgresql.jdbc.PgConnection         :   setAutoCommit = false 
2026-04-20T18:45:04.403+08:00 DEBUG 151 --- [   scheduling-1] org.postgresql.jdbc.PgConnection         :   setAutoCommit = true 
2026-04-20T18:45:15.556+08:00 DEBUG 151 --- [   scheduling-1] org.postgresql.jdbc.PgConnection         :   setAutoCommit = false 
2026-04-20T18:45:15.557+08:00 DEBUG 151 --- [   scheduling-1] org.postgresql.jdbc.PgConnection         :   setAutoCommit = true 
2026-04-20T18:45:19.405+08:00 DEBUG 151 --- [   scheduling-1] org.postgresql.jdbc.PgConnection         :   setAutoCommit = false 
2026-04-20T18:45:19.408+08:00 DEBUG 151 --- [   scheduling-1] org.postgresql.jdbc.PgConnection         :   setAutoCommit = true 
2026-04-20T18:45:34.409+08:00 DEBUG 151 --- [   scheduling-1] org.postgresql.jdbc.PgConnection         :   setAutoCommit = false 
2026-04-20T18:45:34.410+08:00 DEBUG 151 --- [   scheduling-1] org.postgresql.jdbc.PgConnection         :   setAutoCommit = true 
2026-04-20T18:45:45.557+08:00 DEBUG 151 --- [   scheduling-1] org.postgresql.jdbc.PgConnection         :   setAutoCommit = false 
2026-04-20T18:45:45.558+08:00 DEBUG 151 --- [   scheduling-1] org.postgresql.jdbc.PgConnection         :   setAutoCommit = true 
2026-04-20T18:45:49.410+08:00 DEBUG 151 --- [   scheduling-1] org.postgresql.jdbc.PgConnection         :   setAutoCommit = false 
2026-04-20T18:45:49.411+08:00 DEBUG 151 --- [   scheduling-1] org.postgresql.jdbc.PgConnection         :   setAutoCommit = true 
2026-04-20T18:46:04.305+08:00 DEBUG 151 --- [  XNIO-1 I/O-13] io.undertow.request                      : Timing out idle connection from /172.19.0.16:58702 
2026-04-20T18:46:04.412+08:00 DEBUG 151 --- [   scheduling-1] org.postgresql.jdbc.PgConnection         :   setAutoCommit = false 
2026-04-20T18:46:04.415+08:00 DEBUG 151 --- [   scheduling-1] org.postgresql.jdbc.PgConnection         :   setAutoCommit = true 
2026-04-20T18:46:05.025+08:00 DEBUG 151 --- [  XNIO-1 task-3] io.undertow.request.security             : Attempting to authenticate /api/ingestion/tasks/list, authentication required: false 
2026-04-20T18:46:05.025+08:00 DEBUG 151 --- [  XNIO-1 task-3] io.undertow.request.security             : Authentication outcome was NOT_ATTEMPTED with method io.undertow.security.impl.CachedAuthenticatedSessionMechanism@72916f2a for /api/ingestion/tasks/list 
2026-04-20T18:46:05.025+08:00 DEBUG 151 --- [  XNIO-1 task-3] io.undertow.request.security             : Authentication result was ATTEMPTED for /api/ingestion/tasks/list 
2026-04-20T18:46:05.029+08:00 DEBUG 151 --- [  XNIO-1 task-3] org.postgresql.jdbc.PgConnection         :   setReadOnly = true 
2026-04-20T18:46:05.029+08:00 DEBUG 151 --- [  XNIO-1 task-3] org.postgresql.jdbc.PgConnection         :   setAutoCommit = false 
2026-04-20T18:46:05.032+08:00 DEBUG 151 --- [  XNIO-1 task-3] org.postgresql.jdbc.PgConnection         :   setAutoCommit = true 
2026-04-20T18:46:05.032+08:00 DEBUG 151 --- [  XNIO-1 task-3] org.postgresql.jdbc.PgConnection         :   setReadOnly = false 
2026-04-20T18:46:05.033+08:00 DEBUG 151 --- [  XNIO-1 task-3] io.undertow.request.security             : Attempting to authenticate /api/ingestion/tasks/1/executions, authentication required: false 
2026-04-20T18:46:05.033+08:00 DEBUG 151 --- [  XNIO-1 task-3] io.undertow.request.security             : Authentication outcome was NOT_ATTEMPTED with method io.undertow.security.impl.CachedAuthenticatedSessionMechanism@72916f2a for /api/ingestion/tasks/1/executions 
2026-04-20T18:46:05.033+08:00 DEBUG 151 --- [  XNIO-1 task-3] io.undertow.request.security             : Authentication result was ATTEMPTED for /api/ingestion/tasks/1/executions 
2026-04-20T18:46:05.034+08:00 DEBUG 151 --- [  XNIO-1 task-3] org.postgresql.jdbc.PgConnection         :   setAutoCommit = false 
2026-04-20T18:46:05.036+08:00 DEBUG 151 --- [  XNIO-1 task-3] org.postgresql.jdbc.PgConnection         :   setAutoCommit = true 
2026-04-20T18:46:15.559+08:00 DEBUG 151 --- [   scheduling-1] org.postgresql.jdbc.PgConnection         :   setAutoCommit = false 
2026-04-20T18:46:15.561+08:00 DEBUG 151 --- [   scheduling-1] org.postgresql.jdbc.PgConnection         :   setAutoCommit = true 
2026-04-20T18:46:19.416+08:00 DEBUG 151 --- [   scheduling-1] org.postgresql.jdbc.PgConnection         :   setAutoCommit = false 
2026-04-20T18:46:19.417+08:00 DEBUG 151 --- [   scheduling-1] org.postgresql.jdbc.PgConnection         :   setAutoCommit = true 
2026-04-20T18:46:34.418+08:00 DEBUG 151 --- [   scheduling-1] org.postgresql.jdbc.PgConnection         :   setAutoCommit = false 
2026-04-20T18:46:34.420+08:00 DEBUG 151 --- [   scheduling-1] org.postgresql.jdbc.PgConnection         :   setAutoCommit = true 
2026-04-20T18:46:45.562+08:00 DEBUG 151 --- [   scheduling-1] org.postgresql.jdbc.PgConnection         :   setAutoCommit = false 
2026-04-20T18:46:45.563+08:00 DEBUG 151 --- [   scheduling-1] org.postgresql.jdbc.PgConnection         :   setAutoCommit = true 
2026-04-20T18:46:49.420+08:00 DEBUG 151 --- [   scheduling-1] org.postgresql.jdbc.PgConnection         :   setAutoCommit = false 
2026-04-20T18:46:49.421+08:00 DEBUG 151 --- [   scheduling-1] org.postgresql.jdbc.PgConnection         :   setAutoCommit = true 
2026-04-20T18:47:04.422+08:00 DEBUG 151 --- [   scheduling-1] org.postgresql.jdbc.PgConnection         :   setAutoCommit = false 
2026-04-20T18:47:04.423+08:00 DEBUG 151 --- [   scheduling-1] org.postgresql.jdbc.PgConnection         :   setAutoCommit = true 
2026-04-20T18:47:05.119+08:00 DEBUG 151 --- [   XNIO-1 I/O-6] io.undertow.request                      : Timing out idle connection from /172.19.0.16:38506 
2026-04-20T18:47:05.879+08:00 DEBUG 151 --- [  XNIO-1 task-3] io.undertow.request.security             : Attempting to authenticate /api/ingestion/tasks/list, authentication required: false 
2026-04-20T18:47:05.879+08:00 DEBUG 151 --- [  XNIO-1 task-3] io.undertow.request.security             : Authentication outcome was NOT_ATTEMPTED with method io.undertow.security.impl.CachedAuthenticatedSessionMechanism@72916f2a for /api/ingestion/tasks/list 
2026-04-20T18:47:05.879+08:00 DEBUG 151 --- [  XNIO-1 task-3] io.undertow.request.security             : Authentication result was ATTEMPTED for /api/ingestion/tasks/list 
2026-04-20T18:47:05.880+08:00 DEBUG 151 --- [  XNIO-1 task-3] org.postgresql.jdbc.PgConnection         :   setReadOnly = true 
2026-04-20T18:47:05.880+08:00 DEBUG 151 --- [  XNIO-1 task-3] org.postgresql.jdbc.PgConnection         :   setAutoCommit = false 
2026-04-20T18:47:05.881+08:00 DEBUG 151 --- [  XNIO-1 task-3] org.postgresql.jdbc.PgConnection         :   setAutoCommit = true 
2026-04-20T18:47:05.881+08:00 DEBUG 151 --- [  XNIO-1 task-3] org.postgresql.jdbc.PgConnection         :   setReadOnly = false 
2026-04-20T18:47:05.882+08:00 DEBUG 151 --- [  XNIO-1 task-3] io.undertow.request.security             : Attempting to authenticate /api/ingestion/tasks/1/executions, authentication required: false 
2026-04-20T18:47:05.882+08:00 DEBUG 151 --- [  XNIO-1 task-3] io.undertow.request.security             : Authentication outcome was NOT_ATTEMPTED with method io.undertow.security.impl.CachedAuthenticatedSessionMechanism@72916f2a for /api/ingestion/tasks/1/executions 
2026-04-20T18:47:05.882+08:00 DEBUG 151 --- [  XNIO-1 task-3] io.undertow.request.security             : Authentication result was ATTEMPTED for /api/ingestion/tasks/1/executions 
2026-04-20T18:47:05.883+08:00 DEBUG 151 --- [  XNIO-1 task-3] org.postgresql.jdbc.PgConnection         :   setAutoCommit = false 
2026-04-20T18:47:05.885+08:00 DEBUG 151 --- [  XNIO-1 task-3] org.postgresql.jdbc.PgConnection         :   setAutoCommit = true 
2026-04-20T18:47:15.564+08:00 DEBUG 151 --- [   scheduling-1] org.postgresql.jdbc.PgConnection         :   setAutoCommit = false 
2026-04-20T18:47:15.564+08:00 DEBUG 151 --- [   scheduling-1] org.postgresql.jdbc.PgConnection         :   setAutoCommit = true 
2026-04-20T18:47:19.424+08:00 DEBUG 151 --- [   scheduling-1] org.postgresql.jdbc.PgConnection         :   setAutoCommit = false 
2026-04-20T18:47:19.427+08:00 DEBUG 151 --- [   scheduling-1] org.postgresql.jdbc.PgConnection         :   setAutoCommit = true 
2026-04-20T18:47:34.428+08:00 DEBUG 151 --- [   scheduling-1] org.postgresql.jdbc.PgConnection         :   setAutoCommit = false 
2026-04-20T18:47:34.428+08:00 DEBUG 151 --- [   scheduling-1] org.postgresql.jdbc.PgConnection         :   setAutoCommit = true 
2026-04-20T18:47:45.565+08:00 DEBUG 151 --- [   scheduling-1] org.postgresql.jdbc.PgConnection         :   setAutoCommit = false 
2026-04-20T18:47:45.567+08:00 DEBUG 151 --- [   scheduling-1] org.postgresql.jdbc.PgConnection         :   setAutoCommit = true 
2026-04-20T18:47:49.430+08:00 DEBUG 151 --- [   scheduling-1] org.postgresql.jdbc.PgConnection         :   setAutoCommit = false 
2026-04-20T18:47:49.433+08:00 DEBUG 151 --- [   scheduling-1] org.postgresql.jdbc.PgConnection         :   setAutoCommit = true 
2026-04-20T18:48:04.433+08:00 DEBUG 151 --- [   scheduling-1] org.postgresql.jdbc.PgConnection         :   setAutoCommit = false 
2026-04-20T18:48:04.434+08:00 DEBUG 151 --- [   scheduling-1] org.postgresql.jdbc.PgConnection         :   setAutoCommit = true 
2026-04-20T18:48:06.015+08:00 DEBUG 151 --- [   XNIO-1 I/O-8] io.undertow.request                      : Timing out idle connection from /172.19.0.16:32852 
2026-04-20T18:48:06.692+08:00 DEBUG 151 --- [  XNIO-1 task-3] io.undertow.request.security             : Attempting to authenticate /api/ingestion/tasks/list, authentication required: false 
2026-04-20T18:48:06.692+08:00 DEBUG 151 --- [  XNIO-1 task-3] io.undertow.request.security             : Authentication outcome was NOT_ATTEMPTED with method io.undertow.security.impl.CachedAuthenticatedSessionMechanism@72916f2a for /api/ingestion/tasks/list 
2026-04-20T18:48:06.692+08:00 DEBUG 151 --- [  XNIO-1 task-3] io.undertow.request.security             : Authentication result was ATTEMPTED for /api/ingestion/tasks/list 
2026-04-20T18:48:06.693+08:00 DEBUG 151 --- [  XNIO-1 task-3] org.postgresql.jdbc.PgConnection         :   setReadOnly = true 
2026-04-20T18:48:06.693+08:00 DEBUG 151 --- [  XNIO-1 task-3] org.postgresql.jdbc.PgConnection         :   setAutoCommit = false 
2026-04-20T18:48:06.694+08:00 DEBUG 151 --- [  XNIO-1 task-3] org.postgresql.jdbc.PgConnection         :   setAutoCommit = true 
2026-04-20T18:48:06.694+08:00 DEBUG 151 --- [  XNIO-1 task-3] org.postgresql.jdbc.PgConnection         :   setReadOnly = false 
2026-04-20T18:48:06.696+08:00 DEBUG 151 --- [  XNIO-1 task-3] io.undertow.request.security             : Attempting to authenticate /api/ingestion/tasks/1/executions, authentication required: false 
2026-04-20T18:48:06.696+08:00 DEBUG 151 --- [  XNIO-1 task-3] io.undertow.request.security             : Authentication outcome was NOT_ATTEMPTED with method io.undertow.security.impl.CachedAuthenticatedSessionMechanism@72916f2a for /api/ingestion/tasks/1/executions 
2026-04-20T18:48:06.696+08:00 DEBUG 151 --- [  XNIO-1 task-3] io.undertow.request.security             : Authentication result was ATTEMPTED for /api/ingestion/tasks/1/executions 
2026-04-20T18:48:06.697+08:00 DEBUG 151 --- [  XNIO-1 task-3] org.postgresql.jdbc.PgConnection         :   setAutoCommit = false 
2026-04-20T18:48:06.699+08:00 DEBUG 151 --- [  XNIO-1 task-3] org.postgresql.jdbc.PgConnection         :   setAutoCommit = true 
2026-04-20T18:48:15.568+08:00 DEBUG 151 --- [   scheduling-1] org.postgresql.jdbc.PgConnection         :   setAutoCommit = false 
2026-04-20T18:48:15.570+08:00 DEBUG 151 --- [   scheduling-1] org.postgresql.jdbc.PgConnection         :   setAutoCommit = true 
2026-04-20T18:48:19.435+08:00 DEBUG 151 --- [   scheduling-1] org.postgresql.jdbc.PgConnection         :   setAutoCommit = false 
2026-04-20T18:48:19.435+08:00 DEBUG 151 --- [   scheduling-1] org.postgresql.jdbc.PgConnection         :   setAutoCommit = true 
2026-04-20T18:48:34.436+08:00 DEBUG 151 --- [   scheduling-1] org.postgresql.jdbc.PgConnection         :   setAutoCommit = false 
2026-04-20T18:48:34.439+08:00 DEBUG 151 --- [   scheduling-1] org.postgresql.jdbc.PgConnection         :   setAutoCommit = true 
2026-04-20T18:48:45.571+08:00 DEBUG 151 --- [   scheduling-1] org.postgresql.jdbc.PgConnection         :   setAutoCommit = false 
2026-04-20T18:48:45.572+08:00 DEBUG 151 --- [   scheduling-1] org.postgresql.jdbc.PgConnection         :   setAutoCommit = true 
2026-04-20T18:48:49.441+08:00 DEBUG 151 --- [   scheduling-1] org.postgresql.jdbc.PgConnection         :   setAutoCommit = false 
2026-04-20T18:48:49.444+08:00 DEBUG 151 --- [   scheduling-1] org.postgresql.jdbc.PgConnection         :   setAutoCommit = true 
2026-04-20T18:49:04.445+08:00 DEBUG 151 --- [   scheduling-1] org.postgresql.jdbc.PgConnection         :   setAutoCommit = false 
2026-04-20T18:49:04.448+08:00 DEBUG 151 --- [   scheduling-1] org.postgresql.jdbc.PgConnection         :   setAutoCommit = true 
2026-04-20T18:49:06.843+08:00 DEBUG 151 --- [   XNIO-1 I/O-6] io.undertow.request                      : Timing out idle connection from /172.19.0.16:35398 
2026-04-20T18:49:07.507+08:00 DEBUG 151 --- [  XNIO-1 task-3] io.undertow.request.security             : Attempting to authenticate /api/ingestion/tasks/list, authentication required: false 
2026-04-20T18:49:07.507+08:00 DEBUG 151 --- [  XNIO-1 task-3] io.undertow.request.security             : Authentication outcome was NOT_ATTEMPTED with method io.undertow.security.impl.CachedAuthenticatedSessionMechanism@72916f2a for /api/ingestion/tasks/list 
2026-04-20T18:49:07.507+08:00 DEBUG 151 --- [  XNIO-1 task-3] io.undertow.request.security             : Authentication result was ATTEMPTED for /api/ingestion/tasks/list 
2026-04-20T18:49:07.511+08:00 DEBUG 151 --- [  XNIO-1 task-3] org.postgresql.jdbc.PgConnection         :   setReadOnly = true 
2026-04-20T18:49:07.511+08:00 DEBUG 151 --- [  XNIO-1 task-3] org.postgresql.jdbc.PgConnection         :   setAutoCommit = false 
2026-04-20T18:49:07.515+08:00 DEBUG 151 --- [  XNIO-1 task-3] org.postgresql.jdbc.PgConnection         :   setAutoCommit = true 
2026-04-20T18:49:07.515+08:00 DEBUG 151 --- [  XNIO-1 task-3] org.postgresql.jdbc.PgConnection         :   setReadOnly = false 
2026-04-20T18:49:07.520+08:00 DEBUG 151 --- [  XNIO-1 task-3] io.undertow.request.security             : Attempting to authenticate /api/ingestion/tasks/1/executions, authentication required: false 
2026-04-20T18:49:07.520+08:00 DEBUG 151 --- [  XNIO-1 task-3] io.undertow.request.security             : Authentication outcome was NOT_ATTEMPTED with method io.undertow.security.impl.CachedAuthenticatedSessionMechanism@72916f2a for /api/ingestion/tasks/1/executions 
2026-04-20T18:49:07.520+08:00 DEBUG 151 --- [  XNIO-1 task-3] io.undertow.request.security             : Authentication result was ATTEMPTED for /api/ingestion/tasks/1/executions 
2026-04-20T18:49:07.524+08:00 DEBUG 151 --- [  XNIO-1 task-3] org.postgresql.jdbc.PgConnection         :   setAutoCommit = false 
2026-04-20T18:49:07.531+08:00 DEBUG 151 --- [  XNIO-1 task-3] org.postgresql.jdbc.PgConnection         :   setAutoCommit = true 
2026-04-20T18:49:15.573+08:00 DEBUG 151 --- [   scheduling-1] org.postgresql.jdbc.PgConnection         :   setAutoCommit = false 
2026-04-20T18:49:15.575+08:00 DEBUG 151 --- [   scheduling-1] org.postgresql.jdbc.PgConnection         :   setAutoCommit = true 
2026-04-20T18:49:19.449+08:00 DEBUG 151 --- [   scheduling-1] org.postgresql.jdbc.PgConnection         :   setAutoCommit = false 
2026-04-20T18:49:19.449+08:00 DEBUG 151 --- [   scheduling-1] org.postgresql.jdbc.PgConnection         :   setAutoCommit = true 
2026-04-20T18:49:34.450+08:00 DEBUG 151 --- [   scheduling-1] org.postgresql.jdbc.PgConnection         :   setAutoCommit = false 
2026-04-20T18:49:34.454+08:00 DEBUG 151 --- [   scheduling-1] org.postgresql.jdbc.PgConnection         :   setAutoCommit = true 
2026-04-20T18:49:45.576+08:00 DEBUG 151 --- [   scheduling-1] org.postgresql.jdbc.PgConnection         :   setAutoCommit = false 
2026-04-20T18:49:45.578+08:00 DEBUG 151 --- [   scheduling-1] org.postgresql.jdbc.PgConnection         :   setAutoCommit = true 
2026-04-20T18:49:49.454+08:00 DEBUG 151 --- [   scheduling-1] org.postgresql.jdbc.PgConnection         :   setAutoCommit = false 
2026-04-20T18:49:49.455+08:00 DEBUG 151 --- [   scheduling-1] org.postgresql.jdbc.PgConnection         :   setAutoCommit = true 
2026-04-20T18:50:04.456+08:00 DEBUG 151 --- [   scheduling-1] org.postgresql.jdbc.PgConnection         :   setAutoCommit = false 
2026-04-20T18:50:04.459+08:00 DEBUG 151 --- [   scheduling-1] org.postgresql.jdbc.PgConnection         :   setAutoCommit = true 
2026-04-20T18:50:07.657+08:00 DEBUG 151 --- [   XNIO-1 I/O-9] io.undertow.request                      : Timing out idle connection from /172.19.0.16:42862 
2026-04-20T18:50:08.413+08:00 DEBUG 151 --- [  XNIO-1 task-3] io.undertow.request.security             : Attempting to authenticate /api/ingestion/tasks/list, authentication required: false 
2026-04-20T18:50:08.414+08:00 DEBUG 151 --- [  XNIO-1 task-3] io.undertow.request.security             : Authentication outcome was NOT_ATTEMPTED with method io.undertow.security.impl.CachedAuthenticatedSessionMechanism@72916f2a for /api/ingestion/tasks/list 
2026-04-20T18:50:08.414+08:00 DEBUG 151 --- [  XNIO-1 task-3] io.undertow.request.security             : Authentication result was ATTEMPTED for /api/ingestion/tasks/list 
2026-04-20T18:50:08.417+08:00 DEBUG 151 --- [  XNIO-1 task-3] org.postgresql.jdbc.PgConnection         :   setReadOnly = true 
2026-04-20T18:50:08.417+08:00 DEBUG 151 --- [  XNIO-1 task-3] org.postgresql.jdbc.PgConnection         :   setAutoCommit = false 
2026-04-20T18:50:08.420+08:00 DEBUG 151 --- [  XNIO-1 task-3] org.postgresql.jdbc.PgConnection         :   setAutoCommit = true 
2026-04-20T18:50:08.421+08:00 DEBUG 151 --- [  XNIO-1 task-3] org.postgresql.jdbc.PgConnection         :   setReadOnly = false 
2026-04-20T18:50:08.426+08:00 DEBUG 151 --- [  XNIO-1 task-3] io.undertow.request.security             : Attempting to authenticate /api/ingestion/tasks/1/executions, authentication required: false 
2026-04-20T18:50:08.426+08:00 DEBUG 151 --- [  XNIO-1 task-3] io.undertow.request.security             : Authentication outcome was NOT_ATTEMPTED with method io.undertow.security.impl.CachedAuthenticatedSessionMechanism@72916f2a for /api/ingestion/tasks/1/executions 
2026-04-20T18:50:08.426+08:00 DEBUG 151 --- [  XNIO-1 task-3] io.undertow.request.security             : Authentication result was ATTEMPTED for /api/ingestion/tasks/1/executions 
2026-04-20T18:50:08.429+08:00 DEBUG 151 --- [  XNIO-1 task-3] org.postgresql.jdbc.PgConnection         :   setAutoCommit = false 
2026-04-20T18:50:08.435+08:00 DEBUG 151 --- [  XNIO-1 task-3] org.postgresql.jdbc.PgConnection         :   setAutoCommit = true 
2026-04-20T18:50:15.578+08:00 DEBUG 151 --- [   scheduling-1] org.postgresql.jdbc.PgConnection         :   setAutoCommit = false 
2026-04-20T18:50:15.579+08:00 DEBUG 151 --- [   scheduling-1] org.postgresql.jdbc.PgConnection         :   setAutoCommit = true 
2026-04-20T18:50:19.460+08:00 DEBUG 151 --- [   scheduling-1] org.postgresql.jdbc.PgConnection         :   setAutoCommit = false 
2026-04-20T18:50:19.463+08:00 DEBUG 151 --- [   scheduling-1] org.postgresql.jdbc.PgConnection         :   setAutoCommit = true 
2026-04-20T18:50:34.464+08:00 DEBUG 151 --- [   scheduling-1] org.postgresql.jdbc.PgConnection         :   setAutoCommit = false 
2026-04-20T18:50:34.467+08:00 DEBUG 151 --- [   scheduling-1] org.postgresql.jdbc.PgConnection         :   setAutoCommit = true 
2026-04-20T18:50:45.579+08:00 DEBUG 151 --- [   scheduling-1] org.postgresql.jdbc.PgConnection         :   setAutoCommit = false 
2026-04-20T18:50:45.580+08:00 DEBUG 151 --- [   scheduling-1] org.postgresql.jdbc.PgConnection         :   setAutoCommit = true 
2026-04-20T18:50:49.468+08:00 DEBUG 151 --- [   scheduling-1] org.postgresql.jdbc.PgConnection         :   setAutoCommit = false 
2026-04-20T18:50:49.469+08:00 DEBUG 151 --- [   scheduling-1] org.postgresql.jdbc.PgConnection         :   setAutoCommit = true 
2026-04-20T18:51:04.469+08:00 DEBUG 151 --- [   scheduling-1] org.postgresql.jdbc.PgConnection         :   setAutoCommit = false 
2026-04-20T18:51:04.470+08:00 DEBUG 151 --- [   scheduling-1] org.postgresql.jdbc.PgConnection         :   setAutoCommit = true 
2026-04-20T18:51:08.545+08:00 DEBUG 151 --- [   XNIO-1 I/O-5] io.undertow.request                      : Timing out idle connection from /172.19.0.16:43722 
2026-04-20T18:51:09.285+08:00 DEBUG 151 --- [  XNIO-1 task-3] io.undertow.request.security             : Attempting to authenticate /api/ingestion/tasks/list, authentication required: false 
2026-04-20T18:51:09.285+08:00 DEBUG 151 --- [  XNIO-1 task-3] io.undertow.request.security             : Authentication outcome was NOT_ATTEMPTED with method io.undertow.security.impl.CachedAuthenticatedSessionMechanism@72916f2a for /api/ingestion/tasks/list 
2026-04-20T18:51:09.285+08:00 DEBUG 151 --- [  XNIO-1 task-3] io.undertow.request.security             : Authentication result was ATTEMPTED for /api/ingestion/tasks/list 
2026-04-20T18:51:09.288+08:00 DEBUG 151 --- [  XNIO-1 task-3] org.postgresql.jdbc.PgConnection         :   setReadOnly = true 
2026-04-20T18:51:09.288+08:00 DEBUG 151 --- [  XNIO-1 task-3] org.postgresql.jdbc.PgConnection         :   setAutoCommit = false 
2026-04-20T18:51:09.292+08:00 DEBUG 151 --- [  XNIO-1 task-3] org.postgresql.jdbc.PgConnection         :   setAutoCommit = true 
2026-04-20T18:51:09.292+08:00 DEBUG 151 --- [  XNIO-1 task-3] org.postgresql.jdbc.PgConnection         :   setReadOnly = false 
2026-04-20T18:51:09.297+08:00 DEBUG 151 --- [  XNIO-1 task-3] io.undertow.request.security             : Attempting to authenticate /api/ingestion/tasks/1/executions, authentication required: false 
2026-04-20T18:51:09.297+08:00 DEBUG 151 --- [  XNIO-1 task-3] io.undertow.request.security             : Authentication outcome was NOT_ATTEMPTED with method io.undertow.security.impl.CachedAuthenticatedSessionMechanism@72916f2a for /api/ingestion/tasks/1/executions 
2026-04-20T18:51:09.297+08:00 DEBUG 151 --- [  XNIO-1 task-3] io.undertow.request.security             : Authentication result was ATTEMPTED for /api/ingestion/tasks/1/executions 
2026-04-20T18:51:09.300+08:00 DEBUG 151 --- [  XNIO-1 task-3] org.postgresql.jdbc.PgConnection         :   setAutoCommit = false 
2026-04-20T18:51:09.306+08:00 DEBUG 151 --- [  XNIO-1 task-3] org.postgresql.jdbc.PgConnection         :   setAutoCommit = true 
2026-04-20T18:51:15.581+08:00 DEBUG 151 --- [   scheduling-1] org.postgresql.jdbc.PgConnection         :   setAutoCommit = false 
2026-04-20T18:51:15.583+08:00 DEBUG 151 --- [   scheduling-1] org.postgresql.jdbc.PgConnection         :   setAutoCommit = true 
2026-04-20T18:51:19.471+08:00 DEBUG 151 --- [   scheduling-1] org.postgresql.jdbc.PgConnection         :   setAutoCommit = false 
2026-04-20T18:51:19.474+08:00 DEBUG 151 --- [   scheduling-1] org.postgresql.jdbc.PgConnection         :   setAutoCommit = true 
2026-04-20T18:51:21.324+08:00 DEBUG 151 --- [  XNIO-1 task-3] io.undertow.request.security             : Attempting to authenticate /api/ingestion/tasks/list, authentication required: false 
2026-04-20T18:51:21.324+08:00 DEBUG 151 --- [  XNIO-1 task-3] io.undertow.request.security             : Authentication outcome was NOT_ATTEMPTED with method io.undertow.security.impl.CachedAuthenticatedSessionMechanism@72916f2a for /api/ingestion/tasks/list 
2026-04-20T18:51:21.325+08:00 DEBUG 151 --- [  XNIO-1 task-3] io.undertow.request.security             : Authentication result was ATTEMPTED for /api/ingestion/tasks/list 
2026-04-20T18:51:21.326+08:00 DEBUG 151 --- [  XNIO-1 task-3] org.postgresql.jdbc.PgConnection         :   setReadOnly = true 
2026-04-20T18:51:21.326+08:00 DEBUG 151 --- [  XNIO-1 task-3] org.postgresql.jdbc.PgConnection         :   setAutoCommit = false 
2026-04-20T18:51:21.327+08:00 DEBUG 151 --- [  XNIO-1 task-3] org.postgresql.jdbc.PgConnection         :   setAutoCommit = true 
2026-04-20T18:51:21.327+08:00 DEBUG 151 --- [  XNIO-1 task-3] org.postgresql.jdbc.PgConnection         :   setReadOnly = false 
2026-04-20T18:51:34.476+08:00 DEBUG 151 --- [   scheduling-1] org.postgresql.jdbc.PgConnection         :   setAutoCommit = false 
2026-04-20T18:51:34.479+08:00 DEBUG 151 --- [   scheduling-1] org.postgresql.jdbc.PgConnection         :   setAutoCommit = true 
2026-04-20T18:51:45.584+08:00 DEBUG 151 --- [   scheduling-1] org.postgresql.jdbc.PgConnection         :   setAutoCommit = false 
2026-04-20T18:51:45.584+08:00 DEBUG 151 --- [   scheduling-1] org.postgresql.jdbc.PgConnection         :   setAutoCommit = true 
2026-04-20T18:51:49.480+08:00 DEBUG 151 --- [   scheduling-1] org.postgresql.jdbc.PgConnection         :   setAutoCommit = false 
2026-04-20T18:51:49.483+08:00 DEBUG 151 --- [   scheduling-1] org.postgresql.jdbc.PgConnection         :   setAutoCommit = true 
2026-04-20T18:52:04.485+08:00 DEBUG 151 --- [   scheduling-1] org.postgresql.jdbc.PgConnection         :   setAutoCommit = false 
2026-04-20T18:52:04.488+08:00 DEBUG 151 --- [   scheduling-1] org.postgresql.jdbc.PgConnection         :   setAutoCommit = true 
2026-04-20T18:52:10.196+08:00 DEBUG 151 --- [  XNIO-1 task-3] io.undertow.request.security             : Attempting to authenticate /api/ingestion/tasks/list, authentication required: false 
2026-04-20T18:52:10.196+08:00 DEBUG 151 --- [  XNIO-1 task-3] io.undertow.request.security             : Authentication outcome was NOT_ATTEMPTED with method io.undertow.security.impl.CachedAuthenticatedSessionMechanism@72916f2a for /api/ingestion/tasks/list 
2026-04-20T18:52:10.196+08:00 DEBUG 151 --- [  XNIO-1 task-3] io.undertow.request.security             : Authentication result was ATTEMPTED for /api/ingestion/tasks/list 
2026-04-20T18:52:10.199+08:00 DEBUG 151 --- [  XNIO-1 task-3] org.postgresql.jdbc.PgConnection         :   setReadOnly = true 
2026-04-20T18:52:10.200+08:00 DEBUG 151 --- [  XNIO-1 task-3] org.postgresql.jdbc.PgConnection         :   setAutoCommit = false 
2026-04-20T18:52:10.203+08:00 DEBUG 151 --- [  XNIO-1 task-3] org.postgresql.jdbc.PgConnection         :   setAutoCommit = true 
2026-04-20T18:52:10.203+08:00 DEBUG 151 --- [  XNIO-1 task-3] org.postgresql.jdbc.PgConnection         :   setReadOnly = false 
2026-04-20T18:52:10.207+08:00 DEBUG 151 --- [  XNIO-1 task-3] io.undertow.request.security             : Attempting to authenticate /api/ingestion/tasks/1/executions, authentication required: false 
2026-04-20T18:52:10.207+08:00 DEBUG 151 --- [  XNIO-1 task-3] io.undertow.request.security             : Authentication outcome was NOT_ATTEMPTED with method io.undertow.security.impl.CachedAuthenticatedSessionMechanism@72916f2a for /api/ingestion/tasks/1/executions 
2026-04-20T18:52:10.207+08:00 DEBUG 151 --- [  XNIO-1 task-3] io.undertow.request.security             : Authentication result was ATTEMPTED for /api/ingestion/tasks/1/executions 
2026-04-20T18:52:10.208+08:00 DEBUG 151 --- [  XNIO-1 task-3] org.postgresql.jdbc.PgConnection         :   setAutoCommit = false 
2026-04-20T18:52:10.209+08:00 DEBUG 151 --- [  XNIO-1 task-3] org.postgresql.jdbc.PgConnection         :   setAutoCommit = true 
2026-04-20T18:52:15.585+08:00 DEBUG 151 --- [   scheduling-1] org.postgresql.jdbc.PgConnection         :   setAutoCommit = false 
2026-04-20T18:52:15.585+08:00 DEBUG 151 --- [   scheduling-1] org.postgresql.jdbc.PgConnection         :   setAutoCommit = true 
2026-04-20T18:52:19.488+08:00 DEBUG 151 --- [   scheduling-1] org.postgresql.jdbc.PgConnection         :   setAutoCommit = false 
2026-04-20T18:52:19.489+08:00 DEBUG 151 --- [   scheduling-1] org.postgresql.jdbc.PgConnection         :   setAutoCommit = true 
2026-04-20T18:52:34.490+08:00 DEBUG 151 --- [   scheduling-1] org.postgresql.jdbc.PgConnection         :   setAutoCommit = false 
2026-04-20T18:52:34.491+08:00 DEBUG 151 --- [   scheduling-1] org.postgresql.jdbc.PgConnection         :   setAutoCommit = true 
2026-04-20T18:52:45.241+08:00 DEBUG 151 --- [  XNIO-1 task-3] io.undertow.request.security             : Attempting to authenticate /api/ingestion/templates, authentication required: false 
2026-04-20T18:52:45.241+08:00 DEBUG 151 --- [  XNIO-1 task-3] io.undertow.request.security             : Authentication outcome was NOT_ATTEMPTED with method io.undertow.security.impl.CachedAuthenticatedSessionMechanism@72916f2a for /api/ingestion/templates 
2026-04-20T18:52:45.241+08:00 DEBUG 151 --- [  XNIO-1 task-3] io.undertow.request.security             : Authentication result was ATTEMPTED for /api/ingestion/templates 
2026-04-20T18:52:45.241+08:00 DEBUG 151 --- [  XNIO-1 task-2] io.undertow.request.security             : Attempting to authenticate /api/ingestion/connectors/capabilities, authentication required: false 
2026-04-20T18:52:45.241+08:00 DEBUG 151 --- [  XNIO-1 task-2] io.undertow.request.security             : Authentication outcome was NOT_ATTEMPTED with method io.undertow.security.impl.CachedAuthenticatedSessionMechanism@72916f2a for /api/ingestion/connectors/capabilities 
2026-04-20T18:52:45.241+08:00 DEBUG 151 --- [  XNIO-1 task-2] io.undertow.request.security             : Authentication result was ATTEMPTED for /api/ingestion/connectors/capabilities 
2026-04-20T18:52:45.242+08:00 DEBUG 151 --- [  XNIO-1 task-2] org.postgresql.jdbc.PgConnection         :   setReadOnly = true 
2026-04-20T18:52:45.242+08:00 DEBUG 151 --- [  XNIO-1 task-2] org.postgresql.jdbc.PgConnection         :   setAutoCommit = false 
2026-04-20T18:52:45.243+08:00 DEBUG 151 --- [  XNIO-1 task-2] org.postgresql.jdbc.PgConnection         :   setAutoCommit = true 
2026-04-20T18:52:45.243+08:00 DEBUG 151 --- [  XNIO-1 task-2] org.postgresql.jdbc.PgConnection         :   setReadOnly = false 
2026-04-20T18:52:45.586+08:00 DEBUG 151 --- [   scheduling-1] org.postgresql.jdbc.PgConnection         :   setAutoCommit = false 
2026-04-20T18:52:45.586+08:00 DEBUG 151 --- [   scheduling-1] org.postgresql.jdbc.PgConnection         :   setAutoCommit = true 
2026-04-20T18:52:49.492+08:00 DEBUG 151 --- [   scheduling-1] org.postgresql.jdbc.PgConnection         :   setAutoCommit = false 
2026-04-20T18:52:49.496+08:00 DEBUG 151 --- [   scheduling-1] org.postgresql.jdbc.PgConnection         :   setAutoCommit = true 
2026-04-20T18:53:04.497+08:00 DEBUG 151 --- [   scheduling-1] org.postgresql.jdbc.PgConnection         :   setAutoCommit = false 
2026-04-20T18:53:04.501+08:00 DEBUG 151 --- [   scheduling-1] org.postgresql.jdbc.PgConnection         :   setAutoCommit = true 
2026-04-20T18:53:10.974+08:00 DEBUG 151 --- [  XNIO-1 task-2] io.undertow.request.security             : Attempting to authenticate /api/ingestion/tasks/list, authentication required: false 
2026-04-20T18:53:10.975+08:00 DEBUG 151 --- [  XNIO-1 task-2] io.undertow.request.security             : Authentication outcome was NOT_ATTEMPTED with method io.undertow.security.impl.CachedAuthenticatedSessionMechanism@72916f2a for /api/ingestion/tasks/list 
2026-04-20T18:53:10.975+08:00 DEBUG 151 --- [  XNIO-1 task-2] io.undertow.request.security             : Authentication result was ATTEMPTED for /api/ingestion/tasks/list 
2026-04-20T18:53:10.975+08:00 DEBUG 151 --- [  XNIO-1 task-2] org.postgresql.jdbc.PgConnection         :   setReadOnly = true 
2026-04-20T18:53:10.976+08:00 DEBUG 151 --- [  XNIO-1 task-2] org.postgresql.jdbc.PgConnection         :   setAutoCommit = false 
2026-04-20T18:53:10.976+08:00 DEBUG 151 --- [  XNIO-1 task-2] org.postgresql.jdbc.PgConnection         :   setAutoCommit = true 
2026-04-20T18:53:10.976+08:00 DEBUG 151 --- [  XNIO-1 task-2] org.postgresql.jdbc.PgConnection         :   setReadOnly = false 
2026-04-20T18:53:10.978+08:00 DEBUG 151 --- [  XNIO-1 task-2] io.undertow.request.security             : Attempting to authenticate /api/ingestion/tasks/1/executions, authentication required: false 
2026-04-20T18:53:10.978+08:00 DEBUG 151 --- [  XNIO-1 task-2] io.undertow.request.security             : Authentication outcome was NOT_ATTEMPTED with method io.undertow.security.impl.CachedAuthenticatedSessionMechanism@72916f2a for /api/ingestion/tasks/1/executions 
2026-04-20T18:53:10.978+08:00 DEBUG 151 --- [  XNIO-1 task-2] io.undertow.request.security             : Authentication result was ATTEMPTED for /api/ingestion/tasks/1/executions 
2026-04-20T18:53:10.979+08:00 DEBUG 151 --- [  XNIO-1 task-2] org.postgresql.jdbc.PgConnection         :   setAutoCommit = false 
2026-04-20T18:53:10.981+08:00 DEBUG 151 --- [  XNIO-1 task-2] org.postgresql.jdbc.PgConnection         :   setAutoCommit = true 
2026-04-20T18:53:15.587+08:00 DEBUG 151 --- [   scheduling-1] org.postgresql.jdbc.PgConnection         :   setAutoCommit = false 
2026-04-20T18:53:15.587+08:00 DEBUG 151 --- [   scheduling-1] org.postgresql.jdbc.PgConnection         :   setAutoCommit = true 
2026-04-20T18:53:19.501+08:00 DEBUG 151 --- [   scheduling-1] org.postgresql.jdbc.PgConnection         :   setAutoCommit = false 
2026-04-20T18:53:19.504+08:00 DEBUG 151 --- [   scheduling-1] org.postgresql.jdbc.PgConnection         :   setAutoCommit = true 
2026-04-20T18:53:34.505+08:00 DEBUG 151 --- [   scheduling-1] org.postgresql.jdbc.PgConnection         :   setAutoCommit = false 
2026-04-20T18:53:34.508+08:00 DEBUG 151 --- [   scheduling-1] org.postgresql.jdbc.PgConnection         :   setAutoCommit = true 
2026-04-20T18:53:45.391+08:00 DEBUG 151 --- [  XNIO-1 I/O-13] io.undertow.request                      : Timing out idle connection from /172.19.0.16:55638 
2026-04-20T18:53:45.588+08:00 DEBUG 151 --- [   scheduling-1] org.postgresql.jdbc.PgConnection         :   setAutoCommit = false 
2026-04-20T18:53:45.590+08:00 DEBUG 151 --- [   scheduling-1] org.postgresql.jdbc.PgConnection         :   setAutoCommit = true 
2026-04-20T18:53:49.509+08:00 DEBUG 151 --- [   scheduling-1] org.postgresql.jdbc.PgConnection         :   setAutoCommit = false 
2026-04-20T18:53:49.512+08:00 DEBUG 151 --- [   scheduling-1] org.postgresql.jdbc.PgConnection         :   setAutoCommit = true 
2026-04-20T18:54:04.513+08:00 DEBUG 151 --- [   scheduling-1] org.postgresql.jdbc.PgConnection         :   setAutoCommit = false 
2026-04-20T18:54:04.513+08:00 DEBUG 151 --- [   scheduling-1] org.postgresql.jdbc.PgConnection         :   setAutoCommit = true 
2026-04-20T18:54:11.115+08:00 DEBUG 151 --- [  XNIO-1 I/O-16] io.undertow.request                      : Timing out idle connection from /172.19.0.16:43098 
2026-04-20T18:54:11.820+08:00 DEBUG 151 --- [  XNIO-1 task-2] io.undertow.request.security             : Attempting to authenticate /api/ingestion/tasks/list, authentication required: false 
2026-04-20T18:54:11.820+08:00 DEBUG 151 --- [  XNIO-1 task-2] io.undertow.request.security             : Authentication outcome was NOT_ATTEMPTED with method io.undertow.security.impl.CachedAuthenticatedSessionMechanism@72916f2a for /api/ingestion/tasks/list 
2026-04-20T18:54:11.820+08:00 DEBUG 151 --- [  XNIO-1 task-2] io.undertow.request.security             : Authentication result was ATTEMPTED for /api/ingestion/tasks/list 
2026-04-20T18:54:11.824+08:00 DEBUG 151 --- [  XNIO-1 task-2] org.postgresql.jdbc.PgConnection         :   setReadOnly = true 
2026-04-20T18:54:11.824+08:00 DEBUG 151 --- [  XNIO-1 task-2] org.postgresql.jdbc.PgConnection         :   setAutoCommit = false 
2026-04-20T18:54:11.827+08:00 DEBUG 151 --- [  XNIO-1 task-2] org.postgresql.jdbc.PgConnection         :   setAutoCommit = true 
2026-04-20T18:54:11.827+08:00 DEBUG 151 --- [  XNIO-1 task-2] org.postgresql.jdbc.PgConnection         :   setReadOnly = false 
2026-04-20T18:54:11.832+08:00 DEBUG 151 --- [  XNIO-1 task-2] io.undertow.request.security             : Attempting to authenticate /api/ingestion/tasks/1/executions, authentication required: false 
2026-04-20T18:54:11.832+08:00 DEBUG 151 --- [  XNIO-1 task-2] io.undertow.request.security             : Authentication outcome was NOT_ATTEMPTED with method io.undertow.security.impl.CachedAuthenticatedSessionMechanism@72916f2a for /api/ingestion/tasks/1/executions 
2026-04-20T18:54:11.832+08:00 DEBUG 151 --- [  XNIO-1 task-2] io.undertow.request.security             : Authentication result was ATTEMPTED for /api/ingestion/tasks/1/executions 
2026-04-20T18:54:11.835+08:00 DEBUG 151 --- [  XNIO-1 task-2] org.postgresql.jdbc.PgConnection         :   setAutoCommit = false 
2026-04-20T18:54:11.841+08:00 DEBUG 151 --- [  XNIO-1 task-2] org.postgresql.jdbc.PgConnection         :   setAutoCommit = true 
2026-04-20T18:54:15.591+08:00 DEBUG 151 --- [   scheduling-1] org.postgresql.jdbc.PgConnection         :   setAutoCommit = false 
2026-04-20T18:54:15.592+08:00 DEBUG 151 --- [   scheduling-1] org.postgresql.jdbc.PgConnection         :   setAutoCommit = true 
2026-04-20T18:54:19.514+08:00 DEBUG 151 --- [   scheduling-1] org.postgresql.jdbc.PgConnection         :   setAutoCommit = false 
2026-04-20T18:54:19.515+08:00 DEBUG 151 --- [   scheduling-1] org.postgresql.jdbc.PgConnection         :   setAutoCommit = true 
2026-04-20T18:54:34.516+08:00 DEBUG 151 --- [   scheduling-1] org.postgresql.jdbc.PgConnection         :   setAutoCommit = false 
2026-04-20T18:54:34.519+08:00 DEBUG 151 --- [   scheduling-1] org.postgresql.jdbc.PgConnection         :   setAutoCommit = true 
2026-04-20T18:54:45.592+08:00 DEBUG 151 --- [   scheduling-1] org.postgresql.jdbc.PgConnection         :   setAutoCommit = false 
2026-04-20T18:54:45.593+08:00 DEBUG 151 --- [   scheduling-1] org.postgresql.jdbc.PgConnection         :   setAutoCommit = true 
2026-04-20T18:54:49.520+08:00 DEBUG 151 --- [   scheduling-1] org.postgresql.jdbc.PgConnection         :   setAutoCommit = false 
2026-04-20T18:54:49.522+08:00 DEBUG 151 --- [   scheduling-1] org.postgresql.jdbc.PgConnection         :   setAutoCommit = true 
2026-04-20T18:55:04.523+08:00 DEBUG 151 --- [   scheduling-1] org.postgresql.jdbc.PgConnection         :   setAutoCommit = false 
2026-04-20T18:55:04.524+08:00 DEBUG 151 --- [   scheduling-1] org.postgresql.jdbc.PgConnection         :   setAutoCommit = true 
2026-04-20T18:55:11.937+08:00 DEBUG 151 --- [  XNIO-1 I/O-13] io.undertow.request                      : Timing out idle connection from /172.19.0.16:54454 
2026-04-20T18:55:12.637+08:00 DEBUG 151 --- [  XNIO-1 task-2] io.undertow.request.security             : Attempting to authenticate /api/ingestion/tasks/list, authentication required: false 
2026-04-20T18:55:12.637+08:00 DEBUG 151 --- [  XNIO-1 task-2] io.undertow.request.security             : Authentication outcome was NOT_ATTEMPTED with method io.undertow.security.impl.CachedAuthenticatedSessionMechanism@72916f2a for /api/ingestion/tasks/list 
2026-04-20T18:55:12.637+08:00 DEBUG 151 --- [  XNIO-1 task-2] io.undertow.request.security             : Authentication result was ATTEMPTED for /api/ingestion/tasks/list 
2026-04-20T18:55:12.640+08:00 DEBUG 151 --- [  XNIO-1 task-2] org.postgresql.jdbc.PgConnection         :   setReadOnly = true 
2026-04-20T18:55:12.641+08:00 DEBUG 151 --- [  XNIO-1 task-2] org.postgresql.jdbc.PgConnection         :   setAutoCommit = false 
2026-04-20T18:55:12.644+08:00 DEBUG 151 --- [  XNIO-1 task-2] org.postgresql.jdbc.PgConnection         :   setAutoCommit = true 
2026-04-20T18:55:12.644+08:00 DEBUG 151 --- [  XNIO-1 task-2] org.postgresql.jdbc.PgConnection         :   setReadOnly = false 
2026-04-20T18:55:12.649+08:00 DEBUG 151 --- [  XNIO-1 task-2] io.undertow.request.security             : Attempting to authenticate /api/ingestion/tasks/1/executions, authentication required: false 
2026-04-20T18:55:12.649+08:00 DEBUG 151 --- [  XNIO-1 task-2] io.undertow.request.security             : Authentication outcome was NOT_ATTEMPTED with method io.undertow.security.impl.CachedAuthenticatedSessionMechanism@72916f2a for /api/ingestion/tasks/1/executions 
2026-04-20T18:55:12.649+08:00 DEBUG 151 --- [  XNIO-1 task-2] io.undertow.request.security             : Authentication result was ATTEMPTED for /api/ingestion/tasks/1/executions 
2026-04-20T18:55:12.651+08:00 DEBUG 151 --- [  XNIO-1 task-2] org.postgresql.jdbc.PgConnection         :   setAutoCommit = false 
2026-04-20T18:55:12.652+08:00 DEBUG 151 --- [  XNIO-1 task-2] org.postgresql.jdbc.PgConnection         :   setAutoCommit = true 
2026-04-20T18:55:15.593+08:00 DEBUG 151 --- [   scheduling-1] org.postgresql.jdbc.PgConnection         :   setAutoCommit = false 
2026-04-20T18:55:15.594+08:00 DEBUG 151 --- [   scheduling-1] org.postgresql.jdbc.PgConnection         :   setAutoCommit = true 
2026-04-20T18:55:19.524+08:00 DEBUG 151 --- [   scheduling-1] org.postgresql.jdbc.PgConnection         :   setAutoCommit = false 
2026-04-20T18:55:19.525+08:00 DEBUG 151 --- [   scheduling-1] org.postgresql.jdbc.PgConnection         :   setAutoCommit = true 
2026-04-20T18:55:34.526+08:00 DEBUG 151 --- [   scheduling-1] org.postgresql.jdbc.PgConnection         :   setAutoCommit = false 
2026-04-20T18:55:34.529+08:00 DEBUG 151 --- [   scheduling-1] org.postgresql.jdbc.PgConnection         :   setAutoCommit = true 
2026-04-20T18:55:45.594+08:00 DEBUG 151 --- [   scheduling-1] org.postgresql.jdbc.PgConnection         :   setAutoCommit = false 
2026-04-20T18:55:45.595+08:00 DEBUG 151 --- [   scheduling-1] org.postgresql.jdbc.PgConnection         :   setAutoCommit = true 
2026-04-20T18:55:49.530+08:00 DEBUG 151 --- [   scheduling-1] org.postgresql.jdbc.PgConnection         :   setAutoCommit = false 
2026-04-20T18:55:49.531+08:00 DEBUG 151 --- [   scheduling-1] org.postgresql.jdbc.PgConnection         :   setAutoCommit = true 
2026-04-20T18:56:04.532+08:00 DEBUG 151 --- [   scheduling-1] org.postgresql.jdbc.PgConnection         :   setAutoCommit = false 
2026-04-20T18:56:04.534+08:00 DEBUG 151 --- [   scheduling-1] org.postgresql.jdbc.PgConnection         :   setAutoCommit = true 
2026-04-20T18:56:12.787+08:00 DEBUG 151 --- [   XNIO-1 I/O-6] io.undertow.request                      : Timing out idle connection from /172.19.0.16:44976 
2026-04-20T18:56:13.492+08:00 DEBUG 151 --- [  XNIO-1 task-2] io.undertow.request.security             : Attempting to authenticate /api/ingestion/tasks/list, authentication required: false 
2026-04-20T18:56:13.492+08:00 DEBUG 151 --- [  XNIO-1 task-2] io.undertow.request.security             : Authentication outcome was NOT_ATTEMPTED with method io.undertow.security.impl.CachedAuthenticatedSessionMechanism@72916f2a for /api/ingestion/tasks/list 
2026-04-20T18:56:13.492+08:00 DEBUG 151 --- [  XNIO-1 task-2] io.undertow.request.security             : Authentication result was ATTEMPTED for /api/ingestion/tasks/list 
2026-04-20T18:56:13.495+08:00 DEBUG 151 --- [  XNIO-1 task-2] org.postgresql.jdbc.PgConnection         :   setReadOnly = true 
2026-04-20T18:56:13.496+08:00 DEBUG 151 --- [  XNIO-1 task-2] org.postgresql.jdbc.PgConnection         :   setAutoCommit = false 
2026-04-20T18:56:13.499+08:00 DEBUG 151 --- [  XNIO-1 task-2] org.postgresql.jdbc.PgConnection         :   setAutoCommit = true 
2026-04-20T18:56:13.499+08:00 DEBUG 151 --- [  XNIO-1 task-2] org.postgresql.jdbc.PgConnection         :   setReadOnly = false 
2026-04-20T18:56:13.504+08:00 DEBUG 151 --- [  XNIO-1 task-2] io.undertow.request.security             : Attempting to authenticate /api/ingestion/tasks/1/executions, authentication required: false 
2026-04-20T18:56:13.504+08:00 DEBUG 151 --- [  XNIO-1 task-2] io.undertow.request.security             : Authentication outcome was NOT_ATTEMPTED with method io.undertow.security.impl.CachedAuthenticatedSessionMechanism@72916f2a for /api/ingestion/tasks/1/executions 
2026-04-20T18:56:13.504+08:00 DEBUG 151 --- [  XNIO-1 task-2] io.undertow.request.security             : Authentication result was ATTEMPTED for /api/ingestion/tasks/1/executions 
2026-04-20T18:56:13.507+08:00 DEBUG 151 --- [  XNIO-1 task-2] org.postgresql.jdbc.PgConnection         :   setAutoCommit = false 
2026-04-20T18:56:13.513+08:00 DEBUG 151 --- [  XNIO-1 task-2] org.postgresql.jdbc.PgConnection         :   setAutoCommit = true 
2026-04-20T18:56:15.596+08:00 DEBUG 151 --- [   scheduling-1] org.postgresql.jdbc.PgConnection         :   setAutoCommit = false 
2026-04-20T18:56:15.597+08:00 DEBUG 151 --- [   scheduling-1] org.postgresql.jdbc.PgConnection         :   setAutoCommit = true 
2026-04-20T18:56:19.534+08:00 DEBUG 151 --- [   scheduling-1] org.postgresql.jdbc.PgConnection         :   setAutoCommit = false 
2026-04-20T18:56:19.535+08:00 DEBUG 151 --- [   scheduling-1] org.postgresql.jdbc.PgConnection         :   setAutoCommit = true 
2026-04-20T18:56:34.536+08:00 DEBUG 151 --- [   scheduling-1] org.postgresql.jdbc.PgConnection         :   setAutoCommit = false 
2026-04-20T18:56:34.537+08:00 DEBUG 151 --- [   scheduling-1] org.postgresql.jdbc.PgConnection         :   setAutoCommit = true 
2026-04-20T18:56:45.598+08:00 DEBUG 151 --- [   scheduling-1] org.postgresql.jdbc.PgConnection         :   setAutoCommit = false 
2026-04-20T18:56:45.600+08:00 DEBUG 151 --- [   scheduling-1] org.postgresql.jdbc.PgConnection         :   setAutoCommit = true 
2026-04-20T18:56:49.538+08:00 DEBUG 151 --- [   scheduling-1] org.postgresql.jdbc.PgConnection         :   setAutoCommit = false 
2026-04-20T18:56:49.541+08:00 DEBUG 151 --- [   scheduling-1] org.postgresql.jdbc.PgConnection         :   setAutoCommit = true 
2026-04-20T18:57:04.542+08:00 DEBUG 151 --- [   scheduling-1] org.postgresql.jdbc.PgConnection         :   setAutoCommit = false 
2026-04-20T18:57:04.543+08:00 DEBUG 151 --- [   scheduling-1] org.postgresql.jdbc.PgConnection         :   setAutoCommit = true 
2026-04-20T18:57:13.642+08:00 DEBUG 151 --- [   XNIO-1 I/O-6] io.undertow.request                      : Timing out idle connection from /172.19.0.16:53706 
2026-04-20T18:57:14.363+08:00 DEBUG 151 --- [  XNIO-1 task-2] io.undertow.request.security             : Attempting to authenticate /api/ingestion/tasks/list, authentication required: false 
2026-04-20T18:57:14.364+08:00 DEBUG 151 --- [  XNIO-1 task-2] io.undertow.request.security             : Authentication outcome was NOT_ATTEMPTED with method io.undertow.security.impl.CachedAuthenticatedSessionMechanism@72916f2a for /api/ingestion/tasks/list 
2026-04-20T18:57:14.364+08:00 DEBUG 151 --- [  XNIO-1 task-2] io.undertow.request.security             : Authentication result was ATTEMPTED for /api/ingestion/tasks/list 
2026-04-20T18:57:14.364+08:00 DEBUG 151 --- [  XNIO-1 task-2] org.postgresql.jdbc.PgConnection         :   setReadOnly = true 
2026-04-20T18:57:14.364+08:00 DEBUG 151 --- [  XNIO-1 task-2] org.postgresql.jdbc.PgConnection         :   setAutoCommit = false 
2026-04-20T18:57:14.365+08:00 DEBUG 151 --- [  XNIO-1 task-2] org.postgresql.jdbc.PgConnection         :   setAutoCommit = true 
2026-04-20T18:57:14.366+08:00 DEBUG 151 --- [  XNIO-1 task-2] org.postgresql.jdbc.PgConnection         :   setReadOnly = false 
2026-04-20T18:57:14.367+08:00 DEBUG 151 --- [  XNIO-1 task-2] io.undertow.request.security             : Attempting to authenticate /api/ingestion/tasks/1/executions, authentication required: false 
2026-04-20T18:57:14.367+08:00 DEBUG 151 --- [  XNIO-1 task-2] io.undertow.request.security             : Authentication outcome was NOT_ATTEMPTED with method io.undertow.security.impl.CachedAuthenticatedSessionMechanism@72916f2a for /api/ingestion/tasks/1/executions 
2026-04-20T18:57:14.367+08:00 DEBUG 151 --- [  XNIO-1 task-2] io.undertow.request.security             : Authentication result was ATTEMPTED for /api/ingestion/tasks/1/executions 
2026-04-20T18:57:14.368+08:00 DEBUG 151 --- [  XNIO-1 task-2] org.postgresql.jdbc.PgConnection         :   setAutoCommit = false 
2026-04-20T18:57:14.369+08:00 DEBUG 151 --- [  XNIO-1 task-2] org.postgresql.jdbc.PgConnection         :   setAutoCommit = true 
2026-04-20T18:57:15.601+08:00 DEBUG 151 --- [   scheduling-1] org.postgresql.jdbc.PgConnection         :   setAutoCommit = false 
2026-04-20T18:57:15.601+08:00 DEBUG 151 --- [   scheduling-1] org.postgresql.jdbc.PgConnection         :   setAutoCommit = true 
2026-04-20T18:57:19.543+08:00 DEBUG 151 --- [   scheduling-1] org.postgresql.jdbc.PgConnection         :   setAutoCommit = false 
2026-04-20T18:57:19.544+08:00 DEBUG 151 --- [   scheduling-1] org.postgresql.jdbc.PgConnection         :   setAutoCommit = true 
2026-04-20T18:57:34.545+08:00 DEBUG 151 --- [   scheduling-1] org.postgresql.jdbc.PgConnection         :   setAutoCommit = false 
2026-04-20T18:57:34.548+08:00 DEBUG 151 --- [   scheduling-1] org.postgresql.jdbc.PgConnection         :   setAutoCommit = true 
2026-04-20T18:57:45.602+08:00 DEBUG 151 --- [   scheduling-1] org.postgresql.jdbc.PgConnection         :   setAutoCommit = false 
2026-04-20T18:57:45.604+08:00 DEBUG 151 --- [   scheduling-1] org.postgresql.jdbc.PgConnection         :   setAutoCommit = true 
2026-04-20T18:57:49.549+08:00 DEBUG 151 --- [   scheduling-1] org.postgresql.jdbc.PgConnection         :   setAutoCommit = false 
2026-04-20T18:57:49.550+08:00 DEBUG 151 --- [   scheduling-1] org.postgresql.jdbc.PgConnection         :   setAutoCommit = true 
2026-04-20T18:58:04.551+08:00 DEBUG 151 --- [   scheduling-1] org.postgresql.jdbc.PgConnection         :   setAutoCommit = false 
2026-04-20T18:58:04.555+08:00 DEBUG 151 --- [   scheduling-1] org.postgresql.jdbc.PgConnection         :   setAutoCommit = true 
2026-04-20T18:58:14.514+08:00 DEBUG 151 --- [  XNIO-1 I/O-11] io.undertow.request                      : Timing out idle connection from /172.19.0.16:40014 
2026-04-20T18:58:15.220+08:00 DEBUG 151 --- [  XNIO-1 task-2] io.undertow.request.security             : Attempting to authenticate /api/ingestion/tasks/list, authentication required: false 
2026-04-20T18:58:15.220+08:00 DEBUG 151 --- [  XNIO-1 task-2] io.undertow.request.security             : Authentication outcome was NOT_ATTEMPTED with method io.undertow.security.impl.CachedAuthenticatedSessionMechanism@72916f2a for /api/ingestion/tasks/list 
2026-04-20T18:58:15.220+08:00 DEBUG 151 --- [  XNIO-1 task-2] io.undertow.request.security             : Authentication result was ATTEMPTED for /api/ingestion/tasks/list 
2026-04-20T18:58:15.224+08:00 DEBUG 151 --- [  XNIO-1 task-2] org.postgresql.jdbc.PgConnection         :   setReadOnly = true 
2026-04-20T18:58:15.224+08:00 DEBUG 151 --- [  XNIO-1 task-2] org.postgresql.jdbc.PgConnection         :   setAutoCommit = false 
2026-04-20T18:58:15.227+08:00 DEBUG 151 --- [  XNIO-1 task-2] org.postgresql.jdbc.PgConnection         :   setAutoCommit = true 
2026-04-20T18:58:15.227+08:00 DEBUG 151 --- [  XNIO-1 task-2] org.postgresql.jdbc.PgConnection         :   setReadOnly = false 
2026-04-20T18:58:15.232+08:00 DEBUG 151 --- [  XNIO-1 task-2] io.undertow.request.security             : Attempting to authenticate /api/ingestion/tasks/1/executions, authentication required: false 
2026-04-20T18:58:15.232+08:00 DEBUG 151 --- [  XNIO-1 task-2] io.undertow.request.security             : Authentication outcome was NOT_ATTEMPTED with method io.undertow.security.impl.CachedAuthenticatedSessionMechanism@72916f2a for /api/ingestion/tasks/1/executions 
2026-04-20T18:58:15.233+08:00 DEBUG 151 --- [  XNIO-1 task-2] io.undertow.request.security             : Authentication result was ATTEMPTED for /api/ingestion/tasks/1/executions 
2026-04-20T18:58:15.236+08:00 DEBUG 151 --- [  XNIO-1 task-2] org.postgresql.jdbc.PgConnection         :   setAutoCommit = false 
2026-04-20T18:58:15.241+08:00 DEBUG 151 --- [  XNIO-1 task-2] org.postgresql.jdbc.PgConnection         :   setAutoCommit = true 
2026-04-20T18:58:15.605+08:00 DEBUG 151 --- [   scheduling-1] org.postgresql.jdbc.PgConnection         :   setAutoCommit = false 
2026-04-20T18:58:15.605+08:00 DEBUG 151 --- [   scheduling-1] org.postgresql.jdbc.PgConnection         :   setAutoCommit = true 
2026-04-20T18:58:19.555+08:00 DEBUG 151 --- [   scheduling-1] org.postgresql.jdbc.PgConnection         :   setAutoCommit = false 
2026-04-20T18:58:19.556+08:00 DEBUG 151 --- [   scheduling-1] org.postgresql.jdbc.PgConnection         :   setAutoCommit = true 
2026-04-20T18:58:34.557+08:00 DEBUG 151 --- [   scheduling-1] org.postgresql.jdbc.PgConnection         :   setAutoCommit = false 
2026-04-20T18:58:34.557+08:00 DEBUG 151 --- [   scheduling-1] org.postgresql.jdbc.PgConnection         :   setAutoCommit = true 
2026-04-20T18:58:45.606+08:00 DEBUG 151 --- [   scheduling-1] org.postgresql.jdbc.PgConnection         :   setAutoCommit = false 
2026-04-20T18:58:45.606+08:00 DEBUG 151 --- [   scheduling-1] org.postgresql.jdbc.PgConnection         :   setAutoCommit = true 
2026-04-20T18:58:49.558+08:00 DEBUG 151 --- [   scheduling-1] org.postgresql.jdbc.PgConnection         :   setAutoCommit = false 
2026-04-20T18:58:49.559+08:00 DEBUG 151 --- [   scheduling-1] org.postgresql.jdbc.PgConnection         :   setAutoCommit = true 
2026-04-20T18:59:04.560+08:00 DEBUG 151 --- [   scheduling-1] org.postgresql.jdbc.PgConnection         :   setAutoCommit = false 
2026-04-20T18:59:04.562+08:00 DEBUG 151 --- [   scheduling-1] org.postgresql.jdbc.PgConnection         :   setAutoCommit = true 
2026-04-20T18:59:15.371+08:00 DEBUG 151 --- [  XNIO-1 I/O-13] io.undertow.request                      : Timing out idle connection from /172.19.0.16:56144 
2026-04-20T18:59:15.607+08:00 DEBUG 151 --- [   scheduling-1] org.postgresql.jdbc.PgConnection         :   setAutoCommit = false 
2026-04-20T18:59:15.607+08:00 DEBUG 151 --- [   scheduling-1] org.postgresql.jdbc.PgConnection         :   setAutoCommit = true 
2026-04-20T18:59:16.103+08:00 DEBUG 151 --- [  XNIO-1 task-2] io.undertow.request.security             : Attempting to authenticate /api/ingestion/tasks/list, authentication required: false 
2026-04-20T18:59:16.103+08:00 DEBUG 151 --- [  XNIO-1 task-2] io.undertow.request.security             : Authentication outcome was NOT_ATTEMPTED with method io.undertow.security.impl.CachedAuthenticatedSessionMechanism@72916f2a for /api/ingestion/tasks/list 
2026-04-20T18:59:16.103+08:00 DEBUG 151 --- [  XNIO-1 task-2] io.undertow.request.security             : Authentication result was ATTEMPTED for /api/ingestion/tasks/list 
2026-04-20T18:59:16.106+08:00 DEBUG 151 --- [  XNIO-1 task-2] org.postgresql.jdbc.PgConnection         :   setReadOnly = true 
2026-04-20T18:59:16.106+08:00 DEBUG 151 --- [  XNIO-1 task-2] org.postgresql.jdbc.PgConnection         :   setAutoCommit = false 
2026-04-20T18:59:16.110+08:00 DEBUG 151 --- [  XNIO-1 task-2] org.postgresql.jdbc.PgConnection         :   setAutoCommit = true 
2026-04-20T18:59:16.110+08:00 DEBUG 151 --- [  XNIO-1 task-2] org.postgresql.jdbc.PgConnection         :   setReadOnly = false 
2026-04-20T18:59:16.115+08:00 DEBUG 151 --- [  XNIO-1 task-2] io.undertow.request.security             : Attempting to authenticate /api/ingestion/tasks/1/executions, authentication required: false 
2026-04-20T18:59:16.115+08:00 DEBUG 151 --- [  XNIO-1 task-2] io.undertow.request.security             : Authentication outcome was NOT_ATTEMPTED with method io.undertow.security.impl.CachedAuthenticatedSessionMechanism@72916f2a for /api/ingestion/tasks/1/executions 
2026-04-20T18:59:16.115+08:00 DEBUG 151 --- [  XNIO-1 task-2] io.undertow.request.security             : Authentication result was ATTEMPTED for /api/ingestion/tasks/1/executions 
2026-04-20T18:59:16.118+08:00 DEBUG 151 --- [  XNIO-1 task-2] org.postgresql.jdbc.PgConnection         :   setAutoCommit = false 
2026-04-20T18:59:16.121+08:00 DEBUG 151 --- [  XNIO-1 task-2] org.postgresql.jdbc.PgConnection         :   setAutoCommit = true 
2026-04-20T18:59:19.563+08:00 DEBUG 151 --- [   scheduling-1] org.postgresql.jdbc.PgConnection         :   setAutoCommit = false 
2026-04-20T18:59:19.564+08:00 DEBUG 151 --- [   scheduling-1] org.postgresql.jdbc.PgConnection         :   setAutoCommit = true 
2026-04-20T18:59:34.565+08:00 DEBUG 151 --- [   scheduling-1] org.postgresql.jdbc.PgConnection         :   setAutoCommit = false 
2026-04-20T18:59:34.568+08:00 DEBUG 151 --- [   scheduling-1] org.postgresql.jdbc.PgConnection         :   setAutoCommit = true 
2026-04-20T18:59:45.608+08:00 DEBUG 151 --- [   scheduling-1] org.postgresql.jdbc.PgConnection         :   setAutoCommit = false 
2026-04-20T18:59:45.609+08:00 DEBUG 151 --- [   scheduling-1] org.postgresql.jdbc.PgConnection         :   setAutoCommit = true 
2026-04-20T18:59:49.569+08:00 DEBUG 151 --- [   scheduling-1] org.postgresql.jdbc.PgConnection         :   setAutoCommit = false 
2026-04-20T18:59:49.570+08:00 DEBUG 151 --- [   scheduling-1] org.postgresql.jdbc.PgConnection         :   setAutoCommit = true 
2026-04-20T19:00:04.570+08:00 DEBUG 151 --- [   scheduling-1] org.postgresql.jdbc.PgConnection         :   setAutoCommit = false 
2026-04-20T19:00:04.573+08:00 DEBUG 151 --- [   scheduling-1] org.postgresql.jdbc.PgConnection         :   setAutoCommit = true 
2026-04-20T19:00:15.609+08:00 DEBUG 151 --- [   scheduling-1] org.postgresql.jdbc.PgConnection         :   setAutoCommit = false 
2026-04-20T19:00:15.610+08:00 DEBUG 151 --- [   scheduling-1] org.postgresql.jdbc.PgConnection         :   setAutoCommit = true 
2026-04-20T19:00:16.254+08:00 DEBUG 151 --- [  XNIO-1 I/O-10] io.undertow.request                      : Timing out idle connection from /172.19.0.16:46352 
2026-04-20T19:00:16.954+08:00 DEBUG 151 --- [  XNIO-1 task-2] io.undertow.request.security             : Attempting to authenticate /api/ingestion/tasks/list, authentication required: false 
2026-04-20T19:00:16.954+08:00 DEBUG 151 --- [  XNIO-1 task-2] io.undertow.request.security             : Authentication outcome was NOT_ATTEMPTED with method io.undertow.security.impl.CachedAuthenticatedSessionMechanism@72916f2a for /api/ingestion/tasks/list 
2026-04-20T19:00:16.954+08:00 DEBUG 151 --- [  XNIO-1 task-2] io.undertow.request.security             : Authentication result was ATTEMPTED for /api/ingestion/tasks/list 
2026-04-20T19:00:16.955+08:00 DEBUG 151 --- [  XNIO-1 task-2] org.postgresql.jdbc.PgConnection         :   setReadOnly = true 
2026-04-20T19:00:16.955+08:00 DEBUG 151 --- [  XNIO-1 task-2] org.postgresql.jdbc.PgConnection         :   setAutoCommit = false 
2026-04-20T19:00:16.956+08:00 DEBUG 151 --- [  XNIO-1 task-2] org.postgresql.jdbc.PgConnection         :   setAutoCommit = true 
2026-04-20T19:00:16.956+08:00 DEBUG 151 --- [  XNIO-1 task-2] org.postgresql.jdbc.PgConnection         :   setReadOnly = false 
2026-04-20T19:00:16.958+08:00 DEBUG 151 --- [  XNIO-1 task-2] io.undertow.request.security             : Attempting to authenticate /api/ingestion/tasks/1/executions, authentication required: false 
2026-04-20T19:00:16.958+08:00 DEBUG 151 --- [  XNIO-1 task-2] io.undertow.request.security             : Authentication outcome was NOT_ATTEMPTED with method io.undertow.security.impl.CachedAuthenticatedSessionMechanism@72916f2a for /api/ingestion/tasks/1/executions 
2026-04-20T19:00:16.958+08:00 DEBUG 151 --- [  XNIO-1 task-2] io.undertow.request.security             : Authentication result was ATTEMPTED for /api/ingestion/tasks/1/executions 
2026-04-20T19:00:16.958+08:00 DEBUG 151 --- [  XNIO-1 task-2] org.postgresql.jdbc.PgConnection         :   setAutoCommit = false 
2026-04-20T19:00:16.960+08:00 DEBUG 151 --- [  XNIO-1 task-2] org.postgresql.jdbc.PgConnection         :   setAutoCommit = true 
2026-04-20T19:00:19.573+08:00 DEBUG 151 --- [   scheduling-1] org.postgresql.jdbc.PgConnection         :   setAutoCommit = false 
2026-04-20T19:00:19.574+08:00 DEBUG 151 --- [   scheduling-1] org.postgresql.jdbc.PgConnection         :   setAutoCommit = true 
2026-04-20T19:00:34.575+08:00 DEBUG 151 --- [   scheduling-1] org.postgresql.jdbc.PgConnection         :   setAutoCommit = false 
2026-04-20T19:00:34.575+08:00 DEBUG 151 --- [   scheduling-1] org.postgresql.jdbc.PgConnection         :   setAutoCommit = true 
2026-04-20T19:00:45.611+08:00 DEBUG 151 --- [   scheduling-1] org.postgresql.jdbc.PgConnection         :   setAutoCommit = false 
2026-04-20T19:00:45.613+08:00 DEBUG 151 --- [   scheduling-1] org.postgresql.jdbc.PgConnection         :   setAutoCommit = true 
2026-04-20T19:00:49.577+08:00 DEBUG 151 --- [   scheduling-1] org.postgresql.jdbc.PgConnection         :   setAutoCommit = false 
2026-04-20T19:00:49.580+08:00 DEBUG 151 --- [   scheduling-1] org.postgresql.jdbc.PgConnection         :   setAutoCommit = true 
2026-04-20T19:01:04.581+08:00 DEBUG 151 --- [   scheduling-1] org.postgresql.jdbc.PgConnection         :   setAutoCommit = false 
2026-04-20T19:01:04.582+08:00 DEBUG 151 --- [   scheduling-1] org.postgresql.jdbc.PgConnection         :   setAutoCommit = true 
2026-04-20T19:01:15.614+08:00 DEBUG 151 --- [   scheduling-1] org.postgresql.jdbc.PgConnection         :   setAutoCommit = false 
2026-04-20T19:01:15.615+08:00 DEBUG 151 --- [   scheduling-1] org.postgresql.jdbc.PgConnection         :   setAutoCommit = true 
2026-04-20T19:01:17.105+08:00 DEBUG 151 --- [   XNIO-1 I/O-3] io.undertow.request                      : Timing out idle connection from /172.19.0.16:51990 
2026-04-20T19:01:17.812+08:00 DEBUG 151 --- [  XNIO-1 task-2] io.undertow.request.security             : Attempting to authenticate /api/ingestion/tasks/list, authentication required: false 
2026-04-20T19:01:17.813+08:00 DEBUG 151 --- [  XNIO-1 task-2] io.undertow.request.security             : Authentication outcome was NOT_ATTEMPTED with method io.undertow.security.impl.CachedAuthenticatedSessionMechanism@72916f2a for /api/ingestion/tasks/list 
2026-04-20T19:01:17.813+08:00 DEBUG 151 --- [  XNIO-1 task-2] io.undertow.request.security             : Authentication result was ATTEMPTED for /api/ingestion/tasks/list 
2026-04-20T19:01:17.814+08:00 DEBUG 151 --- [  XNIO-1 task-2] org.postgresql.jdbc.PgConnection         :   setReadOnly = true 
2026-04-20T19:01:17.814+08:00 DEBUG 151 --- [  XNIO-1 task-2] org.postgresql.jdbc.PgConnection         :   setAutoCommit = false 
2026-04-20T19:01:17.815+08:00 DEBUG 151 --- [  XNIO-1 task-2] org.postgresql.jdbc.PgConnection         :   setAutoCommit = true 
2026-04-20T19:01:17.815+08:00 DEBUG 151 --- [  XNIO-1 task-2] org.postgresql.jdbc.PgConnection         :   setReadOnly = false 
2026-04-20T19:01:17.816+08:00 DEBUG 151 --- [  XNIO-1 task-2] io.undertow.request.security             : Attempting to authenticate /api/ingestion/tasks/1/executions, authentication required: false 
2026-04-20T19:01:17.816+08:00 DEBUG 151 --- [  XNIO-1 task-2] io.undertow.request.security             : Authentication outcome was NOT_ATTEMPTED with method io.undertow.security.impl.CachedAuthenticatedSessionMechanism@72916f2a for /api/ingestion/tasks/1/executions 
2026-04-20T19:01:17.816+08:00 DEBUG 151 --- [  XNIO-1 task-2] io.undertow.request.security             : Authentication result was ATTEMPTED for /api/ingestion/tasks/1/executions 
2026-04-20T19:01:17.817+08:00 DEBUG 151 --- [  XNIO-1 task-2] org.postgresql.jdbc.PgConnection         :   setAutoCommit = false 
2026-04-20T19:01:17.819+08:00 DEBUG 151 --- [  XNIO-1 task-2] org.postgresql.jdbc.PgConnection         :   setAutoCommit = true 
2026-04-20T19:01:19.583+08:00 DEBUG 151 --- [   scheduling-1] org.postgresql.jdbc.PgConnection         :   setAutoCommit = false 
2026-04-20T19:01:19.584+08:00 DEBUG 151 --- [   scheduling-1] org.postgresql.jdbc.PgConnection         :   setAutoCommit = true 
2026-04-20T19:01:21.784+08:00 DEBUG 151 --- [  XNIO-1 task-2] io.undertow.request.security             : Attempting to authenticate /api/ingestion/tasks, authentication required: false 
2026-04-20T19:01:21.784+08:00 DEBUG 151 --- [  XNIO-1 task-2] io.undertow.request.security             : Authentication outcome was NOT_ATTEMPTED with method io.undertow.security.impl.CachedAuthenticatedSessionMechanism@72916f2a for /api/ingestion/tasks 
2026-04-20T19:01:21.784+08:00 DEBUG 151 --- [  XNIO-1 task-2] io.undertow.request.security             : Authentication result was ATTEMPTED for /api/ingestion/tasks 
2026-04-20T19:01:21.786+08:00 DEBUG 151 --- [  XNIO-1 task-2] org.postgresql.jdbc.PgConnection         :   setAutoCommit = false 
2026-04-20T19:01:21.786+08:00 DEBUG 151 --- [  XNIO-1 task-2] org.postgresql.jdbc.PgConnection         :   setAutoCommit = true 
2026-04-20T19:01:21.786+08:00 DEBUG 151 --- [  XNIO-1 task-2] org.postgresql.jdbc.PgConnection         :   setReadOnly = true 
2026-04-20T19:01:21.786+08:00 DEBUG 151 --- [  XNIO-1 task-2] org.postgresql.jdbc.PgConnection         :   setAutoCommit = false 
2026-04-20T19:01:21.787+08:00 DEBUG 151 --- [  XNIO-1 task-2] org.postgresql.jdbc.PgConnection         :   setAutoCommit = true 
2026-04-20T19:01:21.787+08:00 DEBUG 151 --- [  XNIO-1 task-2] org.postgresql.jdbc.PgConnection         :   setReadOnly = false 
2026-04-20T19:01:21.787+08:00 DEBUG 151 --- [  XNIO-1 task-2] org.postgresql.jdbc.PgConnection         :   setAutoCommit = false 
2026-04-20T19:01:21.787+08:00 DEBUG 151 --- [  XNIO-1 task-2] org.postgresql.jdbc.PgConnection         :   setAutoCommit = true 
2026-04-20T19:01:21.787+08:00 DEBUG 151 --- [  XNIO-1 task-2] org.postgresql.jdbc.PgConnection         :   setAutoCommit = false 
2026-04-20T19:01:21.788+08:00  INFO 151 --- [  XNIO-1 task-2] c.y.d.i.service.IngestionTaskService     : Creating new ingestion task: 进度措施 (skipJob=false) 
2026-04-20T19:01:21.788+08:00  INFO 151 --- [  XNIO-1 task-2] c.y.d.i.service.etl.AddaxJobService      : Resolved writer columns to: ["project_no", "subsystem", "node_task", "plan_date", "plan_week", "completion_status", "measure_category", "measure_title", "follow_up_person", "main_recipient", "cc_recipient", "follow_up_date", "follow_up_week", "closure_status", "final_closure_date", "final_closure_week", "closure_deliverable_type", "closure_deliverable", "risk_content", "last_update_time", "last_update_week", "remark", "filled_by"] 
2026-04-20T19:01:21.788+08:00  INFO 151 --- [  XNIO-1 task-2] c.y.d.i.service.etl.AddaxJobService      : Injected CREATE TABLE preSql for file source table: ods_progress_measure_v2 
2026-04-20T19:01:21.788+08:00  INFO 151 --- [  XNIO-1 task-2] c.y.d.i.service.etl.AddaxJobService      : Injected extra columns postSql: [ALTER TABLE "ods_progress_measure_v2" ADD COLUMN IF NOT EXISTS "source_system" VARCHAR(500), ALTER TABLE "ods_progress_measure_v2" ADD COLUMN IF NOT EXISTS "import_time" TIMESTAMP, UPDATE "ods_progress_measure_v2" SET "source_system" = 'ods_progress_measure_v2.xlsx', "import_time" = timezone('Asia/Shanghai', now()) WHERE TRUE] 
2026-04-20T19:01:21.795+08:00  INFO 151 --- [  XNIO-1 task-2] c.y.d.i.service.etl.AirflowDagService    : [airflow] ensured dag file /opt/airflow/dags/task_task_task_manual.py 
2026-04-20T19:01:21.796+08:00  INFO 151 --- [  XNIO-1 task-2] c.y.d.i.service.IngestionTaskService     : Created ingestion task with ID: 2 by user: service:dts-platform 
2026-04-20T19:01:21.799+08:00  INFO 151 --- [  XNIO-1 task-2] c.y.d.i.service.audit.AuditService       : audit action=INGESTION_TASK_CREATE stage=SUCCESS subject=进度措施 meta={operator=service:dts-platform, taskId=2} 
2026-04-20T19:01:21.799+08:00  INFO 151 --- [  dag-preheat-1] c.y.d.i.service.etl.DagPreheatService    : [dag-preheat] starting preheat for dagId=task_task_task_manual 
2026-04-20T19:01:21.802+08:00 DEBUG 151 --- [  XNIO-1 task-2] org.postgresql.jdbc.PgConnection         :   setAutoCommit = true 
2026-04-20T19:01:21.802+08:00  INFO 151 --- [  XNIO-1 task-2] c.y.d.i.service.audit.AuditService       : audit action=INGESTION_TASK_CREATE stage=SUCCESS subject=--df2e9910.json meta={taskId=2, summary=创建入湖任务, operator=service:dts-platform, name=进度措施} 
2026-04-20T19:01:21.802+08:00 DEBUG 151 --- [ngestion-task-1] org.postgresql.jdbc.PgConnection         :   setAutoCommit = false 
2026-04-20T19:01:21.802+08:00  INFO 151 --- [ngestion-task-1] c.y.d.i.service.IngestionTaskService     : Executing ingestion task ID: 2 
2026-04-20T19:01:21.808+08:00  INFO 151 --- [ngestion-task-1] c.y.d.i.service.IngestionTaskService     : Execution 2 for task 2 submitted to background trigger phase 
2026-04-20T19:01:21.811+08:00 DEBUG 151 --- [ngestion-task-1] org.postgresql.jdbc.PgConnection         :   setAutoCommit = true 
2026-04-20T19:01:21.811+08:00 DEBUG 151 --- [ngestion-task-2] org.postgresql.jdbc.PgConnection         :   setAutoCommit = false 
2026-04-20T19:01:21.813+08:00  INFO 151 --- [ngestion-task-2] c.y.d.i.service.etl.AddaxJobService      : Resolved writer columns to: ["project_no", "subsystem", "node_task", "plan_date", "plan_week", "completion_status", "measure_category", "measure_title", "follow_up_person", "main_recipient", "cc_recipient", "follow_up_date", "follow_up_week", "closure_status", "final_closure_date", "final_closure_week", "closure_deliverable_type", "closure_deliverable", "risk_content", "last_update_time", "last_update_week", "remark", "filled_by"] 
2026-04-20T19:01:21.813+08:00  INFO 151 --- [ngestion-task-2] c.y.d.i.service.etl.AddaxJobService      : Injected CREATE TABLE preSql for file source table: ods_progress_measure_v2 
2026-04-20T19:01:21.813+08:00  INFO 151 --- [ngestion-task-2] c.y.d.i.service.etl.AddaxJobService      : Injected extra columns postSql: [ALTER TABLE "ods_progress_measure_v2" ADD COLUMN IF NOT EXISTS "source_system" VARCHAR(500), ALTER TABLE "ods_progress_measure_v2" ADD COLUMN IF NOT EXISTS "import_time" TIMESTAMP, UPDATE "ods_progress_measure_v2" SET "source_system" = 'ods_progress_measure_v2.xlsx', "import_time" = timezone('Asia/Shanghai', now()) WHERE TRUE] 
2026-04-20T19:01:21.814+08:00  INFO 151 --- [ngestion-task-2] c.y.d.i.service.audit.AuditService       : audit action=INGESTION_TASK_JOB_REBUILD stage=SUCCESS subject=进度措施 meta={taskId=2, summary=重建 Addax 作业, operator=service:dts-platform, jobPath=/opt/airflow/dags/--a5423dab.json} 
2026-04-20T19:01:21.815+08:00  INFO 151 --- [ngestion-task-2] c.y.d.i.service.etl.AirflowDagService    : [airflow] rebuilt dag file /opt/airflow/dags/task_task_task_manual.py 
2026-04-20T19:01:21.968+08:00  INFO 151 --- [  dag-preheat-1] c.y.d.i.service.etl.DagPreheatService    : [dag-preheat] dagId=task_task_task_manual already registered, preheat complete 
2026-04-20T19:01:21.970+08:00 DEBUG 151 --- [  XNIO-1 task-2] io.undertow.request.security             : Attempting to authenticate /api/ingestion/tasks/2/executions/latest, authentication required: false 
2026-04-20T19:01:21.970+08:00 DEBUG 151 --- [  XNIO-1 task-2] io.undertow.request.security             : Authentication outcome was NOT_ATTEMPTED with method io.undertow.security.impl.CachedAuthenticatedSessionMechanism@72916f2a for /api/ingestion/tasks/2/executions/latest 
2026-04-20T19:01:21.970+08:00 DEBUG 151 --- [  XNIO-1 task-2] io.undertow.request.security             : Authentication result was ATTEMPTED for /api/ingestion/tasks/2/executions/latest 
2026-04-20T19:01:21.971+08:00 DEBUG 151 --- [  XNIO-1 task-2] org.postgresql.jdbc.PgConnection         :   setAutoCommit = false 
2026-04-20T19:01:21.975+08:00 DEBUG 151 --- [  XNIO-1 task-2] org.postgresql.jdbc.PgConnection         :   setAutoCommit = true 
2026-04-20T19:01:22.164+08:00  INFO 151 --- [ngestion-task-2] c.y.d.i.service.IngestionTaskService     : Airflow trigger result for task 2: {enabled=true, dagId=task_task_task_manual, status=triggered, payload={conf={job_path=/opt/addax/jobs/--a5423dab.json, priority=MEDIUM, project_key=default, reject_policy=REJECT, task_id=2, task_name=进度措施}, dag_id=task_task_task_manual, dag_run_id=manual__2026-04-20T11:01:22.143930+00:00, data_interval_end=2026-04-20T11:01:22.143930+00:00, data_interval_start=2026-04-20T11:01:22.143930+00:00, end_date=null, execution_date=2026-04-20T11:01:22.143930+00:00, external_trigger=true, last_scheduling_decision=null, logical_date=2026-04-20T11:01:22.143930+00:00, note=null, run_type=manual, start_date=null, state=queued}} 
2026-04-20T19:01:22.164+08:00  INFO 151 --- [ngestion-task-2] c.y.d.i.service.IngestionTaskService     : Started execution manual__2026-04-20T11:01:22.143930+00:00 for task ID: 2 
2026-04-20T19:01:22.164+08:00  INFO 151 --- [ngestion-task-2] c.y.d.i.service.audit.AuditService       : audit action=INGESTION_TASK_EXECUTE stage=SUCCESS subject=进度措施 meta={operator=service:dts-platform, executionId=2, taskId=2} 
2026-04-20T19:01:22.167+08:00 DEBUG 151 --- [ngestion-task-2] org.postgresql.jdbc.PgConnection         :   setAutoCommit = true 
2026-04-20T19:01:34.585+08:00 DEBUG 151 --- [   scheduling-1] org.postgresql.jdbc.PgConnection         :   setAutoCommit = false 
2026-04-20T19:01:34.736+08:00  INFO 151 --- [   scheduling-1] c.y.d.i.s.e.AirflowExecutionSyncService  : [airflow] synced execution 2 status=success 
2026-04-20T19:01:34.739+08:00 DEBUG 151 --- [   scheduling-1] org.postgresql.jdbc.PgConnection         :   setAutoCommit = true 
2026-04-20T19:01:38.363+08:00 DEBUG 151 --- [  XNIO-1 task-2] io.undertow.request.security             : Attempting to authenticate /api/ingestion/tasks/2/executions/latest, authentication required: false 
2026-04-20T19:01:38.363+08:00 DEBUG 151 --- [  XNIO-1 task-2] io.undertow.request.security             : Authentication outcome was NOT_ATTEMPTED with method io.undertow.security.impl.CachedAuthenticatedSessionMechanism@72916f2a for /api/ingestion/tasks/2/executions/latest 
2026-04-20T19:01:38.363+08:00 DEBUG 151 --- [  XNIO-1 task-2] io.undertow.request.security             : Authentication result was ATTEMPTED for /api/ingestion/tasks/2/executions/latest 
2026-04-20T19:01:38.364+08:00 DEBUG 151 --- [  XNIO-1 task-2] org.postgresql.jdbc.PgConnection         :   setAutoCommit = false 
2026-04-20T19:01:38.366+08:00 DEBUG 151 --- [  XNIO-1 task-2] org.postgresql.jdbc.PgConnection         :   setAutoCommit = true 
2026-04-20T19:01:45.615+08:00 DEBUG 151 --- [   scheduling-1] org.postgresql.jdbc.PgConnection         :   setAutoCommit = false 
2026-04-20T19:01:45.616+08:00 DEBUG 151 --- [   scheduling-1] org.postgresql.jdbc.PgConnection         :   setAutoCommit = true 
2026-04-20T19:01:49.740+08:00 DEBUG 151 --- [   scheduling-1] org.postgresql.jdbc.PgConnection         :   setAutoCommit = false 
2026-04-20T19:01:49.741+08:00 DEBUG 151 --- [   scheduling-1] org.postgresql.jdbc.PgConnection         :   setAutoCommit = true 
2026-04-20T19:02:04.742+08:00 DEBUG 151 --- [   scheduling-1] org.postgresql.jdbc.PgConnection         :   setAutoCommit = false 
2026-04-20T19:02:04.745+08:00 DEBUG 151 --- [   scheduling-1] org.postgresql.jdbc.PgConnection         :   setAutoCommit = true 
2026-04-20T19:02:15.616+08:00 DEBUG 151 --- [   scheduling-1] org.postgresql.jdbc.PgConnection         :   setAutoCommit = false 
2026-04-20T19:02:15.616+08:00 DEBUG 151 --- [   scheduling-1] org.postgresql.jdbc.PgConnection         :   setAutoCommit = true 
2026-04-20T19:02:18.694+08:00 DEBUG 151 --- [  XNIO-1 task-2] io.undertow.request.security             : Attempting to authenticate /api/ingestion/tasks/list, authentication required: false 
2026-04-20T19:02:18.694+08:00 DEBUG 151 --- [  XNIO-1 task-2] io.undertow.request.security             : Authentication outcome was NOT_ATTEMPTED with method io.undertow.security.impl.CachedAuthenticatedSessionMechanism@72916f2a for /api/ingestion/tasks/list 
2026-04-20T19:02:18.694+08:00 DEBUG 151 --- [  XNIO-1 task-2] io.undertow.request.security             : Authentication result was ATTEMPTED for /api/ingestion/tasks/list 
2026-04-20T19:02:18.695+08:00 DEBUG 151 --- [  XNIO-1 task-2] org.postgresql.jdbc.PgConnection         :   setReadOnly = true 
2026-04-20T19:02:18.695+08:00 DEBUG 151 --- [  XNIO-1 task-2] org.postgresql.jdbc.PgConnection         :   setAutoCommit = false 
2026-04-20T19:02:18.697+08:00 DEBUG 151 --- [  XNIO-1 task-2] org.postgresql.jdbc.PgConnection         :   setAutoCommit = true 
2026-04-20T19:02:18.697+08:00 DEBUG 151 --- [  XNIO-1 task-2] org.postgresql.jdbc.PgConnection         :   setReadOnly = false 
2026-04-20T19:02:18.698+08:00 DEBUG 151 --- [  XNIO-1 task-2] io.undertow.request.security             : Attempting to authenticate /api/ingestion/tasks/1/executions, authentication required: false 
2026-04-20T19:02:18.698+08:00 DEBUG 151 --- [  XNIO-1 task-2] io.undertow.request.security             : Authentication outcome was NOT_ATTEMPTED with method io.undertow.security.impl.CachedAuthenticatedSessionMechanism@72916f2a for /api/ingestion/tasks/1/executions 
2026-04-20T19:02:18.698+08:00 DEBUG 151 --- [  XNIO-1 task-2] io.undertow.request.security             : Authentication result was ATTEMPTED for /api/ingestion/tasks/1/executions 
2026-04-20T19:02:18.699+08:00 DEBUG 151 --- [  XNIO-1 task-2] org.postgresql.jdbc.PgConnection         :   setAutoCommit = false 
2026-04-20T19:02:18.701+08:00 DEBUG 151 --- [  XNIO-1 task-2] org.postgresql.jdbc.PgConnection         :   setAutoCommit = true 
2026-04-20T19:02:18.705+08:00 DEBUG 151 --- [  XNIO-1 task-2] io.undertow.request.security             : Attempting to authenticate /api/ingestion/tasks/2/executions, authentication required: false 
2026-04-20T19:02:18.705+08:00 DEBUG 151 --- [  XNIO-1 task-2] io.undertow.request.security             : Authentication outcome was NOT_ATTEMPTED with method io.undertow.security.impl.CachedAuthenticatedSessionMechanism@72916f2a for /api/ingestion/tasks/2/executions 
2026-04-20T19:02:18.705+08:00 DEBUG 151 --- [  XNIO-1 task-2] io.undertow.request.security             : Authentication result was ATTEMPTED for /api/ingestion/tasks/2/executions 
2026-04-20T19:02:18.705+08:00 DEBUG 151 --- [  XNIO-1 task-2] org.postgresql.jdbc.PgConnection         :   setAutoCommit = false 
2026-04-20T19:02:18.707+08:00 DEBUG 151 --- [  XNIO-1 task-2] org.postgresql.jdbc.PgConnection         :   setAutoCommit = true 
2026-04-20T19:02:19.745+08:00 DEBUG 151 --- [   scheduling-1] org.postgresql.jdbc.PgConnection         :   setAutoCommit = false 
2026-04-20T19:02:19.746+08:00 DEBUG 151 --- [   scheduling-1] org.postgresql.jdbc.PgConnection         :   setAutoCommit = true 
2026-04-20T19:02:21.849+08:00 DEBUG 151 --- [  XNIO-1 I/O-16] io.undertow.request                      : Timing out idle connection from /172.19.0.16:37190 
2026-04-20T19:02:34.747+08:00 DEBUG 151 --- [   scheduling-1] org.postgresql.jdbc.PgConnection         :   setAutoCommit = false 
2026-04-20T19:02:34.748+08:00 DEBUG 151 --- [   scheduling-1] org.postgresql.jdbc.PgConnection         :   setAutoCommit = true 
2026-04-20T19:02:45.617+08:00 DEBUG 151 --- [   scheduling-1] org.postgresql.jdbc.PgConnection         :   setAutoCommit = false 
2026-04-20T19:02:45.619+08:00 DEBUG 151 --- [   scheduling-1] org.postgresql.jdbc.PgConnection         :   setAutoCommit = true 
2026-04-20T19:02:49.749+08:00 DEBUG 151 --- [   scheduling-1] org.postgresql.jdbc.PgConnection         :   setAutoCommit = false 
2026-04-20T19:02:49.752+08:00 DEBUG 151 --- [   scheduling-1] org.postgresql.jdbc.PgConnection         :   setAutoCommit = true 
2026-04-20T19:03:04.754+08:00 DEBUG 151 --- [   scheduling-1] org.postgresql.jdbc.PgConnection         :   setAutoCommit = false 
2026-04-20T19:03:04.757+08:00 DEBUG 151 --- [   scheduling-1] org.postgresql.jdbc.PgConnection         :   setAutoCommit = true 
2026-04-20T19:03:15.620+08:00 DEBUG 151 --- [   scheduling-1] org.postgresql.jdbc.PgConnection         :   setAutoCommit = false 
2026-04-20T19:03:15.620+08:00 DEBUG 151 --- [   scheduling-1] org.postgresql.jdbc.PgConnection         :   setAutoCommit = true 
2026-04-20T19:03:18.809+08:00 DEBUG 151 --- [  XNIO-1 I/O-16] io.undertow.request                      : Timing out idle connection from /172.19.0.16:56162 
2026-04-20T19:03:18.938+08:00 DEBUG 151 --- [onnection adder] org.postgresql.Driver                    : Connecting with URL: jdbc:postgresql://dts-pg:5432/dts_platform 
2026-04-20T19:03:18.938+08:00 DEBUG 151 --- [onnection adder] org.postgresql.jdbc.PgConnection         : PostgreSQL JDBC Driver 42.7.5 
2026-04-20T19:03:18.939+08:00 DEBUG 151 --- [onnection adder] org.postgresql.jdbc.PgConnection         :   setDefaultFetchSize = 0 
2026-04-20T19:03:18.939+08:00 DEBUG 151 --- [onnection adder] org.postgresql.jdbc.PgConnection         :   setPrepareThreshold = 5 
2026-04-20T19:03:18.939+08:00 DEBUG 151 --- [onnection adder] o.p.core.v3.ConnectionFactoryImpl        : Trying to establish a protocol version 3 connection to dts-pg:5432 
2026-04-20T19:03:18.939+08:00 DEBUG 151 --- [onnection adder] o.p.core.v3.ConnectionFactoryImpl        : Receive Buffer Size is 65,536 
2026-04-20T19:03:18.939+08:00 DEBUG 151 --- [onnection adder] o.p.core.v3.ConnectionFactoryImpl        : Send Buffer Size is 43,520 
2026-04-20T19:03:19.619+08:00 DEBUG 151 --- [  XNIO-1 task-2] io.undertow.request.security             : Attempting to authenticate /api/ingestion/tasks/list, authentication required: false 
2026-04-20T19:03:19.619+08:00 DEBUG 151 --- [  XNIO-1 task-2] io.undertow.request.security             : Authentication outcome was NOT_ATTEMPTED with method io.undertow.security.impl.CachedAuthenticatedSessionMechanism@72916f2a for /api/ingestion/tasks/list 
2026-04-20T19:03:19.619+08:00 DEBUG 151 --- [  XNIO-1 task-2] io.undertow.request.security             : Authentication result was ATTEMPTED for /api/ingestion/tasks/list 
2026-04-20T19:03:19.620+08:00 DEBUG 151 --- [  XNIO-1 task-2] org.postgresql.jdbc.PgConnection         :   setReadOnly = true 
2026-04-20T19:03:19.620+08:00 DEBUG 151 --- [  XNIO-1 task-2] org.postgresql.jdbc.PgConnection         :   setAutoCommit = false 
2026-04-20T19:03:19.621+08:00 DEBUG 151 --- [  XNIO-1 task-2] org.postgresql.jdbc.PgConnection         :   setAutoCommit = true 
2026-04-20T19:03:19.621+08:00 DEBUG 151 --- [  XNIO-1 task-2] org.postgresql.jdbc.PgConnection         :   setReadOnly = false 
2026-04-20T19:03:19.622+08:00 DEBUG 151 --- [  XNIO-1 task-2] io.undertow.request.security             : Attempting to authenticate /api/ingestion/tasks/1/executions, authentication required: false 
2026-04-20T19:03:19.622+08:00 DEBUG 151 --- [  XNIO-1 task-2] io.undertow.request.security             : Authentication outcome was NOT_ATTEMPTED with method io.undertow.security.impl.CachedAuthenticatedSessionMechanism@72916f2a for /api/ingestion/tasks/1/executions 
2026-04-20T19:03:19.622+08:00 DEBUG 151 --- [  XNIO-1 task-2] io.undertow.request.security             : Authentication result was ATTEMPTED for /api/ingestion/tasks/1/executions 
2026-04-20T19:03:19.623+08:00 DEBUG 151 --- [  XNIO-1 task-2] org.postgresql.jdbc.PgConnection         :   setAutoCommit = false 
2026-04-20T19:03:19.625+08:00 DEBUG 151 --- [  XNIO-1 task-2] org.postgresql.jdbc.PgConnection         :   setAutoCommit = true 
2026-04-20T19:03:19.628+08:00 DEBUG 151 --- [  XNIO-1 task-2] io.undertow.request.security             : Attempting to authenticate /api/ingestion/tasks/2/executions, authentication required: false 
2026-04-20T19:03:19.629+08:00 DEBUG 151 --- [  XNIO-1 task-2] io.undertow.request.security             : Authentication outcome was NOT_ATTEMPTED with method io.undertow.security.impl.CachedAuthenticatedSessionMechanism@72916f2a for /api/ingestion/tasks/2/executions 
2026-04-20T19:03:19.629+08:00 DEBUG 151 --- [  XNIO-1 task-2] io.undertow.request.security             : Authentication result was ATTEMPTED for /api/ingestion/tasks/2/executions 
2026-04-20T19:03:19.629+08:00 DEBUG 151 --- [  XNIO-1 task-2] org.postgresql.jdbc.PgConnection         :   setAutoCommit = false 
2026-04-20T19:03:19.631+08:00 DEBUG 151 --- [  XNIO-1 task-2] org.postgresql.jdbc.PgConnection         :   setAutoCommit = true 
2026-04-20T19:03:19.757+08:00 DEBUG 151 --- [   scheduling-1] org.postgresql.jdbc.PgConnection         :   setAutoCommit = false 
2026-04-20T19:03:19.759+08:00 DEBUG 151 --- [   scheduling-1] org.postgresql.jdbc.PgConnection         :   setAutoCommit = true 
2026-04-20T19:03:34.760+08:00 DEBUG 151 --- [   scheduling-1] org.postgresql.jdbc.PgConnection         :   setAutoCommit = false 
2026-04-20T19:03:34.761+08:00 DEBUG 151 --- [   scheduling-1] org.postgresql.jdbc.PgConnection         :   setAutoCommit = true 
2026-04-20T19:03:45.621+08:00 DEBUG 151 --- [   scheduling-1] org.postgresql.jdbc.PgConnection         :   setAutoCommit = false 
2026-04-20T19:03:45.622+08:00 DEBUG 151 --- [   scheduling-1] org.postgresql.jdbc.PgConnection         :   setAutoCommit = true 
2026-04-20T19:03:46.331+08:00 DEBUG 151 --- [onnection adder] org.postgresql.Driver                    : Connecting with URL: jdbc:postgresql://dts-pg:5432/dts_platform 
2026-04-20T19:03:46.331+08:00 DEBUG 151 --- [onnection adder] org.postgresql.jdbc.PgConnection         : PostgreSQL JDBC Driver 42.7.5 
2026-04-20T19:03:46.331+08:00 DEBUG 151 --- [onnection adder] org.postgresql.jdbc.PgConnection         :   setDefaultFetchSize = 0 
2026-04-20T19:03:46.332+08:00 DEBUG 151 --- [onnection adder] org.postgresql.jdbc.PgConnection         :   setPrepareThreshold = 5 
2026-04-20T19:03:46.332+08:00 DEBUG 151 --- [onnection adder] o.p.core.v3.ConnectionFactoryImpl        : Trying to establish a protocol version 3 connection to dts-pg:5432 
2026-04-20T19:03:46.333+08:00 DEBUG 151 --- [onnection adder] o.p.core.v3.ConnectionFactoryImpl        : Receive Buffer Size is 65,536 
2026-04-20T19:03:46.333+08:00 DEBUG 151 --- [onnection adder] o.p.core.v3.ConnectionFactoryImpl        : Send Buffer Size is 43,520 
2026-04-20T19:03:49.762+08:00 DEBUG 151 --- [   scheduling-1] org.postgresql.jdbc.PgConnection         :   setAutoCommit = false 
2026-04-20T19:03:49.765+08:00 DEBUG 151 --- [   scheduling-1] org.postgresql.jdbc.PgConnection         :   setAutoCommit = true 
2026-04-20T19:03:57.993+08:00 DEBUG 151 --- [onnection adder] org.postgresql.Driver                    : Connecting with URL: jdbc:postgresql://dts-pg:5432/dts_platform 
2026-04-20T19:03:57.993+08:00 DEBUG 151 --- [onnection adder] org.postgresql.jdbc.PgConnection         : PostgreSQL JDBC Driver 42.7.5 
2026-04-20T19:03:57.994+08:00 DEBUG 151 --- [onnection adder] org.postgresql.jdbc.PgConnection         :   setDefaultFetchSize = 0 
2026-04-20T19:03:57.994+08:00 DEBUG 151 --- [onnection adder] org.postgresql.jdbc.PgConnection         :   setPrepareThreshold = 5 
2026-04-20T19:03:57.994+08:00 DEBUG 151 --- [onnection adder] o.p.core.v3.ConnectionFactoryImpl        : Trying to establish a protocol version 3 connection to dts-pg:5432 
2026-04-20T19:03:57.995+08:00 DEBUG 151 --- [onnection adder] o.p.core.v3.ConnectionFactoryImpl        : Receive Buffer Size is 65,536 
2026-04-20T19:03:57.996+08:00 DEBUG 151 --- [onnection adder] o.p.core.v3.ConnectionFactoryImpl        : Send Buffer Size is 43,520 
2026-04-20T19:04:04.765+08:00 DEBUG 151 --- [   scheduling-1] org.postgresql.jdbc.PgConnection         :   setAutoCommit = false 
2026-04-20T19:04:04.768+08:00 DEBUG 151 --- [   scheduling-1] org.postgresql.jdbc.PgConnection         :   setAutoCommit = true 
2026-04-20T19:04:15.622+08:00 DEBUG 151 --- [   scheduling-1] org.postgresql.jdbc.PgConnection         :   setAutoCommit = false 
2026-04-20T19:04:15.624+08:00 DEBUG 151 --- [   scheduling-1] org.postgresql.jdbc.PgConnection         :   setAutoCommit = true 
2026-04-20T19:04:19.769+08:00 DEBUG 151 --- [   scheduling-1] org.postgresql.jdbc.PgConnection         :   setAutoCommit = false 
2026-04-20T19:04:19.769+08:00 DEBUG 151 --- [  XNIO-1 I/O-12] io.undertow.request                      : Timing out idle connection from /172.19.0.16:51848 
2026-04-20T19:04:19.772+08:00 DEBUG 151 --- [   scheduling-1] org.postgresql.jdbc.PgConnection         :   setAutoCommit = true 
2026-04-20T19:04:20.492+08:00 DEBUG 151 --- [  XNIO-1 task-2] io.undertow.request.security             : Attempting to authenticate /api/ingestion/tasks/list, authentication required: false 
2026-04-20T19:04:20.492+08:00 DEBUG 151 --- [  XNIO-1 task-2] io.undertow.request.security             : Authentication outcome was NOT_ATTEMPTED with method io.undertow.security.impl.CachedAuthenticatedSessionMechanism@72916f2a for /api/ingestion/tasks/list 
2026-04-20T19:04:20.492+08:00 DEBUG 151 --- [  XNIO-1 task-2] io.undertow.request.security             : Authentication result was ATTEMPTED for /api/ingestion/tasks/list 
2026-04-20T19:04:20.493+08:00 DEBUG 151 --- [  XNIO-1 task-2] org.postgresql.jdbc.PgConnection         :   setReadOnly = true 
2026-04-20T19:04:20.493+08:00 DEBUG 151 --- [  XNIO-1 task-2] org.postgresql.jdbc.PgConnection         :   setAutoCommit = false 
2026-04-20T19:04:20.496+08:00 DEBUG 151 --- [  XNIO-1 task-2] org.postgresql.jdbc.PgConnection         :   setAutoCommit = true 
2026-04-20T19:04:20.496+08:00 DEBUG 151 --- [  XNIO-1 task-2] org.postgresql.jdbc.PgConnection         :   setReadOnly = false 
2026-04-20T19:04:20.498+08:00 DEBUG 151 --- [  XNIO-1 task-2] io.undertow.request.security             : Attempting to authenticate /api/ingestion/tasks/1/executions, authentication required: false 
2026-04-20T19:04:20.498+08:00 DEBUG 151 --- [  XNIO-1 task-2] io.undertow.request.security             : Authentication outcome was NOT_ATTEMPTED with method io.undertow.security.impl.CachedAuthenticatedSessionMechanism@72916f2a for /api/ingestion/tasks/1/executions 
2026-04-20T19:04:20.498+08:00 DEBUG 151 --- [  XNIO-1 task-2] io.undertow.request.security             : Authentication result was ATTEMPTED for /api/ingestion/tasks/1/executions 
2026-04-20T19:04:20.498+08:00 DEBUG 151 --- [  XNIO-1 task-2] org.postgresql.jdbc.PgConnection         :   setAutoCommit = false 
2026-04-20T19:04:20.500+08:00 DEBUG 151 --- [  XNIO-1 task-2] org.postgresql.jdbc.PgConnection         :   setAutoCommit = true 
2026-04-20T19:04:20.504+08:00 DEBUG 151 --- [  XNIO-1 task-2] io.undertow.request.security             : Attempting to authenticate /api/ingestion/tasks/2/executions, authentication required: false 
2026-04-20T19:04:20.504+08:00 DEBUG 151 --- [  XNIO-1 task-2] io.undertow.request.security             : Authentication outcome was NOT_ATTEMPTED with method io.undertow.security.impl.CachedAuthenticatedSessionMechanism@72916f2a for /api/ingestion/tasks/2/executions 
2026-04-20T19:04:20.504+08:00 DEBUG 151 --- [  XNIO-1 task-2] io.undertow.request.security             : Authentication result was ATTEMPTED for /api/ingestion/tasks/2/executions 
2026-04-20T19:04:20.505+08:00 DEBUG 151 --- [  XNIO-1 task-2] org.postgresql.jdbc.PgConnection         :   setAutoCommit = false 
2026-04-20T19:04:20.507+08:00 DEBUG 151 --- [  XNIO-1 task-2] org.postgresql.jdbc.PgConnection         :   setAutoCommit = true 
2026-04-20T19:04:32.822+08:00 DEBUG 151 --- [onnection adder] org.postgresql.Driver                    : Connecting with URL: jdbc:postgresql://dts-pg:5432/dts_platform 
2026-04-20T19:04:32.822+08:00 DEBUG 151 --- [onnection adder] org.postgresql.jdbc.PgConnection         : PostgreSQL JDBC Driver 42.7.5 
2026-04-20T19:04:32.822+08:00 DEBUG 151 --- [onnection adder] org.postgresql.jdbc.PgConnection         :   setDefaultFetchSize = 0 
2026-04-20T19:04:32.822+08:00 DEBUG 151 --- [onnection adder] org.postgresql.jdbc.PgConnection         :   setPrepareThreshold = 5 
2026-04-20T19:04:32.822+08:00 DEBUG 151 --- [onnection adder] o.p.core.v3.ConnectionFactoryImpl        : Trying to establish a protocol version 3 connection to dts-pg:5432 
2026-04-20T19:04:32.824+08:00 DEBUG 151 --- [onnection adder] o.p.core.v3.ConnectionFactoryImpl        : Receive Buffer Size is 65,536 
2026-04-20T19:04:32.824+08:00 DEBUG 151 --- [onnection adder] o.p.core.v3.ConnectionFactoryImpl        : Send Buffer Size is 43,520 
2026-04-20T19:04:34.774+08:00 DEBUG 151 --- [   scheduling-1] org.postgresql.jdbc.PgConnection         :   setAutoCommit = false 
2026-04-20T19:04:34.785+08:00 DEBUG 151 --- [   scheduling-1] org.postgresql.jdbc.PgConnection         :   setAutoCommit = true 
2026-04-20T19:04:39.345+08:00 DEBUG 151 --- [onnection adder] org.postgresql.Driver                    : Connecting with URL: jdbc:postgresql://dts-pg:5432/dts_platform 
2026-04-20T19:04:39.345+08:00 DEBUG 151 --- [onnection adder] org.postgresql.jdbc.PgConnection         : PostgreSQL JDBC Driver 42.7.5 
2026-04-20T19:04:39.346+08:00 DEBUG 151 --- [onnection adder] org.postgresql.jdbc.PgConnection         :   setDefaultFetchSize = 0 
2026-04-20T19:04:39.346+08:00 DEBUG 151 --- [onnection adder] org.postgresql.jdbc.PgConnection         :   setPrepareThreshold = 5 
2026-04-20T19:04:39.346+08:00 DEBUG 151 --- [onnection adder] o.p.core.v3.ConnectionFactoryImpl        : Trying to establish a protocol version 3 connection to dts-pg:5432 
2026-04-20T19:04:39.347+08:00 DEBUG 151 --- [onnection adder] o.p.core.v3.ConnectionFactoryImpl        : Receive Buffer Size is 65,536 
2026-04-20T19:04:39.347+08:00 DEBUG 151 --- [onnection adder] o.p.core.v3.ConnectionFactoryImpl        : Send Buffer Size is 43,520 
2026-04-20T19:04:43.987+08:00 DEBUG 151 --- [  XNIO-1 task-2] io.undertow.request.security             : Attempting to authenticate /api/ingestion/tasks/list, authentication required: false 
2026-04-20T19:04:43.987+08:00 DEBUG 151 --- [  XNIO-1 task-2] io.undertow.request.security             : Authentication outcome was NOT_ATTEMPTED with method io.undertow.security.impl.CachedAuthenticatedSessionMechanism@72916f2a for /api/ingestion/tasks/list 
2026-04-20T19:04:43.988+08:00 DEBUG 151 --- [  XNIO-1 task-2] io.undertow.request.security             : Authentication result was ATTEMPTED for /api/ingestion/tasks/list 
2026-04-20T19:04:43.989+08:00 DEBUG 151 --- [  XNIO-1 task-2] org.postgresql.jdbc.PgConnection         :   setReadOnly = true 
2026-04-20T19:04:43.989+08:00 DEBUG 151 --- [  XNIO-1 task-2] org.postgresql.jdbc.PgConnection         :   setAutoCommit = false 
2026-04-20T19:04:43.994+08:00 DEBUG 151 --- [  XNIO-1 task-2] org.postgresql.jdbc.PgConnection         :   setAutoCommit = true 
2026-04-20T19:04:43.994+08:00 DEBUG 151 --- [  XNIO-1 task-2] org.postgresql.jdbc.PgConnection         :   setReadOnly = false 
2026-04-20T19:04:45.624+08:00 DEBUG 151 --- [   scheduling-1] org.postgresql.jdbc.PgConnection         :   setAutoCommit = false 
2026-04-20T19:04:45.626+08:00 DEBUG 151 --- [   scheduling-1] org.postgresql.jdbc.PgConnection         :   setAutoCommit = true 
2026-04-20T19:04:47.460+08:00 DEBUG 151 --- [  XNIO-1 task-2] io.undertow.request.security             : Attempting to authenticate /api/ingestion/connectors/capabilities, authentication required: false 
2026-04-20T19:04:47.460+08:00 DEBUG 151 --- [  XNIO-1 task-2] io.undertow.request.security             : Authentication outcome was NOT_ATTEMPTED with method io.undertow.security.impl.CachedAuthenticatedSessionMechanism@72916f2a for /api/ingestion/connectors/capabilities 
2026-04-20T19:04:47.460+08:00 DEBUG 151 --- [  XNIO-1 task-2] io.undertow.request.security             : Authentication result was ATTEMPTED for /api/ingestion/connectors/capabilities 
2026-04-20T19:04:47.460+08:00 DEBUG 151 --- [  XNIO-1 task-3] io.undertow.request.security             : Attempting to authenticate /api/ingestion/templates, authentication required: false 
2026-04-20T19:04:47.460+08:00 DEBUG 151 --- [  XNIO-1 task-3] io.undertow.request.security             : Authentication outcome was NOT_ATTEMPTED with method io.undertow.security.impl.CachedAuthenticatedSessionMechanism@72916f2a for /api/ingestion/templates 
2026-04-20T19:04:47.460+08:00 DEBUG 151 --- [  XNIO-1 task-3] io.undertow.request.security             : Authentication result was ATTEMPTED for /api/ingestion/templates 
2026-04-20T19:04:47.461+08:00 DEBUG 151 --- [  XNIO-1 task-2] org.postgresql.jdbc.PgConnection         :   setReadOnly = true 
2026-04-20T19:04:47.461+08:00 DEBUG 151 --- [  XNIO-1 task-2] org.postgresql.jdbc.PgConnection         :   setAutoCommit = false 
2026-04-20T19:04:47.462+08:00 DEBUG 151 --- [  XNIO-1 task-2] org.postgresql.jdbc.PgConnection         :   setAutoCommit = true 
2026-04-20T19:04:47.462+08:00 DEBUG 151 --- [  XNIO-1 task-2] org.postgresql.jdbc.PgConnection         :   setReadOnly = false 
2026-04-20T19:04:49.785+08:00 DEBUG 151 --- [   scheduling-1] org.postgresql.jdbc.PgConnection         :   setAutoCommit = false 
2026-04-20T19:04:49.787+08:00 DEBUG 151 --- [   scheduling-1] org.postgresql.jdbc.PgConnection         :   setAutoCommit = true 
2026-04-20T19:04:57.599+08:00 DEBUG 151 --- [onnection adder] org.postgresql.Driver                    : Connecting with URL: jdbc:postgresql://dts-pg:5432/dts_platform 
2026-04-20T19:04:57.599+08:00 DEBUG 151 --- [onnection adder] org.postgresql.jdbc.PgConnection         : PostgreSQL JDBC Driver 42.7.5 
2026-04-20T19:04:57.599+08:00 DEBUG 151 --- [onnection adder] org.postgresql.jdbc.PgConnection         :   setDefaultFetchSize = 0 
2026-04-20T19:04:57.599+08:00 DEBUG 151 --- [onnection adder] org.postgresql.jdbc.PgConnection         :   setPrepareThreshold = 5 
2026-04-20T19:04:57.599+08:00 DEBUG 151 --- [onnection adder] o.p.core.v3.ConnectionFactoryImpl        : Trying to establish a protocol version 3 connection to dts-pg:5432 
2026-04-20T19:04:57.599+08:00 DEBUG 151 --- [onnection adder] o.p.core.v3.ConnectionFactoryImpl        : Receive Buffer Size is 65,536 
2026-04-20T19:04:57.599+08:00 DEBUG 151 --- [onnection adder] o.p.core.v3.ConnectionFactoryImpl        : Send Buffer Size is 43,520 
2026-04-20T19:05:02.332+08:00 DEBUG 151 --- [onnection adder] org.postgresql.Driver                    : Connecting with URL: jdbc:postgresql://dts-pg:5432/dts_platform 
2026-04-20T19:05:02.332+08:00 DEBUG 151 --- [onnection adder] org.postgresql.jdbc.PgConnection         : PostgreSQL JDBC Driver 42.7.5 
2026-04-20T19:05:02.332+08:00 DEBUG 151 --- [onnection adder] org.postgresql.jdbc.PgConnection         :   setDefaultFetchSize = 0 
2026-04-20T19:05:02.332+08:00 DEBUG 151 --- [onnection adder] org.postgresql.jdbc.PgConnection         :   setPrepareThreshold = 5 
2026-04-20T19:05:02.332+08:00 DEBUG 151 --- [onnection adder] o.p.core.v3.ConnectionFactoryImpl        : Trying to establish a protocol version 3 connection to dts-pg:5432 
2026-04-20T19:05:02.332+08:00 DEBUG 151 --- [onnection adder] o.p.core.v3.ConnectionFactoryImpl        : Receive Buffer Size is 65,536 
2026-04-20T19:05:02.332+08:00 DEBUG 151 --- [onnection adder] o.p.core.v3.ConnectionFactoryImpl        : Send Buffer Size is 43,520 
2026-04-20T19:05:04.787+08:00 DEBUG 151 --- [   scheduling-1] org.postgresql.jdbc.PgConnection         :   setAutoCommit = false 
2026-04-20T19:05:04.790+08:00 DEBUG 151 --- [   scheduling-1] org.postgresql.jdbc.PgConnection         :   setAutoCommit = true 
2026-04-20T19:05:11.920+08:00 DEBUG 151 --- [onnection adder] org.postgresql.Driver                    : Connecting with URL: jdbc:postgresql://dts-pg:5432/dts_platform 
2026-04-20T19:05:11.920+08:00 DEBUG 151 --- [onnection adder] org.postgresql.jdbc.PgConnection         : PostgreSQL JDBC Driver 42.7.5 
2026-04-20T19:05:11.920+08:00 DEBUG 151 --- [onnection adder] org.postgresql.jdbc.PgConnection         :   setDefaultFetchSize = 0 
2026-04-20T19:05:11.920+08:00 DEBUG 151 --- [onnection adder] org.postgresql.jdbc.PgConnection         :   setPrepareThreshold = 5 
2026-04-20T19:05:11.920+08:00 DEBUG 151 --- [onnection adder] o.p.core.v3.ConnectionFactoryImpl        : Trying to establish a protocol version 3 connection to dts-pg:5432 
2026-04-20T19:05:11.922+08:00 DEBUG 151 --- [onnection adder] o.p.core.v3.ConnectionFactoryImpl        : Receive Buffer Size is 65,536 
2026-04-20T19:05:11.922+08:00 DEBUG 151 --- [onnection adder] o.p.core.v3.ConnectionFactoryImpl        : Send Buffer Size is 43,520 
2026-04-20T19:05:15.626+08:00 DEBUG 151 --- [   scheduling-1] org.postgresql.jdbc.PgConnection         :   setAutoCommit = false 
2026-04-20T19:05:15.627+08:00 DEBUG 151 --- [   scheduling-1] org.postgresql.jdbc.PgConnection         :   setAutoCommit = true 
2026-04-20T19:05:19.790+08:00 DEBUG 151 --- [   scheduling-1] org.postgresql.jdbc.PgConnection         :   setAutoCommit = false 
2026-04-20T19:05:19.795+08:00 DEBUG 151 --- [   scheduling-1] org.postgresql.jdbc.PgConnection         :   setAutoCommit = true 
2026-04-20T19:05:21.336+08:00 DEBUG 151 --- [  XNIO-1 task-2] io.undertow.request.security             : Attempting to authenticate /api/ingestion/tasks/list, authentication required: false 
2026-04-20T19:05:21.336+08:00 DEBUG 151 --- [  XNIO-1 task-2] io.undertow.request.security             : Authentication outcome was NOT_ATTEMPTED with method io.undertow.security.impl.CachedAuthenticatedSessionMechanism@72916f2a for /api/ingestion/tasks/list 
2026-04-20T19:05:21.336+08:00 DEBUG 151 --- [  XNIO-1 task-2] io.undertow.request.security             : Authentication result was ATTEMPTED for /api/ingestion/tasks/list 
2026-04-20T19:05:21.337+08:00 DEBUG 151 --- [  XNIO-1 task-2] org.postgresql.jdbc.PgConnection         :   setReadOnly = true 
2026-04-20T19:05:21.337+08:00 DEBUG 151 --- [  XNIO-1 task-2] org.postgresql.jdbc.PgConnection         :   setAutoCommit = false 
2026-04-20T19:05:21.339+08:00 DEBUG 151 --- [  XNIO-1 task-2] org.postgresql.jdbc.PgConnection         :   setAutoCommit = true 
2026-04-20T19:05:21.339+08:00 DEBUG 151 --- [  XNIO-1 task-2] org.postgresql.jdbc.PgConnection         :   setReadOnly = false 
2026-04-20T19:05:21.341+08:00 DEBUG 151 --- [  XNIO-1 task-2] io.undertow.request.security             : Attempting to authenticate /api/ingestion/tasks/1/executions, authentication required: false 
2026-04-20T19:05:21.341+08:00 DEBUG 151 --- [  XNIO-1 task-2] io.undertow.request.security             : Authentication outcome was NOT_ATTEMPTED with method io.undertow.security.impl.CachedAuthenticatedSessionMechanism@72916f2a for /api/ingestion/tasks/1/executions 
2026-04-20T19:05:21.341+08:00 DEBUG 151 --- [  XNIO-1 task-2] io.undertow.request.security             : Authentication result was ATTEMPTED for /api/ingestion/tasks/1/executions 
2026-04-20T19:05:21.342+08:00 DEBUG 151 --- [  XNIO-1 task-2] org.postgresql.jdbc.PgConnection         :   setAutoCommit = false 
2026-04-20T19:05:21.344+08:00 DEBUG 151 --- [  XNIO-1 task-2] org.postgresql.jdbc.PgConnection         :   setAutoCommit = true 
2026-04-20T19:05:21.348+08:00 DEBUG 151 --- [  XNIO-1 task-2] io.undertow.request.security             : Attempting to authenticate /api/ingestion/tasks/2/executions, authentication required: false 
2026-04-20T19:05:21.348+08:00 DEBUG 151 --- [  XNIO-1 task-2] io.undertow.request.security             : Authentication outcome was NOT_ATTEMPTED with method io.undertow.security.impl.CachedAuthenticatedSessionMechanism@72916f2a for /api/ingestion/tasks/2/executions 
2026-04-20T19:05:21.348+08:00 DEBUG 151 --- [  XNIO-1 task-2] io.undertow.request.security             : Authentication result was ATTEMPTED for /api/ingestion/tasks/2/executions 
2026-04-20T19:05:21.349+08:00 DEBUG 151 --- [  XNIO-1 task-2] org.postgresql.jdbc.PgConnection         :   setAutoCommit = false 
2026-04-20T19:05:21.352+08:00 DEBUG 151 --- [  XNIO-1 task-2] org.postgresql.jdbc.PgConnection         :   setAutoCommit = true 
2026-04-20T19:05:27.161+08:00 DEBUG 151 --- [onnection adder] org.postgresql.Driver                    : Connecting with URL: jdbc:postgresql://dts-pg:5432/dts_platform 
2026-04-20T19:05:27.162+08:00 DEBUG 151 --- [onnection adder] org.postgresql.jdbc.PgConnection         : PostgreSQL JDBC Driver 42.7.5 
2026-04-20T19:05:27.162+08:00 DEBUG 151 --- [onnection adder] org.postgresql.jdbc.PgConnection         :   setDefaultFetchSize = 0 
2026-04-20T19:05:27.162+08:00 DEBUG 151 --- [onnection adder] org.postgresql.jdbc.PgConnection         :   setPrepareThreshold = 5 
2026-04-20T19:05:27.162+08:00 DEBUG 151 --- [onnection adder] o.p.core.v3.ConnectionFactoryImpl        : Trying to establish a protocol version 3 connection to dts-pg:5432 
2026-04-20T19:05:27.163+08:00 DEBUG 151 --- [onnection adder] o.p.core.v3.ConnectionFactoryImpl        : Receive Buffer Size is 65,536 
2026-04-20T19:05:27.163+08:00 DEBUG 151 --- [onnection adder] o.p.core.v3.ConnectionFactoryImpl        : Send Buffer Size is 43,520 
2026-04-20T19:05:34.796+08:00 DEBUG 151 --- [   scheduling-1] org.postgresql.jdbc.PgConnection         :   setAutoCommit = false 
2026-04-20T19:05:34.806+08:00 DEBUG 151 --- [   scheduling-1] org.postgresql.jdbc.PgConnection         :   setAutoCommit = true 
2026-04-20T19:05:39.325+08:00 DEBUG 151 --- [  XNIO-1 task-2] io.undertow.request.security             : Attempting to authenticate /api/ingestion/tasks, authentication required: false 
2026-04-20T19:05:39.325+08:00 DEBUG 151 --- [  XNIO-1 task-2] io.undertow.request.security             : Authentication outcome was NOT_ATTEMPTED with method io.undertow.security.impl.CachedAuthenticatedSessionMechanism@72916f2a for /api/ingestion/tasks 
2026-04-20T19:05:39.325+08:00 DEBUG 151 --- [  XNIO-1 task-2] io.undertow.request.security             : Authentication result was ATTEMPTED for /api/ingestion/tasks 
2026-04-20T19:05:39.326+08:00 DEBUG 151 --- [  XNIO-1 task-2] org.postgresql.jdbc.PgConnection         :   setAutoCommit = false 
2026-04-20T19:05:39.326+08:00 DEBUG 151 --- [  XNIO-1 task-2] org.postgresql.jdbc.PgConnection         :   setAutoCommit = true 
2026-04-20T19:05:39.326+08:00 DEBUG 151 --- [  XNIO-1 task-2] org.postgresql.jdbc.PgConnection         :   setReadOnly = true 
2026-04-20T19:05:39.326+08:00 DEBUG 151 --- [  XNIO-1 task-2] org.postgresql.jdbc.PgConnection         :   setAutoCommit = false 
2026-04-20T19:05:39.329+08:00 DEBUG 151 --- [  XNIO-1 task-2] org.postgresql.jdbc.PgConnection         :   setAutoCommit = true 
2026-04-20T19:05:39.329+08:00 DEBUG 151 --- [  XNIO-1 task-2] org.postgresql.jdbc.PgConnection         :   setReadOnly = false 
2026-04-20T19:05:39.329+08:00 DEBUG 151 --- [  XNIO-1 task-2] org.postgresql.jdbc.PgConnection         :   setAutoCommit = false 
2026-04-20T19:05:39.329+08:00 DEBUG 151 --- [  XNIO-1 task-2] org.postgresql.jdbc.PgConnection         :   setAutoCommit = true 
2026-04-20T19:05:39.329+08:00 DEBUG 151 --- [  XNIO-1 task-2] org.postgresql.jdbc.PgConnection         :   setAutoCommit = false 
2026-04-20T19:05:39.329+08:00  INFO 151 --- [  XNIO-1 task-2] c.y.d.i.service.IngestionTaskService     : Creating new ingestion task: 质量汇总 (skipJob=false) 
2026-04-20T19:05:39.329+08:00  INFO 151 --- [  XNIO-1 task-2] c.y.d.i.service.etl.AddaxJobService      : Resolved writer columns to: ["project_no", "subsystem", "issue_name", "dept", "team_leader", "dept_leader", "issue_date", "issue_week", "issue_summary", "issue_category", "zero_plan", "zero_plan_synced", "new_plan_count", "status", "current_progress", "zero_complete_date", "zero_complete_week", "last_update_time", "last_update_week", "project_manager", "filled_by"] 
2026-04-20T19:05:39.329+08:00  INFO 151 --- [  XNIO-1 task-2] c.y.d.i.service.etl.AddaxJobService      : Injected CREATE TABLE preSql for file source table: ods_quality_issue_v2 
2026-04-20T19:05:39.329+08:00  INFO 151 --- [  XNIO-1 task-2] c.y.d.i.service.etl.AddaxJobService      : Injected extra columns postSql: [ALTER TABLE "ods_quality_issue_v2" ADD COLUMN IF NOT EXISTS "source_system" VARCHAR(500), ALTER TABLE "ods_quality_issue_v2" ADD COLUMN IF NOT EXISTS "import_time" TIMESTAMP, UPDATE "ods_quality_issue_v2" SET "source_system" = 'ods_quality_issue_v2.xlsx', "import_time" = timezone('Asia/Shanghai', now()) WHERE TRUE] 
2026-04-20T19:05:39.333+08:00  INFO 151 --- [  XNIO-1 task-2] c.y.d.i.service.etl.AirflowDagService    : [airflow] ensured dag file /opt/airflow/dags/task_task_task_manual.py 
2026-04-20T19:05:39.333+08:00  INFO 151 --- [  XNIO-1 task-2] c.y.d.i.service.IngestionTaskService     : Created ingestion task with ID: 3 by user: service:dts-platform 
2026-04-20T19:05:39.334+08:00  INFO 151 --- [  XNIO-1 task-2] c.y.d.i.service.audit.AuditService       : audit action=INGESTION_TASK_CREATE stage=SUCCESS subject=质量汇总 meta={operator=service:dts-platform, taskId=3} 
2026-04-20T19:05:39.335+08:00  INFO 151 --- [  dag-preheat-2] c.y.d.i.service.etl.DagPreheatService    : [dag-preheat] starting preheat for dagId=task_task_task_manual 
2026-04-20T19:05:39.338+08:00 DEBUG 151 --- [  XNIO-1 task-2] org.postgresql.jdbc.PgConnection         :   setAutoCommit = true 
2026-04-20T19:05:39.338+08:00  INFO 151 --- [  XNIO-1 task-2] c.y.d.i.service.audit.AuditService       : audit action=INGESTION_TASK_CREATE stage=SUCCESS subject=--0874d322.json meta={taskId=3, summary=创建入湖任务, operator=service:dts-platform, name=质量汇总} 
2026-04-20T19:05:39.338+08:00 DEBUG 151 --- [ngestion-task-1] org.postgresql.jdbc.PgConnection         :   setAutoCommit = false 
2026-04-20T19:05:39.338+08:00  INFO 151 --- [ngestion-task-1] c.y.d.i.service.IngestionTaskService     : Executing ingestion task ID: 3 
2026-04-20T19:05:39.343+08:00  INFO 151 --- [ngestion-task-1] c.y.d.i.service.IngestionTaskService     : Execution 3 for task 3 submitted to background trigger phase 
2026-04-20T19:05:39.347+08:00 DEBUG 151 --- [ngestion-task-1] org.postgresql.jdbc.PgConnection         :   setAutoCommit = true 
2026-04-20T19:05:39.348+08:00 DEBUG 151 --- [ngestion-task-2] org.postgresql.jdbc.PgConnection         :   setAutoCommit = false 
2026-04-20T19:05:39.349+08:00  INFO 151 --- [ngestion-task-2] c.y.d.i.service.etl.AddaxJobService      : Resolved writer columns to: ["project_no", "subsystem", "issue_name", "dept", "team_leader", "dept_leader", "issue_date", "issue_week", "issue_summary", "issue_category", "zero_plan", "zero_plan_synced", "new_plan_count", "status", "current_progress", "zero_complete_date", "zero_complete_week", "last_update_time", "last_update_week", "project_manager", "filled_by"] 
2026-04-20T19:05:39.349+08:00  INFO 151 --- [ngestion-task-2] c.y.d.i.service.etl.AddaxJobService      : Injected CREATE TABLE preSql for file source table: ods_quality_issue_v2 
2026-04-20T19:05:39.349+08:00  INFO 151 --- [ngestion-task-2] c.y.d.i.service.etl.AddaxJobService      : Injected extra columns postSql: [ALTER TABLE "ods_quality_issue_v2" ADD COLUMN IF NOT EXISTS "source_system" VARCHAR(500), ALTER TABLE "ods_quality_issue_v2" ADD COLUMN IF NOT EXISTS "import_time" TIMESTAMP, UPDATE "ods_quality_issue_v2" SET "source_system" = 'ods_quality_issue_v2.xlsx', "import_time" = timezone('Asia/Shanghai', now()) WHERE TRUE] 
2026-04-20T19:05:39.350+08:00  INFO 151 --- [ngestion-task-2] c.y.d.i.service.audit.AuditService       : audit action=INGESTION_TASK_JOB_REBUILD stage=SUCCESS subject=质量汇总 meta={taskId=3, summary=重建 Addax 作业, operator=service:dts-platform, jobPath=/opt/airflow/dags/--d0910191.json} 
2026-04-20T19:05:39.351+08:00  INFO 151 --- [ngestion-task-2] c.y.d.i.service.etl.AirflowDagService    : [airflow] rebuilt dag file /opt/airflow/dags/task_task_task_manual.py 
2026-04-20T19:05:39.481+08:00 DEBUG 151 --- [  XNIO-1 task-2] io.undertow.request.security             : Attempting to authenticate /api/ingestion/tasks/3/executions/latest, authentication required: false 
2026-04-20T19:05:39.481+08:00 DEBUG 151 --- [  XNIO-1 task-2] io.undertow.request.security             : Authentication outcome was NOT_ATTEMPTED with method io.undertow.security.impl.CachedAuthenticatedSessionMechanism@72916f2a for /api/ingestion/tasks/3/executions/latest 
2026-04-20T19:05:39.481+08:00 DEBUG 151 --- [  XNIO-1 task-2] io.undertow.request.security             : Authentication result was ATTEMPTED for /api/ingestion/tasks/3/executions/latest 
2026-04-20T19:05:39.482+08:00 DEBUG 151 --- [  XNIO-1 task-2] org.postgresql.jdbc.PgConnection         :   setAutoCommit = false 
2026-04-20T19:05:39.486+08:00 DEBUG 151 --- [  XNIO-1 task-2] org.postgresql.jdbc.PgConnection         :   setAutoCommit = true 
2026-04-20T19:05:39.508+08:00  INFO 151 --- [  dag-preheat-2] c.y.d.i.service.etl.DagPreheatService    : [dag-preheat] dagId=task_task_task_manual already registered, preheat complete 
2026-04-20T19:05:39.734+08:00  INFO 151 --- [ngestion-task-2] c.y.d.i.service.IngestionTaskService     : Airflow trigger result for task 3: {enabled=true, dagId=task_task_task_manual, status=triggered, payload={conf={job_path=/opt/addax/jobs/--d0910191.json, priority=MEDIUM, project_key=default, reject_policy=REJECT, task_id=3, task_name=质量汇总}, dag_id=task_task_task_manual, dag_run_id=manual__2026-04-20T11:05:39.712998+00:00, data_interval_end=2026-04-20T11:05:39.712998+00:00, data_interval_start=2026-04-20T11:05:39.712998+00:00, end_date=null, execution_date=2026-04-20T11:05:39.712998+00:00, external_trigger=true, last_scheduling_decision=null, logical_date=2026-04-20T11:05:39.712998+00:00, note=null, run_type=manual, start_date=null, state=queued}} 
2026-04-20T19:05:39.735+08:00  INFO 151 --- [ngestion-task-2] c.y.d.i.service.IngestionTaskService     : Started execution manual__2026-04-20T11:05:39.712998+00:00 for task ID: 3 
2026-04-20T19:05:39.735+08:00  INFO 151 --- [ngestion-task-2] c.y.d.i.service.audit.AuditService       : audit action=INGESTION_TASK_EXECUTE stage=SUCCESS subject=质量汇总 meta={operator=service:dts-platform, executionId=3, taskId=3} 
2026-04-20T19:05:39.738+08:00 DEBUG 151 --- [ngestion-task-2] org.postgresql.jdbc.PgConnection         :   setAutoCommit = true 
2026-04-20T19:05:45.628+08:00 DEBUG 151 --- [   scheduling-1] org.postgresql.jdbc.PgConnection         :   setAutoCommit = false 
2026-04-20T19:05:45.632+08:00 DEBUG 151 --- [   scheduling-1] org.postgresql.jdbc.PgConnection         :   setAutoCommit = true 
2026-04-20T19:05:47.549+08:00 DEBUG 151 --- [   XNIO-1 I/O-7] io.undertow.request                      : Timing out idle connection from /172.19.0.16:46414 
2026-04-20T19:05:49.807+08:00 DEBUG 151 --- [   scheduling-1] org.postgresql.jdbc.PgConnection         :   setAutoCommit = false 
2026-04-20T19:05:49.986+08:00  INFO 151 --- [   scheduling-1] c.y.d.i.s.e.AirflowExecutionSyncService  : [airflow] synced execution 3 status=success 
2026-04-20T19:05:49.991+08:00 DEBUG 151 --- [   scheduling-1] org.postgresql.jdbc.PgConnection         :   setAutoCommit = true 
2026-04-20T19:05:54.498+08:00 DEBUG 151 --- [  XNIO-1 task-2] io.undertow.request.security             : Attempting to authenticate /api/ingestion/tasks/3/executions/latest, authentication required: false 
2026-04-20T19:05:54.498+08:00 DEBUG 151 --- [  XNIO-1 task-2] io.undertow.request.security             : Authentication outcome was NOT_ATTEMPTED with method io.undertow.security.impl.CachedAuthenticatedSessionMechanism@72916f2a for /api/ingestion/tasks/3/executions/latest 
2026-04-20T19:05:54.498+08:00 DEBUG 151 --- [  XNIO-1 task-2] io.undertow.request.security             : Authentication result was ATTEMPTED for /api/ingestion/tasks/3/executions/latest 
2026-04-20T19:05:54.499+08:00 DEBUG 151 --- [  XNIO-1 task-2] org.postgresql.jdbc.PgConnection         :   setAutoCommit = false 
2026-04-20T19:05:54.501+08:00 DEBUG 151 --- [  XNIO-1 task-2] org.postgresql.jdbc.PgConnection         :   setAutoCommit = true 
2026-04-20T19:06:04.554+08:00 DEBUG 151 --- [onnection adder] org.postgresql.Driver                    : Connecting with URL: jdbc:postgresql://dts-pg:5432/dts_platform 
2026-04-20T19:06:04.554+08:00 DEBUG 151 --- [onnection adder] org.postgresql.jdbc.PgConnection         : PostgreSQL JDBC Driver 42.7.5 
2026-04-20T19:06:04.554+08:00 DEBUG 151 --- [onnection adder] org.postgresql.jdbc.PgConnection         :   setDefaultFetchSize = 0 
2026-04-20T19:06:04.554+08:00 DEBUG 151 --- [onnection adder] org.postgresql.jdbc.PgConnection         :   setPrepareThreshold = 5 
2026-04-20T19:06:04.554+08:00 DEBUG 151 --- [onnection adder] o.p.core.v3.ConnectionFactoryImpl        : Trying to establish a protocol version 3 connection to dts-pg:5432 
2026-04-20T19:06:04.555+08:00 DEBUG 151 --- [onnection adder] o.p.core.v3.ConnectionFactoryImpl        : Receive Buffer Size is 65,536 
2026-04-20T19:06:04.555+08:00 DEBUG 151 --- [onnection adder] o.p.core.v3.ConnectionFactoryImpl        : Send Buffer Size is 43,520 
2026-04-20T19:06:04.992+08:00 DEBUG 151 --- [   scheduling-1] org.postgresql.jdbc.PgConnection         :   setAutoCommit = false 
2026-04-20T19:06:04.997+08:00 DEBUG 151 --- [   scheduling-1] org.postgresql.jdbc.PgConnection         :   setAutoCommit = true 
2026-04-20T19:06:15.632+08:00 DEBUG 151 --- [   scheduling-1] org.postgresql.jdbc.PgConnection         :   setAutoCommit = false 
2026-04-20T19:06:15.633+08:00 DEBUG 151 --- [   scheduling-1] org.postgresql.jdbc.PgConnection         :   setAutoCommit = true 
2026-04-20T19:06:19.997+08:00 DEBUG 151 --- [   scheduling-1] org.postgresql.jdbc.PgConnection         :   setAutoCommit = false 
2026-04-20T19:06:19.999+08:00 DEBUG 151 --- [   scheduling-1] org.postgresql.jdbc.PgConnection         :   setAutoCommit = true 
2026-04-20T19:06:22.155+08:00 DEBUG 151 --- [  XNIO-1 task-2] io.undertow.request.security             : Attempting to authenticate /api/ingestion/tasks/list, authentication required: false 
2026-04-20T19:06:22.155+08:00 DEBUG 151 --- [  XNIO-1 task-2] io.undertow.request.security             : Authentication outcome was NOT_ATTEMPTED with method io.undertow.security.impl.CachedAuthenticatedSessionMechanism@72916f2a for /api/ingestion/tasks/list 
2026-04-20T19:06:22.155+08:00 DEBUG 151 --- [  XNIO-1 task-2] io.undertow.request.security             : Authentication result was ATTEMPTED for /api/ingestion/tasks/list 
2026-04-20T19:06:22.156+08:00 DEBUG 151 --- [  XNIO-1 task-2] org.postgresql.jdbc.PgConnection         :   setReadOnly = true 
2026-04-20T19:06:22.156+08:00 DEBUG 151 --- [  XNIO-1 task-2] org.postgresql.jdbc.PgConnection         :   setAutoCommit = false 
2026-04-20T19:06:22.158+08:00 DEBUG 151 --- [  XNIO-1 task-2] org.postgresql.jdbc.PgConnection         :   setAutoCommit = true 
2026-04-20T19:06:22.158+08:00 DEBUG 151 --- [  XNIO-1 task-2] org.postgresql.jdbc.PgConnection         :   setReadOnly = false 
2026-04-20T19:06:22.159+08:00 DEBUG 151 --- [  XNIO-1 task-2] io.undertow.request.security             : Attempting to authenticate /api/ingestion/tasks/1/executions, authentication required: false 
2026-04-20T19:06:22.159+08:00 DEBUG 151 --- [  XNIO-1 task-2] io.undertow.request.security             : Authentication outcome was NOT_ATTEMPTED with method io.undertow.security.impl.CachedAuthenticatedSessionMechanism@72916f2a for /api/ingestion/tasks/1/executions 
2026-04-20T19:06:22.159+08:00 DEBUG 151 --- [  XNIO-1 task-2] io.undertow.request.security             : Authentication result was ATTEMPTED for /api/ingestion/tasks/1/executions 
2026-04-20T19:06:22.160+08:00 DEBUG 151 --- [  XNIO-1 task-2] org.postgresql.jdbc.PgConnection         :   setAutoCommit = false 
2026-04-20T19:06:22.162+08:00 DEBUG 151 --- [  XNIO-1 task-2] org.postgresql.jdbc.PgConnection         :   setAutoCommit = true 
2026-04-20T19:06:22.167+08:00 DEBUG 151 --- [  XNIO-1 task-2] io.undertow.request.security             : Attempting to authenticate /api/ingestion/tasks/2/executions, authentication required: false 
2026-04-20T19:06:22.167+08:00 DEBUG 151 --- [  XNIO-1 task-2] io.undertow.request.security             : Authentication outcome was NOT_ATTEMPTED with method io.undertow.security.impl.CachedAuthenticatedSessionMechanism@72916f2a for /api/ingestion/tasks/2/executions 
2026-04-20T19:06:22.167+08:00 DEBUG 151 --- [  XNIO-1 task-2] io.undertow.request.security             : Authentication result was ATTEMPTED for /api/ingestion/tasks/2/executions 
2026-04-20T19:06:22.168+08:00 DEBUG 151 --- [  XNIO-1 task-2] org.postgresql.jdbc.PgConnection         :   setAutoCommit = false 
2026-04-20T19:06:22.170+08:00 DEBUG 151 --- [  XNIO-1 task-2] org.postgresql.jdbc.PgConnection         :   setAutoCommit = true 
2026-04-20T19:06:22.174+08:00 DEBUG 151 --- [  XNIO-1 task-2] io.undertow.request.security             : Attempting to authenticate /api/ingestion/tasks/3/executions, authentication required: false 
2026-04-20T19:06:22.174+08:00 DEBUG 151 --- [  XNIO-1 task-2] io.undertow.request.security             : Authentication outcome was NOT_ATTEMPTED with method io.undertow.security.impl.CachedAuthenticatedSessionMechanism@72916f2a for /api/ingestion/tasks/3/executions 
2026-04-20T19:06:22.174+08:00 DEBUG 151 --- [  XNIO-1 task-2] io.undertow.request.security             : Authentication result was ATTEMPTED for /api/ingestion/tasks/3/executions 
2026-04-20T19:06:22.175+08:00 DEBUG 151 --- [  XNIO-1 task-2] org.postgresql.jdbc.PgConnection         :   setAutoCommit = false 
2026-04-20T19:06:22.177+08:00 DEBUG 151 --- [  XNIO-1 task-2] org.postgresql.jdbc.PgConnection         :   setAutoCommit = true 
2026-04-20T19:06:34.999+08:00 DEBUG 151 --- [   scheduling-1] org.postgresql.jdbc.PgConnection         :   setAutoCommit = false 
2026-04-20T19:06:35.000+08:00 DEBUG 151 --- [   scheduling-1] org.postgresql.jdbc.PgConnection         :   setAutoCommit = true 
2026-04-20T19:06:39.449+08:00 DEBUG 151 --- [   XNIO-1 I/O-7] io.undertow.request                      : Timing out idle connection from /172.19.0.16:48484 
2026-04-20T19:06:43.786+08:00 DEBUG 151 --- [  XNIO-1 task-2] io.undertow.request.security             : Attempting to authenticate /api/ingestion/tasks/list, authentication required: false 
2026-04-20T19:06:43.786+08:00 DEBUG 151 --- [  XNIO-1 task-2] io.undertow.request.security             : Authentication outcome was NOT_ATTEMPTED with method io.undertow.security.impl.CachedAuthenticatedSessionMechanism@72916f2a for /api/ingestion/tasks/list 
2026-04-20T19:06:43.786+08:00 DEBUG 151 --- [  XNIO-1 task-2] io.undertow.request.security             : Authentication result was ATTEMPTED for /api/ingestion/tasks/list 
2026-04-20T19:06:43.787+08:00 DEBUG 151 --- [  XNIO-1 task-2] org.postgresql.jdbc.PgConnection         :   setReadOnly = true 
2026-04-20T19:06:43.787+08:00 DEBUG 151 --- [  XNIO-1 task-2] org.postgresql.jdbc.PgConnection         :   setAutoCommit = false 
2026-04-20T19:06:43.789+08:00 DEBUG 151 --- [  XNIO-1 task-2] org.postgresql.jdbc.PgConnection         :   setAutoCommit = true 
2026-04-20T19:06:43.789+08:00 DEBUG 151 --- [  XNIO-1 task-2] org.postgresql.jdbc.PgConnection         :   setReadOnly = false 
2026-04-20T19:06:45.633+08:00 DEBUG 151 --- [   scheduling-1] org.postgresql.jdbc.PgConnection         :   setAutoCommit = false 
2026-04-20T19:06:45.634+08:00 DEBUG 151 --- [   scheduling-1] org.postgresql.jdbc.PgConnection         :   setAutoCommit = true 
2026-04-20T19:06:47.814+08:00 DEBUG 151 --- [  XNIO-1 task-2] io.undertow.request.security             : Attempting to authenticate /api/ingestion/connectors/capabilities, authentication required: false 
2026-04-20T19:06:47.814+08:00 DEBUG 151 --- [  XNIO-1 task-2] io.undertow.request.security             : Authentication outcome was NOT_ATTEMPTED with method io.undertow.security.impl.CachedAuthenticatedSessionMechanism@72916f2a for /api/ingestion/connectors/capabilities 
2026-04-20T19:06:47.814+08:00 DEBUG 151 --- [  XNIO-1 task-2] io.undertow.request.security             : Authentication result was ATTEMPTED for /api/ingestion/connectors/capabilities 
2026-04-20T19:06:47.815+08:00 DEBUG 151 --- [  XNIO-1 task-2] org.postgresql.jdbc.PgConnection         :   setReadOnly = true 
2026-04-20T19:06:47.815+08:00 DEBUG 151 --- [  XNIO-1 task-2] org.postgresql.jdbc.PgConnection         :   setAutoCommit = false 
2026-04-20T19:06:47.817+08:00 DEBUG 151 --- [  XNIO-1 task-2] org.postgresql.jdbc.PgConnection         :   setAutoCommit = true 
2026-04-20T19:06:47.817+08:00 DEBUG 151 --- [  XNIO-1 task-2] org.postgresql.jdbc.PgConnection         :   setReadOnly = false 
2026-04-20T19:06:47.820+08:00 DEBUG 151 --- [  XNIO-1 task-2] io.undertow.request.security             : Attempting to authenticate /api/ingestion/templates, authentication required: false 
2026-04-20T19:06:47.820+08:00 DEBUG 151 --- [  XNIO-1 task-2] io.undertow.request.security             : Authentication outcome was NOT_ATTEMPTED with method io.undertow.security.impl.CachedAuthenticatedSessionMechanism@72916f2a for /api/ingestion/templates 
2026-04-20T19:06:47.820+08:00 DEBUG 151 --- [  XNIO-1 task-2] io.undertow.request.security             : Authentication result was ATTEMPTED for /api/ingestion/templates 
2026-04-20T19:06:50.001+08:00 DEBUG 151 --- [   scheduling-1] org.postgresql.jdbc.PgConnection         :   setAutoCommit = false 
2026-04-20T19:06:50.002+08:00 DEBUG 151 --- [   scheduling-1] org.postgresql.jdbc.PgConnection         :   setAutoCommit = true 
2026-04-20T19:07:05.003+08:00 DEBUG 151 --- [   scheduling-1] org.postgresql.jdbc.PgConnection         :   setAutoCommit = false 
2026-04-20T19:07:05.008+08:00 DEBUG 151 --- [   scheduling-1] org.postgresql.jdbc.PgConnection         :   setAutoCommit = true 
2026-04-20T19:07:15.635+08:00 DEBUG 151 --- [   scheduling-1] org.postgresql.jdbc.PgConnection         :   setAutoCommit = false 
2026-04-20T19:07:15.637+08:00 DEBUG 151 --- [   scheduling-1] org.postgresql.jdbc.PgConnection         :   setAutoCommit = true 
2026-04-20T19:07:20.009+08:00 DEBUG 151 --- [   scheduling-1] org.postgresql.jdbc.PgConnection         :   setAutoCommit = false 
2026-04-20T19:07:20.012+08:00 DEBUG 151 --- [   scheduling-1] org.postgresql.jdbc.PgConnection         :   setAutoCommit = true 
2026-04-20T19:07:23.024+08:00 DEBUG 151 --- [  XNIO-1 task-2] io.undertow.request.security             : Attempting to authenticate /api/ingestion/tasks/list, authentication required: false 
2026-04-20T19:07:23.024+08:00 DEBUG 151 --- [  XNIO-1 task-2] io.undertow.request.security             : Authentication outcome was NOT_ATTEMPTED with method io.undertow.security.impl.CachedAuthenticatedSessionMechanism@72916f2a for /api/ingestion/tasks/list 
2026-04-20T19:07:23.024+08:00 DEBUG 151 --- [  XNIO-1 task-2] io.undertow.request.security             : Authentication result was ATTEMPTED for /api/ingestion/tasks/list 
2026-04-20T19:07:23.025+08:00 DEBUG 151 --- [  XNIO-1 task-2] org.postgresql.jdbc.PgConnection         :   setReadOnly = true 
2026-04-20T19:07:23.025+08:00 DEBUG 151 --- [  XNIO-1 task-2] org.postgresql.jdbc.PgConnection         :   setAutoCommit = false 
2026-04-20T19:07:23.026+08:00 DEBUG 151 --- [  XNIO-1 task-2] org.postgresql.jdbc.PgConnection         :   setAutoCommit = true 
2026-04-20T19:07:23.027+08:00 DEBUG 151 --- [  XNIO-1 task-2] org.postgresql.jdbc.PgConnection         :   setReadOnly = false 
2026-04-20T19:07:23.028+08:00 DEBUG 151 --- [  XNIO-1 task-2] io.undertow.request.security             : Attempting to authenticate /api/ingestion/tasks/1/executions, authentication required: false 
2026-04-20T19:07:23.028+08:00 DEBUG 151 --- [  XNIO-1 task-2] io.undertow.request.security             : Authentication outcome was NOT_ATTEMPTED with method io.undertow.security.impl.CachedAuthenticatedSessionMechanism@72916f2a for /api/ingestion/tasks/1/executions 
2026-04-20T19:07:23.028+08:00 DEBUG 151 --- [  XNIO-1 task-2] io.undertow.request.security             : Authentication result was ATTEMPTED for /api/ingestion/tasks/1/executions 
2026-04-20T19:07:23.029+08:00 DEBUG 151 --- [  XNIO-1 task-2] org.postgresql.jdbc.PgConnection         :   setAutoCommit = false 
2026-04-20T19:07:23.030+08:00 DEBUG 151 --- [  XNIO-1 task-2] org.postgresql.jdbc.PgConnection         :   setAutoCommit = true 
2026-04-20T19:07:23.034+08:00 DEBUG 151 --- [  XNIO-1 task-2] io.undertow.request.security             : Attempting to authenticate /api/ingestion/tasks/2/executions, authentication required: false 
2026-04-20T19:07:23.034+08:00 DEBUG 151 --- [  XNIO-1 task-2] io.undertow.request.security             : Authentication outcome was NOT_ATTEMPTED with method io.undertow.security.impl.CachedAuthenticatedSessionMechanism@72916f2a for /api/ingestion/tasks/2/executions 
2026-04-20T19:07:23.034+08:00 DEBUG 151 --- [  XNIO-1 task-2] io.undertow.request.security             : Authentication result was ATTEMPTED for /api/ingestion/tasks/2/executions 
2026-04-20T19:07:23.035+08:00 DEBUG 151 --- [  XNIO-1 task-2] org.postgresql.jdbc.PgConnection         :   setAutoCommit = false 
2026-04-20T19:07:23.036+08:00 DEBUG 151 --- [  XNIO-1 task-2] org.postgresql.jdbc.PgConnection         :   setAutoCommit = true 
2026-04-20T19:07:23.040+08:00 DEBUG 151 --- [  XNIO-1 task-2] io.undertow.request.security             : Attempting to authenticate /api/ingestion/tasks/3/executions, authentication required: false 
2026-04-20T19:07:23.040+08:00 DEBUG 151 --- [  XNIO-1 task-2] io.undertow.request.security             : Authentication outcome was NOT_ATTEMPTED with method io.undertow.security.impl.CachedAuthenticatedSessionMechanism@72916f2a for /api/ingestion/tasks/3/executions 
2026-04-20T19:07:23.040+08:00 DEBUG 151 --- [  XNIO-1 task-2] io.undertow.request.security             : Authentication result was ATTEMPTED for /api/ingestion/tasks/3/executions 
2026-04-20T19:07:23.041+08:00 DEBUG 151 --- [  XNIO-1 task-2] org.postgresql.jdbc.PgConnection         :   setAutoCommit = false 
2026-04-20T19:07:23.042+08:00 DEBUG 151 --- [  XNIO-1 task-2] org.postgresql.jdbc.PgConnection         :   setAutoCommit = true 
2026-04-20T19:07:35.013+08:00 DEBUG 151 --- [   scheduling-1] org.postgresql.jdbc.PgConnection         :   setAutoCommit = false 
2026-04-20T19:07:35.014+08:00 DEBUG 151 --- [   scheduling-1] org.postgresql.jdbc.PgConnection         :   setAutoCommit = true 
2026-04-20T19:07:45.638+08:00 DEBUG 151 --- [   scheduling-1] org.postgresql.jdbc.PgConnection         :   setAutoCommit = false 
2026-04-20T19:07:45.640+08:00 DEBUG 151 --- [   scheduling-1] org.postgresql.jdbc.PgConnection         :   setAutoCommit = true 
2026-04-20T19:07:50.015+08:00 DEBUG 151 --- [   scheduling-1] org.postgresql.jdbc.PgConnection         :   setAutoCommit = false 
2026-04-20T19:07:50.017+08:00 DEBUG 151 --- [   scheduling-1] org.postgresql.jdbc.PgConnection         :   setAutoCommit = true 
2026-04-20T19:07:51.650+08:00 DEBUG 151 --- [  XNIO-1 task-2] io.undertow.request.security             : Attempting to authenticate /api/ingestion/tasks, authentication required: false 
2026-04-20T19:07:51.650+08:00 DEBUG 151 --- [  XNIO-1 task-2] io.undertow.request.security             : Authentication outcome was NOT_ATTEMPTED with method io.undertow.security.impl.CachedAuthenticatedSessionMechanism@72916f2a for /api/ingestion/tasks 
2026-04-20T19:07:51.650+08:00 DEBUG 151 --- [  XNIO-1 task-2] io.undertow.request.security             : Authentication result was ATTEMPTED for /api/ingestion/tasks 
2026-04-20T19:07:51.651+08:00 DEBUG 151 --- [  XNIO-1 task-2] org.postgresql.jdbc.PgConnection         :   setAutoCommit = false 
2026-04-20T19:07:51.651+08:00 DEBUG 151 --- [  XNIO-1 task-2] org.postgresql.jdbc.PgConnection         :   setAutoCommit = true 
2026-04-20T19:07:51.651+08:00 DEBUG 151 --- [  XNIO-1 task-2] org.postgresql.jdbc.PgConnection         :   setReadOnly = true 
2026-04-20T19:07:51.651+08:00 DEBUG 151 --- [  XNIO-1 task-2] org.postgresql.jdbc.PgConnection         :   setAutoCommit = false 
2026-04-20T19:07:51.652+08:00 DEBUG 151 --- [  XNIO-1 task-2] org.postgresql.jdbc.PgConnection         :   setAutoCommit = true 
2026-04-20T19:07:51.652+08:00 DEBUG 151 --- [  XNIO-1 task-2] org.postgresql.jdbc.PgConnection         :   setReadOnly = false 
2026-04-20T19:07:51.653+08:00 DEBUG 151 --- [  XNIO-1 task-2] org.postgresql.jdbc.PgConnection         :   setAutoCommit = false 
2026-04-20T19:07:51.653+08:00 DEBUG 151 --- [  XNIO-1 task-2] org.postgresql.jdbc.PgConnection         :   setAutoCommit = true 
2026-04-20T19:07:51.653+08:00 DEBUG 151 --- [  XNIO-1 task-2] org.postgresql.jdbc.PgConnection         :   setAutoCommit = false 
2026-04-20T19:07:51.653+08:00  INFO 151 --- [  XNIO-1 task-2] c.y.d.i.service.IngestionTaskService     : Creating new ingestion task: 质量措施 (skipJob=false) 
2026-04-20T19:07:51.653+08:00  INFO 151 --- [  XNIO-1 task-2] c.y.d.i.service.etl.AddaxJobService      : Resolved writer columns to: ["project_no", "subsystem", "issue_name", "dept", "team_leader", "dept_leader", "issue_date", "issue_week", "issue_summary", "issue_category", "zero_plan", "zero_plan_synced", "new_plan_count", "status", "current_progress", "project_manager", "measure_category", "measure_title", "follow_up_person", "main_recipient", "cc_recipient", "follow_up_date", "follow_up_week", "closure_status", "final_closure_date", "final_closure_week", "closure_deliverable_type", "closure_deliverable", "risk_content", "last_update_time", "last_update_week", "remark", "filled_by"] 
2026-04-20T19:07:51.653+08:00  INFO 151 --- [  XNIO-1 task-2] c.y.d.i.service.etl.AddaxJobService      : Injected CREATE TABLE preSql for file source table: ods_quality_measure_v2 
2026-04-20T19:07:51.653+08:00  INFO 151 --- [  XNIO-1 task-2] c.y.d.i.service.etl.AddaxJobService      : Injected extra columns postSql: [ALTER TABLE "ods_quality_measure_v2" ADD COLUMN IF NOT EXISTS "source_system" VARCHAR(500), ALTER TABLE "ods_quality_measure_v2" ADD COLUMN IF NOT EXISTS "import_time" TIMESTAMP, UPDATE "ods_quality_measure_v2" SET "source_system" = 'ods_quality_measure_v2.xlsx', "import_time" = timezone('Asia/Shanghai', now()) WHERE TRUE] 
2026-04-20T19:07:51.656+08:00  INFO 151 --- [  XNIO-1 task-2] c.y.d.i.service.etl.AirflowDagService    : [airflow] ensured dag file /opt/airflow/dags/task_task_task_manual.py 
2026-04-20T19:07:51.656+08:00  INFO 151 --- [  XNIO-1 task-2] c.y.d.i.service.IngestionTaskService     : Created ingestion task with ID: 4 by user: service:dts-platform 
2026-04-20T19:07:51.657+08:00  INFO 151 --- [  XNIO-1 task-2] c.y.d.i.service.audit.AuditService       : audit action=INGESTION_TASK_CREATE stage=SUCCESS subject=质量措施 meta={operator=service:dts-platform, taskId=4} 
2026-04-20T19:07:51.657+08:00  INFO 151 --- [  dag-preheat-3] c.y.d.i.service.etl.DagPreheatService    : [dag-preheat] starting preheat for dagId=task_task_task_manual 
2026-04-20T19:07:51.660+08:00 DEBUG 151 --- [  XNIO-1 task-2] org.postgresql.jdbc.PgConnection         :   setAutoCommit = true 
2026-04-20T19:07:51.660+08:00  INFO 151 --- [  XNIO-1 task-2] c.y.d.i.service.audit.AuditService       : audit action=INGESTION_TASK_CREATE stage=SUCCESS subject=--9b5a23d7.json meta={taskId=4, summary=创建入湖任务, operator=service:dts-platform, name=质量措施} 
2026-04-20T19:07:51.660+08:00 DEBUG 151 --- [ngestion-task-1] org.postgresql.jdbc.PgConnection         :   setAutoCommit = false 
2026-04-20T19:07:51.660+08:00  INFO 151 --- [ngestion-task-1] c.y.d.i.service.IngestionTaskService     : Executing ingestion task ID: 4 
2026-04-20T19:07:51.664+08:00  INFO 151 --- [ngestion-task-1] c.y.d.i.service.IngestionTaskService     : Execution 4 for task 4 submitted to background trigger phase 
2026-04-20T19:07:51.666+08:00 DEBUG 151 --- [ngestion-task-1] org.postgresql.jdbc.PgConnection         :   setAutoCommit = true 
2026-04-20T19:07:51.666+08:00 DEBUG 151 --- [ngestion-task-2] org.postgresql.jdbc.PgConnection         :   setAutoCommit = false 
2026-04-20T19:07:51.668+08:00  INFO 151 --- [ngestion-task-2] c.y.d.i.service.etl.AddaxJobService      : Resolved writer columns to: ["project_no", "subsystem", "issue_name", "dept", "team_leader", "dept_leader", "issue_date", "issue_week", "issue_summary", "issue_category", "zero_plan", "zero_plan_synced", "new_plan_count", "status", "current_progress", "project_manager", "measure_category", "measure_title", "follow_up_person", "main_recipient", "cc_recipient", "follow_up_date", "follow_up_week", "closure_status", "final_closure_date", "final_closure_week", "closure_deliverable_type", "closure_deliverable", "risk_content", "last_update_time", "last_update_week", "remark", "filled_by"] 
2026-04-20T19:07:51.668+08:00  INFO 151 --- [ngestion-task-2] c.y.d.i.service.etl.AddaxJobService      : Injected CREATE TABLE preSql for file source table: ods_quality_measure_v2 
2026-04-20T19:07:51.668+08:00  INFO 151 --- [ngestion-task-2] c.y.d.i.service.etl.AddaxJobService      : Injected extra columns postSql: [ALTER TABLE "ods_quality_measure_v2" ADD COLUMN IF NOT EXISTS "source_system" VARCHAR(500), ALTER TABLE "ods_quality_measure_v2" ADD COLUMN IF NOT EXISTS "import_time" TIMESTAMP, UPDATE "ods_quality_measure_v2" SET "source_system" = 'ods_quality_measure_v2.xlsx', "import_time" = timezone('Asia/Shanghai', now()) WHERE TRUE] 
2026-04-20T19:07:51.668+08:00  INFO 151 --- [ngestion-task-2] c.y.d.i.service.audit.AuditService       : audit action=INGESTION_TASK_JOB_REBUILD stage=SUCCESS subject=质量措施 meta={taskId=4, summary=重建 Addax 作业, operator=service:dts-platform, jobPath=/opt/airflow/dags/--e1decacd.json} 
2026-04-20T19:07:51.670+08:00  INFO 151 --- [ngestion-task-2] c.y.d.i.service.etl.AirflowDagService    : [airflow] rebuilt dag file /opt/airflow/dags/task_task_task_manual.py 
2026-04-20T19:07:51.818+08:00  INFO 151 --- [  dag-preheat-3] c.y.d.i.service.etl.DagPreheatService    : [dag-preheat] dagId=task_task_task_manual already registered, preheat complete 
2026-04-20T19:07:51.820+08:00 DEBUG 151 --- [  XNIO-1 task-2] io.undertow.request.security             : Attempting to authenticate /api/ingestion/tasks/4/executions/latest, authentication required: false 
2026-04-20T19:07:51.820+08:00 DEBUG 151 --- [  XNIO-1 task-2] io.undertow.request.security             : Authentication outcome was NOT_ATTEMPTED with method io.undertow.security.impl.CachedAuthenticatedSessionMechanism@72916f2a for /api/ingestion/tasks/4/executions/latest 
2026-04-20T19:07:51.820+08:00 DEBUG 151 --- [  XNIO-1 task-2] io.undertow.request.security             : Authentication result was ATTEMPTED for /api/ingestion/tasks/4/executions/latest 
2026-04-20T19:07:51.821+08:00 DEBUG 151 --- [  XNIO-1 task-2] org.postgresql.jdbc.PgConnection         :   setAutoCommit = false 
2026-04-20T19:07:51.825+08:00 DEBUG 151 --- [  XNIO-1 task-2] org.postgresql.jdbc.PgConnection         :   setAutoCommit = true 
2026-04-20T19:07:51.996+08:00  INFO 151 --- [ngestion-task-2] c.y.d.i.service.IngestionTaskService     : Airflow trigger result for task 4: {enabled=true, dagId=task_task_task_manual, status=triggered, payload={conf={job_path=/opt/addax/jobs/--e1decacd.json, priority=MEDIUM, project_key=default, reject_policy=REJECT, task_id=4, task_name=质量措施}, dag_id=task_task_task_manual, dag_run_id=manual__2026-04-20T11:07:51.986999+00:00, data_interval_end=2026-04-20T11:07:51.986999+00:00, data_interval_start=2026-04-20T11:07:51.986999+00:00, end_date=null, execution_date=2026-04-20T11:07:51.986999+00:00, external_trigger=true, last_scheduling_decision=null, logical_date=2026-04-20T11:07:51.986999+00:00, note=null, run_type=manual, start_date=null, state=queued}} 
2026-04-20T19:07:51.997+08:00  INFO 151 --- [ngestion-task-2] c.y.d.i.service.IngestionTaskService     : Started execution manual__2026-04-20T11:07:51.986999+00:00 for task ID: 4 
2026-04-20T19:07:51.997+08:00  INFO 151 --- [ngestion-task-2] c.y.d.i.service.audit.AuditService       : audit action=INGESTION_TASK_EXECUTE stage=SUCCESS subject=质量措施 meta={operator=service:dts-platform, executionId=4, taskId=4} 
2026-04-20T19:07:52.000+08:00 DEBUG 151 --- [ngestion-task-2] org.postgresql.jdbc.PgConnection         :   setAutoCommit = true 
2026-04-20T19:08:05.018+08:00 DEBUG 151 --- [   scheduling-1] org.postgresql.jdbc.PgConnection         :   setAutoCommit = false 
2026-04-20T19:08:05.178+08:00  INFO 151 --- [   scheduling-1] c.y.d.i.s.e.AirflowExecutionSyncService  : [airflow] synced execution 4 status=success 
2026-04-20T19:08:05.181+08:00 DEBUG 151 --- [   scheduling-1] org.postgresql.jdbc.PgConnection         :   setAutoCommit = true 
2026-04-20T19:08:06.974+08:00 DEBUG 151 --- [  XNIO-1 task-2] io.undertow.request.security             : Attempting to authenticate /api/ingestion/tasks/4/executions/latest, authentication required: false 
2026-04-20T19:08:06.974+08:00 DEBUG 151 --- [  XNIO-1 task-2] io.undertow.request.security             : Authentication outcome was NOT_ATTEMPTED with method io.undertow.security.impl.CachedAuthenticatedSessionMechanism@72916f2a for /api/ingestion/tasks/4/executions/latest 
2026-04-20T19:08:06.974+08:00 DEBUG 151 --- [  XNIO-1 task-2] io.undertow.request.security             : Authentication result was ATTEMPTED for /api/ingestion/tasks/4/executions/latest 
2026-04-20T19:08:06.976+08:00 DEBUG 151 --- [  XNIO-1 task-2] org.postgresql.jdbc.PgConnection         :   setAutoCommit = false 
2026-04-20T19:08:06.980+08:00 DEBUG 151 --- [  XNIO-1 task-2] org.postgresql.jdbc.PgConnection         :   setAutoCommit = true 
2026-04-20T19:08:15.641+08:00 DEBUG 151 --- [   scheduling-1] org.postgresql.jdbc.PgConnection         :   setAutoCommit = false 
2026-04-20T19:08:15.644+08:00 DEBUG 151 --- [   scheduling-1] org.postgresql.jdbc.PgConnection         :   setAutoCommit = true 
2026-04-20T19:08:20.182+08:00 DEBUG 151 --- [   scheduling-1] org.postgresql.jdbc.PgConnection         :   setAutoCommit = false 
2026-04-20T19:08:20.183+08:00 DEBUG 151 --- [   scheduling-1] org.postgresql.jdbc.PgConnection         :   setAutoCommit = true 
2026-04-20T19:08:23.875+08:00 DEBUG 151 --- [  XNIO-1 task-2] io.undertow.request.security             : Attempting to authenticate /api/ingestion/tasks/list, authentication required: false 
2026-04-20T19:08:23.875+08:00 DEBUG 151 --- [  XNIO-1 task-2] io.undertow.request.security             : Authentication outcome was NOT_ATTEMPTED with method io.undertow.security.impl.CachedAuthenticatedSessionMechanism@72916f2a for /api/ingestion/tasks/list 
2026-04-20T19:08:23.875+08:00 DEBUG 151 --- [  XNIO-1 task-2] io.undertow.request.security             : Authentication result was ATTEMPTED for /api/ingestion/tasks/list 
2026-04-20T19:08:23.878+08:00 DEBUG 151 --- [  XNIO-1 task-2] org.postgresql.jdbc.PgConnection         :   setReadOnly = true 
2026-04-20T19:08:23.878+08:00 DEBUG 151 --- [  XNIO-1 task-2] org.postgresql.jdbc.PgConnection         :   setAutoCommit = false 
2026-04-20T19:08:23.884+08:00 DEBUG 151 --- [  XNIO-1 task-2] org.postgresql.jdbc.PgConnection         :   setAutoCommit = true 
2026-04-20T19:08:23.884+08:00 DEBUG 151 --- [  XNIO-1 task-2] org.postgresql.jdbc.PgConnection         :   setReadOnly = false 
2026-04-20T19:08:23.890+08:00 DEBUG 151 --- [  XNIO-1 task-2] io.undertow.request.security             : Attempting to authenticate /api/ingestion/tasks/1/executions, authentication required: false 
2026-04-20T19:08:23.890+08:00 DEBUG 151 --- [  XNIO-1 task-2] io.undertow.request.security             : Authentication outcome was NOT_ATTEMPTED with method io.undertow.security.impl.CachedAuthenticatedSessionMechanism@72916f2a for /api/ingestion/tasks/1/executions 
2026-04-20T19:08:23.890+08:00 DEBUG 151 --- [  XNIO-1 task-2] io.undertow.request.security             : Authentication result was ATTEMPTED for /api/ingestion/tasks/1/executions 
2026-04-20T19:08:23.893+08:00 DEBUG 151 --- [  XNIO-1 task-2] org.postgresql.jdbc.PgConnection         :   setAutoCommit = false 
2026-04-20T19:08:23.900+08:00 DEBUG 151 --- [  XNIO-1 task-2] org.postgresql.jdbc.PgConnection         :   setAutoCommit = true 
2026-04-20T19:08:23.907+08:00 DEBUG 151 --- [  XNIO-1 task-2] io.undertow.request.security             : Attempting to authenticate /api/ingestion/tasks/2/executions, authentication required: false 
2026-04-20T19:08:23.907+08:00 DEBUG 151 --- [  XNIO-1 task-2] io.undertow.request.security             : Authentication outcome was NOT_ATTEMPTED with method io.undertow.security.impl.CachedAuthenticatedSessionMechanism@72916f2a for /api/ingestion/tasks/2/executions 
2026-04-20T19:08:23.907+08:00 DEBUG 151 --- [  XNIO-1 task-2] io.undertow.request.security             : Authentication result was ATTEMPTED for /api/ingestion/tasks/2/executions 
2026-04-20T19:08:23.908+08:00 DEBUG 151 --- [  XNIO-1 task-2] org.postgresql.jdbc.PgConnection         :   setAutoCommit = false 
2026-04-20T19:08:23.910+08:00 DEBUG 151 --- [  XNIO-1 task-2] org.postgresql.jdbc.PgConnection         :   setAutoCommit = true 
2026-04-20T19:08:23.913+08:00 DEBUG 151 --- [  XNIO-1 task-2] io.undertow.request.security             : Attempting to authenticate /api/ingestion/tasks/3/executions, authentication required: false 
2026-04-20T19:08:23.913+08:00 DEBUG 151 --- [  XNIO-1 task-2] io.undertow.request.security             : Authentication outcome was NOT_ATTEMPTED with method io.undertow.security.impl.CachedAuthenticatedSessionMechanism@72916f2a for /api/ingestion/tasks/3/executions 
2026-04-20T19:08:23.913+08:00 DEBUG 151 --- [  XNIO-1 task-2] io.undertow.request.security             : Authentication result was ATTEMPTED for /api/ingestion/tasks/3/executions 
2026-04-20T19:08:23.914+08:00 DEBUG 151 --- [  XNIO-1 task-2] org.postgresql.jdbc.PgConnection         :   setAutoCommit = false 
2026-04-20T19:08:23.916+08:00 DEBUG 151 --- [  XNIO-1 task-2] org.postgresql.jdbc.PgConnection         :   setAutoCommit = true 
2026-04-20T19:08:23.919+08:00 DEBUG 151 --- [  XNIO-1 task-2] io.undertow.request.security             : Attempting to authenticate /api/ingestion/tasks/4/executions, authentication required: false 
2026-04-20T19:08:23.919+08:00 DEBUG 151 --- [  XNIO-1 task-2] io.undertow.request.security             : Authentication outcome was NOT_ATTEMPTED with method io.undertow.security.impl.CachedAuthenticatedSessionMechanism@72916f2a for /api/ingestion/tasks/4/executions 
2026-04-20T19:08:23.919+08:00 DEBUG 151 --- [  XNIO-1 task-2] io.undertow.request.security             : Authentication result was ATTEMPTED for /api/ingestion/tasks/4/executions 
2026-04-20T19:08:23.920+08:00 DEBUG 151 --- [  XNIO-1 task-2] org.postgresql.jdbc.PgConnection         :   setAutoCommit = false 
2026-04-20T19:08:23.922+08:00 DEBUG 151 --- [  XNIO-1 task-2] org.postgresql.jdbc.PgConnection         :   setAutoCommit = true 
2026-04-20T19:08:35.184+08:00 DEBUG 151 --- [   scheduling-1] org.postgresql.jdbc.PgConnection         :   setAutoCommit = false 
2026-04-20T19:08:35.187+08:00 DEBUG 151 --- [   scheduling-1] org.postgresql.jdbc.PgConnection         :   setAutoCommit = true 
2026-04-20T19:08:45.645+08:00 DEBUG 151 --- [   scheduling-1] org.postgresql.jdbc.PgConnection         :   setAutoCommit = false 
2026-04-20T19:08:45.648+08:00 DEBUG 151 --- [   scheduling-1] org.postgresql.jdbc.PgConnection         :   setAutoCommit = true 
2026-04-20T19:08:50.189+08:00 DEBUG 151 --- [   scheduling-1] org.postgresql.jdbc.PgConnection         :   setAutoCommit = false 
2026-04-20T19:08:50.192+08:00 DEBUG 151 --- [   scheduling-1] org.postgresql.jdbc.PgConnection         :   setAutoCommit = true 
2026-04-20T19:08:51.801+08:00 DEBUG 151 --- [  XNIO-1 I/O-13] io.undertow.request                      : Timing out idle connection from /172.19.0.16:53528 
2026-04-20T19:09:05.193+08:00 DEBUG 151 --- [   scheduling-1] org.postgresql.jdbc.PgConnection         :   setAutoCommit = false 
2026-04-20T19:09:05.196+08:00 DEBUG 151 --- [   scheduling-1] org.postgresql.jdbc.PgConnection         :   setAutoCommit = true 
2026-04-20T19:09:15.649+08:00 DEBUG 151 --- [   scheduling-1] org.postgresql.jdbc.PgConnection         :   setAutoCommit = false 
2026-04-20T19:09:15.652+08:00 DEBUG 151 --- [   scheduling-1] org.postgresql.jdbc.PgConnection         :   setAutoCommit = true 
2026-04-20T19:09:20.197+08:00 DEBUG 151 --- [   scheduling-1] org.postgresql.jdbc.PgConnection         :   setAutoCommit = false 
2026-04-20T19:09:20.200+08:00 DEBUG 151 --- [   scheduling-1] org.postgresql.jdbc.PgConnection         :   setAutoCommit = true 
2026-04-20T19:09:24.031+08:00 DEBUG 151 --- [   XNIO-1 I/O-4] io.undertow.request                      : Timing out idle connection from /172.19.0.16:36584 
2026-04-20T19:09:24.761+08:00 DEBUG 151 --- [  XNIO-1 task-2] io.undertow.request.security             : Attempting to authenticate /api/ingestion/tasks/list, authentication required: false 
2026-04-20T19:09:24.761+08:00 DEBUG 151 --- [  XNIO-1 task-2] io.undertow.request.security             : Authentication outcome was NOT_ATTEMPTED with method io.undertow.security.impl.CachedAuthenticatedSessionMechanism@72916f2a for /api/ingestion/tasks/list 
2026-04-20T19:09:24.761+08:00 DEBUG 151 --- [  XNIO-1 task-2] io.undertow.request.security             : Authentication result was ATTEMPTED for /api/ingestion/tasks/list 
2026-04-20T19:09:24.762+08:00 DEBUG 151 --- [  XNIO-1 task-2] org.postgresql.jdbc.PgConnection         :   setReadOnly = true 
2026-04-20T19:09:24.762+08:00 DEBUG 151 --- [  XNIO-1 task-2] org.postgresql.jdbc.PgConnection         :   setAutoCommit = false 
2026-04-20T19:09:24.763+08:00 DEBUG 151 --- [  XNIO-1 task-2] org.postgresql.jdbc.PgConnection         :   setAutoCommit = true 
2026-04-20T19:09:24.764+08:00 DEBUG 151 --- [  XNIO-1 task-2] org.postgresql.jdbc.PgConnection         :   setReadOnly = false 
2026-04-20T19:09:24.765+08:00 DEBUG 151 --- [  XNIO-1 task-2] io.undertow.request.security             : Attempting to authenticate /api/ingestion/tasks/1/executions, authentication required: false 
2026-04-20T19:09:24.765+08:00 DEBUG 151 --- [  XNIO-1 task-2] io.undertow.request.security             : Authentication outcome was NOT_ATTEMPTED with method io.undertow.security.impl.CachedAuthenticatedSessionMechanism@72916f2a for /api/ingestion/tasks/1/executions 
2026-04-20T19:09:24.765+08:00 DEBUG 151 --- [  XNIO-1 task-2] io.undertow.request.security             : Authentication result was ATTEMPTED for /api/ingestion/tasks/1/executions 
2026-04-20T19:09:24.766+08:00 DEBUG 151 --- [  XNIO-1 task-2] org.postgresql.jdbc.PgConnection         :   setAutoCommit = false 
2026-04-20T19:09:24.768+08:00 DEBUG 151 --- [  XNIO-1 task-2] org.postgresql.jdbc.PgConnection         :   setAutoCommit = true 
2026-04-20T19:09:24.771+08:00 DEBUG 151 --- [  XNIO-1 task-2] io.undertow.request.security             : Attempting to authenticate /api/ingestion/tasks/2/executions, authentication required: false 
2026-04-20T19:09:24.772+08:00 DEBUG 151 --- [  XNIO-1 task-2] io.undertow.request.security             : Authentication outcome was NOT_ATTEMPTED with method io.undertow.security.impl.CachedAuthenticatedSessionMechanism@72916f2a for /api/ingestion/tasks/2/executions 
2026-04-20T19:09:24.772+08:00 DEBUG 151 --- [  XNIO-1 task-2] io.undertow.request.security             : Authentication result was ATTEMPTED for /api/ingestion/tasks/2/executions 
2026-04-20T19:09:24.772+08:00 DEBUG 151 --- [  XNIO-1 task-2] org.postgresql.jdbc.PgConnection         :   setAutoCommit = false 
2026-04-20T19:09:24.774+08:00 DEBUG 151 --- [  XNIO-1 task-2] org.postgresql.jdbc.PgConnection         :   setAutoCommit = true 
2026-04-20T19:09:24.778+08:00 DEBUG 151 --- [  XNIO-1 task-2] io.undertow.request.security             : Attempting to authenticate /api/ingestion/tasks/3/executions, authentication required: false 
2026-04-20T19:09:24.778+08:00 DEBUG 151 --- [  XNIO-1 task-2] io.undertow.request.security             : Authentication outcome was NOT_ATTEMPTED with method io.undertow.security.impl.CachedAuthenticatedSessionMechanism@72916f2a for /api/ingestion/tasks/3/executions 
2026-04-20T19:09:24.778+08:00 DEBUG 151 --- [  XNIO-1 task-2] io.undertow.request.security             : Authentication result was ATTEMPTED for /api/ingestion/tasks/3/executions 
2026-04-20T19:09:24.779+08:00 DEBUG 151 --- [  XNIO-1 task-2] org.postgresql.jdbc.PgConnection         :   setAutoCommit = false 
2026-04-20T19:09:24.780+08:00 DEBUG 151 --- [  XNIO-1 task-2] org.postgresql.jdbc.PgConnection         :   setAutoCommit = true 
2026-04-20T19:09:24.783+08:00 DEBUG 151 --- [  XNIO-1 task-2] io.undertow.request.security             : Attempting to authenticate /api/ingestion/tasks/4/executions, authentication required: false 
2026-04-20T19:09:24.783+08:00 DEBUG 151 --- [  XNIO-1 task-2] io.undertow.request.security             : Authentication outcome was NOT_ATTEMPTED with method io.undertow.security.impl.CachedAuthenticatedSessionMechanism@72916f2a for /api/ingestion/tasks/4/executions 
2026-04-20T19:09:24.783+08:00 DEBUG 151 --- [  XNIO-1 task-2] io.undertow.request.security             : Authentication result was ATTEMPTED for /api/ingestion/tasks/4/executions 
2026-04-20T19:09:24.784+08:00 DEBUG 151 --- [  XNIO-1 task-2] org.postgresql.jdbc.PgConnection         :   setAutoCommit = false 
2026-04-20T19:09:24.786+08:00 DEBUG 151 --- [  XNIO-1 task-2] org.postgresql.jdbc.PgConnection         :   setAutoCommit = true 
2026-04-20T19:09:35.202+08:00 DEBUG 151 --- [   scheduling-1] org.postgresql.jdbc.PgConnection         :   setAutoCommit = false 
2026-04-20T19:09:35.205+08:00 DEBUG 151 --- [   scheduling-1] org.postgresql.jdbc.PgConnection         :   setAutoCommit = true 
2026-04-20T19:09:45.653+08:00 DEBUG 151 --- [   scheduling-1] org.postgresql.jdbc.PgConnection         :   setAutoCommit = false 
2026-04-20T19:09:45.656+08:00 DEBUG 151 --- [   scheduling-1] org.postgresql.jdbc.PgConnection         :   setAutoCommit = true 
2026-04-20T19:09:50.206+08:00 DEBUG 151 --- [   scheduling-1] org.postgresql.jdbc.PgConnection         :   setAutoCommit = false 
2026-04-20T19:09:50.207+08:00 DEBUG 151 --- [   scheduling-1] org.postgresql.jdbc.PgConnection         :   setAutoCommit = true 
2026-04-20T19:10:05.208+08:00 DEBUG 151 --- [   scheduling-1] org.postgresql.jdbc.PgConnection         :   setAutoCommit = false 
2026-04-20T19:10:05.211+08:00 DEBUG 151 --- [   scheduling-1] org.postgresql.jdbc.PgConnection         :   setAutoCommit = true 
2026-04-20T19:10:15.656+08:00 DEBUG 151 --- [   scheduling-1] org.postgresql.jdbc.PgConnection         :   setAutoCommit = false 
2026-04-20T19:10:15.657+08:00 DEBUG 151 --- [   scheduling-1] org.postgresql.jdbc.PgConnection         :   setAutoCommit = true 
2026-04-20T19:10:20.212+08:00 DEBUG 151 --- [   scheduling-1] org.postgresql.jdbc.PgConnection         :   setAutoCommit = false 
2026-04-20T19:10:20.213+08:00 DEBUG 151 --- [   scheduling-1] org.postgresql.jdbc.PgConnection         :   setAutoCommit = true 
2026-04-20T19:10:24.889+08:00 DEBUG 151 --- [   XNIO-1 I/O-2] io.undertow.request                      : Timing out idle connection from /172.19.0.16:52454 
2026-04-20T19:10:25.609+08:00 DEBUG 151 --- [  XNIO-1 task-2] io.undertow.request.security             : Attempting to authenticate /api/ingestion/tasks/list, authentication required: false 
2026-04-20T19:10:25.609+08:00 DEBUG 151 --- [  XNIO-1 task-2] io.undertow.request.security             : Authentication outcome was NOT_ATTEMPTED with method io.undertow.security.impl.CachedAuthenticatedSessionMechanism@72916f2a for /api/ingestion/tasks/list 
2026-04-20T19:10:25.609+08:00 DEBUG 151 --- [  XNIO-1 task-2] io.undertow.request.security             : Authentication result was ATTEMPTED for /api/ingestion/tasks/list 
2026-04-20T19:10:25.610+08:00 DEBUG 151 --- [  XNIO-1 task-2] org.postgresql.jdbc.PgConnection         :   setReadOnly = true 
2026-04-20T19:10:25.610+08:00 DEBUG 151 --- [  XNIO-1 task-2] org.postgresql.jdbc.PgConnection         :   setAutoCommit = false 
2026-04-20T19:10:25.611+08:00 DEBUG 151 --- [  XNIO-1 task-2] org.postgresql.jdbc.PgConnection         :   setAutoCommit = true 
2026-04-20T19:10:25.611+08:00 DEBUG 151 --- [  XNIO-1 task-2] org.postgresql.jdbc.PgConnection         :   setReadOnly = false 
2026-04-20T19:10:25.613+08:00 DEBUG 151 --- [  XNIO-1 task-2] io.undertow.request.security             : Attempting to authenticate /api/ingestion/tasks/1/executions, authentication required: false 
2026-04-20T19:10:25.613+08:00 DEBUG 151 --- [  XNIO-1 task-2] io.undertow.request.security             : Authentication outcome was NOT_ATTEMPTED with method io.undertow.security.impl.CachedAuthenticatedSessionMechanism@72916f2a for /api/ingestion/tasks/1/executions 
2026-04-20T19:10:25.613+08:00 DEBUG 151 --- [  XNIO-1 task-2] io.undertow.request.security             : Authentication result was ATTEMPTED for /api/ingestion/tasks/1/executions 
2026-04-20T19:10:25.614+08:00 DEBUG 151 --- [  XNIO-1 task-2] org.postgresql.jdbc.PgConnection         :   setAutoCommit = false 
2026-04-20T19:10:25.615+08:00 DEBUG 151 --- [  XNIO-1 task-2] org.postgresql.jdbc.PgConnection         :   setAutoCommit = true 
2026-04-20T19:10:25.619+08:00 DEBUG 151 --- [  XNIO-1 task-2] io.undertow.request.security             : Attempting to authenticate /api/ingestion/tasks/2/executions, authentication required: false 
2026-04-20T19:10:25.619+08:00 DEBUG 151 --- [  XNIO-1 task-2] io.undertow.request.security             : Authentication outcome was NOT_ATTEMPTED with method io.undertow.security.impl.CachedAuthenticatedSessionMechanism@72916f2a for /api/ingestion/tasks/2/executions 
2026-04-20T19:10:25.619+08:00 DEBUG 151 --- [  XNIO-1 task-2] io.undertow.request.security             : Authentication result was ATTEMPTED for /api/ingestion/tasks/2/executions 
2026-04-20T19:10:25.620+08:00 DEBUG 151 --- [  XNIO-1 task-2] org.postgresql.jdbc.PgConnection         :   setAutoCommit = false 
2026-04-20T19:10:25.622+08:00 DEBUG 151 --- [  XNIO-1 task-2] org.postgresql.jdbc.PgConnection         :   setAutoCommit = true 
2026-04-20T19:10:25.625+08:00 DEBUG 151 --- [  XNIO-1 task-2] io.undertow.request.security             : Attempting to authenticate /api/ingestion/tasks/3/executions, authentication required: false 
2026-04-20T19:10:25.625+08:00 DEBUG 151 --- [  XNIO-1 task-2] io.undertow.request.security             : Authentication outcome was NOT_ATTEMPTED with method io.undertow.security.impl.CachedAuthenticatedSessionMechanism@72916f2a for /api/ingestion/tasks/3/executions 
2026-04-20T19:10:25.625+08:00 DEBUG 151 --- [  XNIO-1 task-2] io.undertow.request.security             : Authentication result was ATTEMPTED for /api/ingestion/tasks/3/executions 
2026-04-20T19:10:25.626+08:00 DEBUG 151 --- [  XNIO-1 task-2] org.postgresql.jdbc.PgConnection         :   setAutoCommit = false 
2026-04-20T19:10:25.627+08:00 DEBUG 151 --- [  XNIO-1 task-2] org.postgresql.jdbc.PgConnection         :   setAutoCommit = true 
2026-04-20T19:10:25.631+08:00 DEBUG 151 --- [  XNIO-1 task-2] io.undertow.request.security             : Attempting to authenticate /api/ingestion/tasks/4/executions, authentication required: false 
2026-04-20T19:10:25.631+08:00 DEBUG 151 --- [  XNIO-1 task-2] io.undertow.request.security             : Authentication outcome was NOT_ATTEMPTED with method io.undertow.security.impl.CachedAuthenticatedSessionMechanism@72916f2a for /api/ingestion/tasks/4/executions 
2026-04-20T19:10:25.631+08:00 DEBUG 151 --- [  XNIO-1 task-2] io.undertow.request.security             : Authentication result was ATTEMPTED for /api/ingestion/tasks/4/executions 
2026-04-20T19:10:25.631+08:00 DEBUG 151 --- [  XNIO-1 task-2] org.postgresql.jdbc.PgConnection         :   setAutoCommit = false 
2026-04-20T19:10:25.633+08:00 DEBUG 151 --- [  XNIO-1 task-2] org.postgresql.jdbc.PgConnection         :   setAutoCommit = true 
2026-04-20T19:10:35.214+08:00 DEBUG 151 --- [   scheduling-1] org.postgresql.jdbc.PgConnection         :   setAutoCommit = false 
2026-04-20T19:10:35.217+08:00 DEBUG 151 --- [   scheduling-1] org.postgresql.jdbc.PgConnection         :   setAutoCommit = true 
2026-04-20T19:10:45.657+08:00 DEBUG 151 --- [   scheduling-1] org.postgresql.jdbc.PgConnection         :   setAutoCommit = false 
2026-04-20T19:10:45.658+08:00 DEBUG 151 --- [   scheduling-1] org.postgresql.jdbc.PgConnection         :   setAutoCommit = true 
2026-04-20T19:10:50.218+08:00 DEBUG 151 --- [   scheduling-1] org.postgresql.jdbc.PgConnection         :   setAutoCommit = false 
2026-04-20T19:10:50.220+08:00 DEBUG 151 --- [   scheduling-1] org.postgresql.jdbc.PgConnection         :   setAutoCommit = true 
2026-04-20T19:11:05.221+08:00 DEBUG 151 --- [   scheduling-1] org.postgresql.jdbc.PgConnection         :   setAutoCommit = false 
2026-04-20T19:11:05.225+08:00 DEBUG 151 --- [   scheduling-1] org.postgresql.jdbc.PgConnection         :   setAutoCommit = true 
2026-04-20T19:11:11.314+08:00 DEBUG 151 --- [  XNIO-1 task-2] io.undertow.request.security             : Attempting to authenticate /api/ingestion/tasks/list, authentication required: false 
2026-04-20T19:11:11.314+08:00 DEBUG 151 --- [  XNIO-1 task-2] io.undertow.request.security             : Authentication outcome was NOT_ATTEMPTED with method io.undertow.security.impl.CachedAuthenticatedSessionMechanism@72916f2a for /api/ingestion/tasks/list 
2026-04-20T19:11:11.314+08:00 DEBUG 151 --- [  XNIO-1 task-2] io.undertow.request.security             : Authentication result was ATTEMPTED for /api/ingestion/tasks/list 
2026-04-20T19:11:11.315+08:00 DEBUG 151 --- [  XNIO-1 task-2] org.postgresql.jdbc.PgConnection         :   setReadOnly = true 
2026-04-20T19:11:11.315+08:00 DEBUG 151 --- [  XNIO-1 task-2] org.postgresql.jdbc.PgConnection         :   setAutoCommit = false 
2026-04-20T19:11:11.316+08:00 DEBUG 151 --- [  XNIO-1 task-2] org.postgresql.jdbc.PgConnection         :   setAutoCommit = true 
2026-04-20T19:11:11.316+08:00 DEBUG 151 --- [  XNIO-1 task-2] org.postgresql.jdbc.PgConnection         :   setReadOnly = false 
2026-04-20T19:11:15.659+08:00 DEBUG 151 --- [   scheduling-1] org.postgresql.jdbc.PgConnection         :   setAutoCommit = false 
2026-04-20T19:11:15.661+08:00 DEBUG 151 --- [   scheduling-1] org.postgresql.jdbc.PgConnection         :   setAutoCommit = true 
2026-04-20T19:11:17.399+08:00 DEBUG 151 --- [  XNIO-1 task-2] io.undertow.request.security             : Attempting to authenticate /api/ingestion/tasks/1, authentication required: false 
2026-04-20T19:11:17.399+08:00 DEBUG 151 --- [  XNIO-1 task-2] io.undertow.request.security             : Authentication outcome was NOT_ATTEMPTED with method io.undertow.security.impl.CachedAuthenticatedSessionMechanism@72916f2a for /api/ingestion/tasks/1 
2026-04-20T19:11:17.399+08:00 DEBUG 151 --- [  XNIO-1 task-2] io.undertow.request.security             : Authentication result was ATTEMPTED for /api/ingestion/tasks/1 
2026-04-20T19:11:17.400+08:00 DEBUG 151 --- [  XNIO-1 task-2] org.postgresql.jdbc.PgConnection         :   setReadOnly = true 
2026-04-20T19:11:17.400+08:00 DEBUG 151 --- [  XNIO-1 task-2] org.postgresql.jdbc.PgConnection         :   setAutoCommit = false 
2026-04-20T19:11:17.401+08:00 DEBUG 151 --- [  XNIO-1 task-2] org.postgresql.jdbc.PgConnection         :   setAutoCommit = true 
2026-04-20T19:11:17.401+08:00 DEBUG 151 --- [  XNIO-1 task-2] org.postgresql.jdbc.PgConnection         :   setReadOnly = false 
2026-04-20T19:11:20.226+08:00 DEBUG 151 --- [   scheduling-1] org.postgresql.jdbc.PgConnection         :   setAutoCommit = false 
2026-04-20T19:11:20.227+08:00 DEBUG 151 --- [   scheduling-1] org.postgresql.jdbc.PgConnection         :   setAutoCommit = true 
2026-04-20T19:11:20.794+08:00 DEBUG 151 --- [  XNIO-1 task-2] io.undertow.request.security             : Attempting to authenticate /api/ingestion/connectors/capabilities, authentication required: false 
2026-04-20T19:11:20.794+08:00 DEBUG 151 --- [  XNIO-1 task-2] io.undertow.request.security             : Authentication outcome was NOT_ATTEMPTED with method io.undertow.security.impl.CachedAuthenticatedSessionMechanism@72916f2a for /api/ingestion/connectors/capabilities 
2026-04-20T19:11:20.794+08:00 DEBUG 151 --- [  XNIO-1 task-2] io.undertow.request.security             : Authentication result was ATTEMPTED for /api/ingestion/connectors/capabilities 
2026-04-20T19:11:20.794+08:00 DEBUG 151 --- [  XNIO-1 task-3] io.undertow.request.security             : Attempting to authenticate /api/ingestion/templates, authentication required: false 
2026-04-20T19:11:20.794+08:00 DEBUG 151 --- [  XNIO-1 task-3] io.undertow.request.security             : Authentication outcome was NOT_ATTEMPTED with method io.undertow.security.impl.CachedAuthenticatedSessionMechanism@72916f2a for /api/ingestion/templates 
2026-04-20T19:11:20.794+08:00 DEBUG 151 --- [  XNIO-1 task-3] io.undertow.request.security             : Authentication result was ATTEMPTED for /api/ingestion/templates 
2026-04-20T19:11:20.795+08:00 DEBUG 151 --- [  XNIO-1 task-2] org.postgresql.jdbc.PgConnection         :   setReadOnly = true 
2026-04-20T19:11:20.795+08:00 DEBUG 151 --- [  XNIO-1 task-2] org.postgresql.jdbc.PgConnection         :   setAutoCommit = false 
2026-04-20T19:11:20.796+08:00 DEBUG 151 --- [  XNIO-1 task-2] org.postgresql.jdbc.PgConnection         :   setAutoCommit = true 
2026-04-20T19:11:20.796+08:00 DEBUG 151 --- [  XNIO-1 task-2] org.postgresql.jdbc.PgConnection         :   setReadOnly = false 
2026-04-20T19:11:20.798+08:00 DEBUG 151 --- [  XNIO-1 task-2] io.undertow.request.security             : Attempting to authenticate /api/ingestion/tasks/1, authentication required: false 
2026-04-20T19:11:20.798+08:00 DEBUG 151 --- [  XNIO-1 task-2] io.undertow.request.security             : Authentication outcome was NOT_ATTEMPTED with method io.undertow.security.impl.CachedAuthenticatedSessionMechanism@72916f2a for /api/ingestion/tasks/1 
2026-04-20T19:11:20.798+08:00 DEBUG 151 --- [  XNIO-1 task-2] io.undertow.request.security             : Authentication result was ATTEMPTED for /api/ingestion/tasks/1 
2026-04-20T19:11:20.799+08:00 DEBUG 151 --- [  XNIO-1 task-2] org.postgresql.jdbc.PgConnection         :   setReadOnly = true 
2026-04-20T19:11:20.799+08:00 DEBUG 151 --- [  XNIO-1 task-2] org.postgresql.jdbc.PgConnection         :   setAutoCommit = false 
2026-04-20T19:11:20.800+08:00 DEBUG 151 --- [  XNIO-1 task-2] org.postgresql.jdbc.PgConnection         :   setAutoCommit = true 
2026-04-20T19:11:20.800+08:00 DEBUG 151 --- [  XNIO-1 task-2] org.postgresql.jdbc.PgConnection         :   setReadOnly = false 
2026-04-20T19:11:26.496+08:00 DEBUG 151 --- [  XNIO-1 task-2] io.undertow.request.security             : Attempting to authenticate /api/ingestion/tasks/list, authentication required: false 
2026-04-20T19:11:26.496+08:00 DEBUG 151 --- [  XNIO-1 task-2] io.undertow.request.security             : Authentication outcome was NOT_ATTEMPTED with method io.undertow.security.impl.CachedAuthenticatedSessionMechanism@72916f2a for /api/ingestion/tasks/list 
2026-04-20T19:11:26.496+08:00 DEBUG 151 --- [  XNIO-1 task-2] io.undertow.request.security             : Authentication result was ATTEMPTED for /api/ingestion/tasks/list 
2026-04-20T19:11:26.499+08:00 DEBUG 151 --- [  XNIO-1 task-2] org.postgresql.jdbc.PgConnection         :   setReadOnly = true 
2026-04-20T19:11:26.499+08:00 DEBUG 151 --- [  XNIO-1 task-2] org.postgresql.jdbc.PgConnection         :   setAutoCommit = false 
2026-04-20T19:11:26.504+08:00 DEBUG 151 --- [  XNIO-1 task-2] org.postgresql.jdbc.PgConnection         :   setAutoCommit = true 
2026-04-20T19:11:26.504+08:00 DEBUG 151 --- [  XNIO-1 task-2] org.postgresql.jdbc.PgConnection         :   setReadOnly = false 
2026-04-20T19:11:26.510+08:00 DEBUG 151 --- [  XNIO-1 task-2] io.undertow.request.security             : Attempting to authenticate /api/ingestion/tasks/1/executions, authentication required: false 
2026-04-20T19:11:26.510+08:00 DEBUG 151 --- [  XNIO-1 task-2] io.undertow.request.security             : Authentication outcome was NOT_ATTEMPTED with method io.undertow.security.impl.CachedAuthenticatedSessionMechanism@72916f2a for /api/ingestion/tasks/1/executions 
2026-04-20T19:11:26.510+08:00 DEBUG 151 --- [  XNIO-1 task-2] io.undertow.request.security             : Authentication result was ATTEMPTED for /api/ingestion/tasks/1/executions 
2026-04-20T19:11:26.513+08:00 DEBUG 151 --- [  XNIO-1 task-2] org.postgresql.jdbc.PgConnection         :   setAutoCommit = false 
2026-04-20T19:11:26.519+08:00 DEBUG 151 --- [  XNIO-1 task-2] org.postgresql.jdbc.PgConnection         :   setAutoCommit = true 
2026-04-20T19:11:26.533+08:00 DEBUG 151 --- [  XNIO-1 task-2] io.undertow.request.security             : Attempting to authenticate /api/ingestion/tasks/2/executions, authentication required: false 
2026-04-20T19:11:26.533+08:00 DEBUG 151 --- [  XNIO-1 task-2] io.undertow.request.security             : Authentication outcome was NOT_ATTEMPTED with method io.undertow.security.impl.CachedAuthenticatedSessionMechanism@72916f2a for /api/ingestion/tasks/2/executions 
2026-04-20T19:11:26.533+08:00 DEBUG 151 --- [  XNIO-1 task-2] io.undertow.request.security             : Authentication result was ATTEMPTED for /api/ingestion/tasks/2/executions 
2026-04-20T19:11:26.537+08:00 DEBUG 151 --- [  XNIO-1 task-2] org.postgresql.jdbc.PgConnection         :   setAutoCommit = false 
2026-04-20T19:11:26.543+08:00 DEBUG 151 --- [  XNIO-1 task-2] org.postgresql.jdbc.PgConnection         :   setAutoCommit = true 
2026-04-20T19:11:26.557+08:00 DEBUG 151 --- [  XNIO-1 task-2] io.undertow.request.security             : Attempting to authenticate /api/ingestion/tasks/3/executions, authentication required: false 
2026-04-20T19:11:26.557+08:00 DEBUG 151 --- [  XNIO-1 task-2] io.undertow.request.security             : Authentication outcome was NOT_ATTEMPTED with method io.undertow.security.impl.CachedAuthenticatedSessionMechanism@72916f2a for /api/ingestion/tasks/3/executions 
2026-04-20T19:11:26.557+08:00 DEBUG 151 --- [  XNIO-1 task-2] io.undertow.request.security             : Authentication result was ATTEMPTED for /api/ingestion/tasks/3/executions 
2026-04-20T19:11:26.560+08:00 DEBUG 151 --- [  XNIO-1 task-2] org.postgresql.jdbc.PgConnection         :   setAutoCommit = false 
2026-04-20T19:11:26.566+08:00 DEBUG 151 --- [  XNIO-1 task-2] org.postgresql.jdbc.PgConnection         :   setAutoCommit = true 
2026-04-20T19:11:26.580+08:00 DEBUG 151 --- [  XNIO-1 task-2] io.undertow.request.security             : Attempting to authenticate /api/ingestion/tasks/4/executions, authentication required: false 
2026-04-20T19:11:26.580+08:00 DEBUG 151 --- [  XNIO-1 task-2] io.undertow.request.security             : Authentication outcome was NOT_ATTEMPTED with method io.undertow.security.impl.CachedAuthenticatedSessionMechanism@72916f2a for /api/ingestion/tasks/4/executions 
2026-04-20T19:11:26.580+08:00 DEBUG 151 --- [  XNIO-1 task-2] io.undertow.request.security             : Authentication result was ATTEMPTED for /api/ingestion/tasks/4/executions 
2026-04-20T19:11:26.584+08:00 DEBUG 151 --- [  XNIO-1 task-2] org.postgresql.jdbc.PgConnection         :   setAutoCommit = false 
2026-04-20T19:11:26.589+08:00 DEBUG 151 --- [  XNIO-1 task-2] org.postgresql.jdbc.PgConnection         :   setAutoCommit = true 
2026-04-20T19:11:32.791+08:00 DEBUG 151 --- [  XNIO-1 task-2] io.undertow.request.security             : Attempting to authenticate /api/ingestion/tasks/1, authentication required: false 
2026-04-20T19:11:32.791+08:00 DEBUG 151 --- [  XNIO-1 task-2] io.undertow.request.security             : Authentication outcome was NOT_ATTEMPTED with method io.undertow.security.impl.CachedAuthenticatedSessionMechanism@72916f2a for /api/ingestion/tasks/1 
2026-04-20T19:11:32.791+08:00 DEBUG 151 --- [  XNIO-1 task-2] io.undertow.request.security             : Authentication result was ATTEMPTED for /api/ingestion/tasks/1 
2026-04-20T19:11:32.804+08:00 DEBUG 151 --- [  XNIO-1 task-2] org.postgresql.jdbc.PgConnection         :   setAutoCommit = false 
2026-04-20T19:11:32.804+08:00 DEBUG 151 --- [  XNIO-1 task-2] org.postgresql.jdbc.PgConnection         :   setAutoCommit = true 
2026-04-20T19:11:32.804+08:00 DEBUG 151 --- [  XNIO-1 task-2] org.postgresql.jdbc.PgConnection         :   setReadOnly = true 
2026-04-20T19:11:32.804+08:00 DEBUG 151 --- [  XNIO-1 task-2] org.postgresql.jdbc.PgConnection         :   setAutoCommit = false 
2026-04-20T19:11:32.805+08:00 DEBUG 151 --- [  XNIO-1 task-2] org.postgresql.jdbc.PgConnection         :   setAutoCommit = true 
2026-04-20T19:11:32.805+08:00 DEBUG 151 --- [  XNIO-1 task-2] org.postgresql.jdbc.PgConnection         :   setReadOnly = false 
2026-04-20T19:11:32.805+08:00 DEBUG 151 --- [  XNIO-1 task-2] org.postgresql.jdbc.PgConnection         :   setAutoCommit = false 
2026-04-20T19:11:32.806+08:00  INFO 151 --- [  XNIO-1 task-2] c.y.d.i.service.IngestionTaskService     : Updating ingestion task ID: 1 
2026-04-20T19:11:32.807+08:00  INFO 151 --- [  XNIO-1 task-2] c.y.d.i.service.etl.AddaxJobService      : Resolved writer columns to: ["project_no", "subsystem", "node_task", "plan_start_date", "plan_date", "plan_week", "deliverable", "node_type", "owner", "dept", "dept_leader", "completion_status", "collab_dept", "supervisor_dept", "delay_expected_date", "incomplete_reason", "risk_level", "risk_content", "delay_impact", "actual_start_date", "actual_date", "actual_week", "institute_leader", "source", "original_plan_date", "delay_days_changed", "delay_days_unchanged", "delay_applied", "project_manager", "last_update_time", "last_update_week", "filled_by", "highlight"] 
2026-04-20T19:11:32.807+08:00  INFO 151 --- [  XNIO-1 task-2] c.y.d.i.service.etl.AddaxJobService      : Injected CREATE TABLE preSql for file source table: ods_project_subject_domain_v2 
2026-04-20T19:11:32.807+08:00  INFO 151 --- [  XNIO-1 task-2] c.y.d.i.service.etl.AddaxJobService      : Injected extra columns postSql: [ALTER TABLE "ods_project_subject_domain_v2" ADD COLUMN IF NOT EXISTS "source_system" VARCHAR(500), ALTER TABLE "ods_project_subject_domain_v2" ADD COLUMN IF NOT EXISTS "import_time" TIMESTAMP, UPDATE "ods_project_subject_domain_v2" SET "source_system" = 'ods_project_subject_domain_v2.xlsx', "import_time" = timezone('Asia/Shanghai', now()) WHERE TRUE] 
2026-04-20T19:11:32.809+08:00  INFO 151 --- [  XNIO-1 task-2] c.y.d.i.service.etl.AirflowDagService    : [airflow] ensured dag file /opt/airflow/dags/task_task_task_manual.py 
2026-04-20T19:11:32.809+08:00  INFO 151 --- [  XNIO-1 task-2] c.y.d.i.service.IngestionTaskService     : Updated ingestion task ID: 1 by user: service:dts-platform 
2026-04-20T19:11:32.811+08:00  INFO 151 --- [  dag-preheat-4] c.y.d.i.service.etl.DagPreheatService    : [dag-preheat] starting preheat for dagId=task_task_task_manual 
2026-04-20T19:11:32.814+08:00 DEBUG 151 --- [  XNIO-1 task-2] org.postgresql.jdbc.PgConnection         :   setAutoCommit = true 
2026-04-20T19:11:32.814+08:00  INFO 151 --- [  XNIO-1 task-2] c.y.d.i.service.audit.AuditService       : audit action=INGESTION_TASK_UPDATE stage=SUCCESS subject=进度汇总 meta={operator=service:dts-platform, taskId=1, summary=更新入湖任务} 
2026-04-20T19:11:32.958+08:00  INFO 151 --- [  dag-preheat-4] c.y.d.i.service.etl.DagPreheatService    : [dag-preheat] dagId=task_task_task_manual already registered, preheat complete 
2026-04-20T19:11:33.010+08:00 DEBUG 151 --- [  XNIO-1 task-2] io.undertow.request.security             : Attempting to authenticate /api/ingestion/tasks/1, authentication required: false 
2026-04-20T19:11:33.010+08:00 DEBUG 151 --- [  XNIO-1 task-2] io.undertow.request.security             : Authentication outcome was NOT_ATTEMPTED with method io.undertow.security.impl.CachedAuthenticatedSessionMechanism@72916f2a for /api/ingestion/tasks/1 
2026-04-20T19:11:33.010+08:00 DEBUG 151 --- [  XNIO-1 task-2] io.undertow.request.security             : Authentication result was ATTEMPTED for /api/ingestion/tasks/1 
2026-04-20T19:11:33.011+08:00 DEBUG 151 --- [  XNIO-1 task-2] org.postgresql.jdbc.PgConnection         :   setReadOnly = true 
2026-04-20T19:11:33.011+08:00 DEBUG 151 --- [  XNIO-1 task-2] org.postgresql.jdbc.PgConnection         :   setAutoCommit = false 
2026-04-20T19:11:33.012+08:00 DEBUG 151 --- [  XNIO-1 task-2] org.postgresql.jdbc.PgConnection         :   setAutoCommit = true 
2026-04-20T19:11:33.012+08:00 DEBUG 151 --- [  XNIO-1 task-2] org.postgresql.jdbc.PgConnection         :   setReadOnly = false 
2026-04-20T19:11:35.227+08:00 DEBUG 151 --- [   scheduling-1] org.postgresql.jdbc.PgConnection         :   setAutoCommit = false 
2026-04-20T19:11:35.229+08:00 DEBUG 151 --- [   scheduling-1] org.postgresql.jdbc.PgConnection         :   setAutoCommit = true 
2026-04-20T19:11:35.371+08:00 DEBUG 151 --- [  XNIO-1 task-2] io.undertow.request.security             : Attempting to authenticate /api/ingestion/tasks/list, authentication required: false 
2026-04-20T19:11:35.371+08:00 DEBUG 151 --- [  XNIO-1 task-2] io.undertow.request.security             : Authentication outcome was NOT_ATTEMPTED with method io.undertow.security.impl.CachedAuthenticatedSessionMechanism@72916f2a for /api/ingestion/tasks/list 
2026-04-20T19:11:35.371+08:00 DEBUG 151 --- [  XNIO-1 task-2] io.undertow.request.security             : Authentication result was ATTEMPTED for /api/ingestion/tasks/list 
2026-04-20T19:11:35.373+08:00 DEBUG 151 --- [  XNIO-1 task-2] org.postgresql.jdbc.PgConnection         :   setReadOnly = true 
2026-04-20T19:11:35.373+08:00 DEBUG 151 --- [  XNIO-1 task-2] org.postgresql.jdbc.PgConnection         :   setAutoCommit = false 
2026-04-20T19:11:35.375+08:00 DEBUG 151 --- [  XNIO-1 task-2] org.postgresql.jdbc.PgConnection         :   setAutoCommit = true 
2026-04-20T19:11:35.375+08:00 DEBUG 151 --- [  XNIO-1 task-2] org.postgresql.jdbc.PgConnection         :   setReadOnly = false 
2026-04-20T19:11:40.129+08:00 DEBUG 151 --- [  XNIO-1 task-2] io.undertow.request.security             : Attempting to authenticate /api/ingestion/connectors/capabilities, authentication required: false 
2026-04-20T19:11:40.129+08:00 DEBUG 151 --- [  XNIO-1 task-2] io.undertow.request.security             : Authentication outcome was NOT_ATTEMPTED with method io.undertow.security.impl.CachedAuthenticatedSessionMechanism@72916f2a for /api/ingestion/connectors/capabilities 
2026-04-20T19:11:40.129+08:00 DEBUG 151 --- [  XNIO-1 task-2] io.undertow.request.security             : Authentication result was ATTEMPTED for /api/ingestion/connectors/capabilities 
2026-04-20T19:11:40.130+08:00 DEBUG 151 --- [  XNIO-1 task-2] org.postgresql.jdbc.PgConnection         :   setReadOnly = true 
2026-04-20T19:11:40.130+08:00 DEBUG 151 --- [  XNIO-1 task-2] org.postgresql.jdbc.PgConnection         :   setAutoCommit = false 
2026-04-20T19:11:40.131+08:00 DEBUG 151 --- [  XNIO-1 task-2] org.postgresql.jdbc.PgConnection         :   setAutoCommit = true 
2026-04-20T19:11:40.131+08:00 DEBUG 151 --- [  XNIO-1 task-2] org.postgresql.jdbc.PgConnection         :   setReadOnly = false 
2026-04-20T19:11:40.133+08:00 DEBUG 151 --- [  XNIO-1 task-2] io.undertow.request.security             : Attempting to authenticate /api/ingestion/templates, authentication required: false 
2026-04-20T19:11:40.133+08:00 DEBUG 151 --- [  XNIO-1 task-2] io.undertow.request.security             : Authentication outcome was NOT_ATTEMPTED with method io.undertow.security.impl.CachedAuthenticatedSessionMechanism@72916f2a for /api/ingestion/templates 
2026-04-20T19:11:40.134+08:00 DEBUG 151 --- [  XNIO-1 task-2] io.undertow.request.security             : Authentication result was ATTEMPTED for /api/ingestion/templates 
2026-04-20T19:11:45.662+08:00 DEBUG 151 --- [   scheduling-1] org.postgresql.jdbc.PgConnection         :   setAutoCommit = false 
2026-04-20T19:11:45.663+08:00 DEBUG 151 --- [   scheduling-1] org.postgresql.jdbc.PgConnection         :   setAutoCommit = true 
2026-04-20T19:11:50.229+08:00 DEBUG 151 --- [   scheduling-1] org.postgresql.jdbc.PgConnection         :   setAutoCommit = false 
2026-04-20T19:11:50.230+08:00 DEBUG 151 --- [   scheduling-1] org.postgresql.jdbc.PgConnection         :   setAutoCommit = true 
2026-04-20T19:12:05.231+08:00 DEBUG 151 --- [   scheduling-1] org.postgresql.jdbc.PgConnection         :   setAutoCommit = false 
2026-04-20T19:12:05.235+08:00 DEBUG 151 --- [   scheduling-1] org.postgresql.jdbc.PgConnection         :   setAutoCommit = true 
2026-04-20T19:12:15.664+08:00 DEBUG 151 --- [   scheduling-1] org.postgresql.jdbc.PgConnection         :   setAutoCommit = false 
2026-04-20T19:12:15.666+08:00 DEBUG 151 --- [   scheduling-1] org.postgresql.jdbc.PgConnection         :   setAutoCommit = true 
2026-04-20T19:12:20.236+08:00 DEBUG 151 --- [   scheduling-1] org.postgresql.jdbc.PgConnection         :   setAutoCommit = false 
2026-04-20T19:12:20.240+08:00 DEBUG 151 --- [   scheduling-1] org.postgresql.jdbc.PgConnection         :   setAutoCommit = true 
2026-04-20T19:12:27.394+08:00 DEBUG 151 --- [  XNIO-1 task-2] io.undertow.request.security             : Attempting to authenticate /api/ingestion/tasks/list, authentication required: false 
2026-04-20T19:12:27.394+08:00 DEBUG 151 --- [  XNIO-1 task-2] io.undertow.request.security             : Authentication outcome was NOT_ATTEMPTED with method io.undertow.security.impl.CachedAuthenticatedSessionMechanism@72916f2a for /api/ingestion/tasks/list 
2026-04-20T19:12:27.394+08:00 DEBUG 151 --- [  XNIO-1 task-2] io.undertow.request.security             : Authentication result was ATTEMPTED for /api/ingestion/tasks/list 
2026-04-20T19:12:27.396+08:00 DEBUG 151 --- [  XNIO-1 task-2] org.postgresql.jdbc.PgConnection         :   setReadOnly = true 
2026-04-20T19:12:27.396+08:00 DEBUG 151 --- [  XNIO-1 task-2] org.postgresql.jdbc.PgConnection         :   setAutoCommit = false 
2026-04-20T19:12:27.398+08:00 DEBUG 151 --- [  XNIO-1 task-2] org.postgresql.jdbc.PgConnection         :   setAutoCommit = true 
2026-04-20T19:12:27.398+08:00 DEBUG 151 --- [  XNIO-1 task-2] org.postgresql.jdbc.PgConnection         :   setReadOnly = false 
2026-04-20T19:12:27.401+08:00 DEBUG 151 --- [  XNIO-1 task-2] io.undertow.request.security             : Attempting to authenticate /api/ingestion/tasks/1/executions, authentication required: false 
2026-04-20T19:12:27.401+08:00 DEBUG 151 --- [  XNIO-1 task-2] io.undertow.request.security             : Authentication outcome was NOT_ATTEMPTED with method io.undertow.security.impl.CachedAuthenticatedSessionMechanism@72916f2a for /api/ingestion/tasks/1/executions 
2026-04-20T19:12:27.401+08:00 DEBUG 151 --- [  XNIO-1 task-2] io.undertow.request.security             : Authentication result was ATTEMPTED for /api/ingestion/tasks/1/executions 
2026-04-20T19:12:27.403+08:00 DEBUG 151 --- [  XNIO-1 task-2] org.postgresql.jdbc.PgConnection         :   setAutoCommit = false 
2026-04-20T19:12:27.407+08:00 DEBUG 151 --- [  XNIO-1 task-2] org.postgresql.jdbc.PgConnection         :   setAutoCommit = true 
2026-04-20T19:12:27.432+08:00 DEBUG 151 --- [  XNIO-1 task-2] io.undertow.request.security             : Attempting to authenticate /api/ingestion/tasks/2/executions, authentication required: false 
2026-04-20T19:12:27.432+08:00 DEBUG 151 --- [  XNIO-1 task-2] io.undertow.request.security             : Authentication outcome was NOT_ATTEMPTED with method io.undertow.security.impl.CachedAuthenticatedSessionMechanism@72916f2a for /api/ingestion/tasks/2/executions 
2026-04-20T19:12:27.432+08:00 DEBUG 151 --- [  XNIO-1 task-2] io.undertow.request.security             : Authentication result was ATTEMPTED for /api/ingestion/tasks/2/executions 
2026-04-20T19:12:27.433+08:00 DEBUG 151 --- [  XNIO-1 task-2] org.postgresql.jdbc.PgConnection         :   setAutoCommit = false 
2026-04-20T19:12:27.435+08:00 DEBUG 151 --- [  XNIO-1 task-2] org.postgresql.jdbc.PgConnection         :   setAutoCommit = true 
2026-04-20T19:12:27.438+08:00 DEBUG 151 --- [  XNIO-1 task-2] io.undertow.request.security             : Attempting to authenticate /api/ingestion/tasks/3/executions, authentication required: false 
2026-04-20T19:12:27.438+08:00 DEBUG 151 --- [  XNIO-1 task-2] io.undertow.request.security             : Authentication outcome was NOT_ATTEMPTED with method io.undertow.security.impl.CachedAuthenticatedSessionMechanism@72916f2a for /api/ingestion/tasks/3/executions 
2026-04-20T19:12:27.438+08:00 DEBUG 151 --- [  XNIO-1 task-2] io.undertow.request.security             : Authentication result was ATTEMPTED for /api/ingestion/tasks/3/executions 
2026-04-20T19:12:27.439+08:00 DEBUG 151 --- [  XNIO-1 task-2] org.postgresql.jdbc.PgConnection         :   setAutoCommit = false 
2026-04-20T19:12:27.441+08:00 DEBUG 151 --- [  XNIO-1 task-2] org.postgresql.jdbc.PgConnection         :   setAutoCommit = true 
2026-04-20T19:12:27.444+08:00 DEBUG 151 --- [  XNIO-1 task-2] io.undertow.request.security             : Attempting to authenticate /api/ingestion/tasks/4/executions, authentication required: false 
2026-04-20T19:12:27.444+08:00 DEBUG 151 --- [  XNIO-1 task-2] io.undertow.request.security             : Authentication outcome was NOT_ATTEMPTED with method io.undertow.security.impl.CachedAuthenticatedSessionMechanism@72916f2a for /api/ingestion/tasks/4/executions 
2026-04-20T19:12:27.444+08:00 DEBUG 151 --- [  XNIO-1 task-2] io.undertow.request.security             : Authentication result was ATTEMPTED for /api/ingestion/tasks/4/executions 
2026-04-20T19:12:27.445+08:00 DEBUG 151 --- [  XNIO-1 task-2] org.postgresql.jdbc.PgConnection         :   setAutoCommit = false 
2026-04-20T19:12:27.446+08:00 DEBUG 151 --- [  XNIO-1 task-2] org.postgresql.jdbc.PgConnection         :   setAutoCommit = true 
2026-04-20T19:12:28.508+08:00 DEBUG 151 --- [  XNIO-1 task-2] io.undertow.request.security             : Attempting to authenticate /api/ingestion/tasks, authentication required: false 
2026-04-20T19:12:28.508+08:00 DEBUG 151 --- [  XNIO-1 task-2] io.undertow.request.security             : Authentication outcome was NOT_ATTEMPTED with method io.undertow.security.impl.CachedAuthenticatedSessionMechanism@72916f2a for /api/ingestion/tasks 
2026-04-20T19:12:28.508+08:00 DEBUG 151 --- [  XNIO-1 task-2] io.undertow.request.security             : Authentication result was ATTEMPTED for /api/ingestion/tasks 
2026-04-20T19:12:28.509+08:00 DEBUG 151 --- [  XNIO-1 task-2] org.postgresql.jdbc.PgConnection         :   setAutoCommit = false 
2026-04-20T19:12:28.509+08:00 DEBUG 151 --- [  XNIO-1 task-2] org.postgresql.jdbc.PgConnection         :   setAutoCommit = true 
2026-04-20T19:12:28.509+08:00 DEBUG 151 --- [  XNIO-1 task-2] org.postgresql.jdbc.PgConnection         :   setReadOnly = true 
2026-04-20T19:12:28.509+08:00 DEBUG 151 --- [  XNIO-1 task-2] org.postgresql.jdbc.PgConnection         :   setAutoCommit = false 
2026-04-20T19:12:28.510+08:00 DEBUG 151 --- [  XNIO-1 task-2] org.postgresql.jdbc.PgConnection         :   setAutoCommit = true 
2026-04-20T19:12:28.510+08:00 DEBUG 151 --- [  XNIO-1 task-2] org.postgresql.jdbc.PgConnection         :   setReadOnly = false 
2026-04-20T19:12:28.510+08:00 DEBUG 151 --- [  XNIO-1 task-2] org.postgresql.jdbc.PgConnection         :   setAutoCommit = false 
2026-04-20T19:12:28.510+08:00 DEBUG 151 --- [  XNIO-1 task-2] org.postgresql.jdbc.PgConnection         :   setAutoCommit = true 
2026-04-20T19:12:28.510+08:00 DEBUG 151 --- [  XNIO-1 task-2] org.postgresql.jdbc.PgConnection         :   setAutoCommit = false 
2026-04-20T19:12:28.510+08:00  INFO 151 --- [  XNIO-1 task-2] c.y.d.i.service.IngestionTaskService     : Creating new ingestion task: 技术变更汇总 (skipJob=false) 
2026-04-20T19:12:28.511+08:00  INFO 151 --- [  XNIO-1 task-2] c.y.d.i.service.etl.AddaxJobService      : Resolved writer columns to: ["project_no", "tech_state_name", "change_item", "owner", "dept", "dept_leader", "change_submit_time", "change_submit_week", "completion_signature", "signature_closure_date", "signature_closure_week", "change_reason", "change_category", "plan_file_closure_date", "plan_file_closure_week", "plan_reform_date", "plan_reform_week", "plan_synced", "new_plan_count", "review_situation", "affected_files", "affected_objects", "file_signature_status", "file_signature_date", "file_signature_week", "reform_status", "reform_date", "reform_week", "project_manager", "last_update_time", "last_update_week", "filled_by", "remark"] 
2026-04-20T19:12:28.511+08:00  INFO 151 --- [  XNIO-1 task-2] c.y.d.i.service.etl.AddaxJobService      : Injected CREATE TABLE preSql for file source table: ods_tech_state_v2 
2026-04-20T19:12:28.511+08:00  INFO 151 --- [  XNIO-1 task-2] c.y.d.i.service.etl.AddaxJobService      : Injected extra columns postSql: [ALTER TABLE "ods_tech_state_v2" ADD COLUMN IF NOT EXISTS "source_system" VARCHAR(500), ALTER TABLE "ods_tech_state_v2" ADD COLUMN IF NOT EXISTS "import_time" TIMESTAMP, UPDATE "ods_tech_state_v2" SET "source_system" = 'ods_tech_state_v2.xlsx', "import_time" = timezone('Asia/Shanghai', now()) WHERE TRUE] 
2026-04-20T19:12:28.514+08:00  INFO 151 --- [  XNIO-1 task-2] c.y.d.i.service.etl.AirflowDagService    : [airflow] ensured dag file /opt/airflow/dags/task_task_task_manual.py 
2026-04-20T19:12:28.514+08:00  INFO 151 --- [  XNIO-1 task-2] c.y.d.i.service.IngestionTaskService     : Created ingestion task with ID: 5 by user: service:dts-platform 
2026-04-20T19:12:28.515+08:00  INFO 151 --- [  XNIO-1 task-2] c.y.d.i.service.audit.AuditService       : audit action=INGESTION_TASK_CREATE stage=SUCCESS subject=技术变更汇总 meta={operator=service:dts-platform, taskId=5} 
2026-04-20T19:12:28.515+08:00  INFO 151 --- [  dag-preheat-5] c.y.d.i.service.etl.DagPreheatService    : [dag-preheat] starting preheat for dagId=task_task_task_manual 
2026-04-20T19:12:28.517+08:00 DEBUG 151 --- [  XNIO-1 task-2] org.postgresql.jdbc.PgConnection         :   setAutoCommit = true 
2026-04-20T19:12:28.518+08:00  INFO 151 --- [  XNIO-1 task-2] c.y.d.i.service.audit.AuditService       : audit action=INGESTION_TASK_CREATE stage=SUCCESS subject=--2bf82b90.json meta={taskId=5, summary=创建入湖任务, operator=service:dts-platform, name=技术变更汇总} 
2026-04-20T19:12:28.518+08:00 DEBUG 151 --- [ngestion-task-1] org.postgresql.jdbc.PgConnection         :   setAutoCommit = false 
2026-04-20T19:12:28.518+08:00  INFO 151 --- [ngestion-task-1] c.y.d.i.service.IngestionTaskService     : Executing ingestion task ID: 5 
2026-04-20T19:12:28.521+08:00  INFO 151 --- [ngestion-task-1] c.y.d.i.service.IngestionTaskService     : Execution 5 for task 5 submitted to background trigger phase 
2026-04-20T19:12:28.523+08:00 DEBUG 151 --- [ngestion-task-1] org.postgresql.jdbc.PgConnection         :   setAutoCommit = true 
2026-04-20T19:12:28.523+08:00 DEBUG 151 --- [ngestion-task-2] org.postgresql.jdbc.PgConnection         :   setAutoCommit = false 
2026-04-20T19:12:28.524+08:00  INFO 151 --- [ngestion-task-2] c.y.d.i.service.etl.AddaxJobService      : Resolved writer columns to: ["project_no", "tech_state_name", "change_item", "owner", "dept", "dept_leader", "change_submit_time", "change_submit_week", "completion_signature", "signature_closure_date", "signature_closure_week", "change_reason", "change_category", "plan_file_closure_date", "plan_file_closure_week", "plan_reform_date", "plan_reform_week", "plan_synced", "new_plan_count", "review_situation", "affected_files", "affected_objects", "file_signature_status", "file_signature_date", "file_signature_week", "reform_status", "reform_date", "reform_week", "project_manager", "last_update_time", "last_update_week", "filled_by", "remark"] 
2026-04-20T19:12:28.524+08:00  INFO 151 --- [ngestion-task-2] c.y.d.i.service.etl.AddaxJobService      : Injected CREATE TABLE preSql for file source table: ods_tech_state_v2 
2026-04-20T19:12:28.525+08:00  INFO 151 --- [ngestion-task-2] c.y.d.i.service.etl.AddaxJobService      : Injected extra columns postSql: [ALTER TABLE "ods_tech_state_v2" ADD COLUMN IF NOT EXISTS "source_system" VARCHAR(500), ALTER TABLE "ods_tech_state_v2" ADD COLUMN IF NOT EXISTS "import_time" TIMESTAMP, UPDATE "ods_tech_state_v2" SET "source_system" = 'ods_tech_state_v2.xlsx', "import_time" = timezone('Asia/Shanghai', now()) WHERE TRUE] 
2026-04-20T19:12:28.525+08:00  INFO 151 --- [ngestion-task-2] c.y.d.i.service.audit.AuditService       : audit action=INGESTION_TASK_JOB_REBUILD stage=SUCCESS subject=技术变更汇总 meta={taskId=5, summary=重建 Addax 作业, operator=service:dts-platform, jobPath=/opt/airflow/dags/--998adcce.json} 
2026-04-20T19:12:28.526+08:00  INFO 151 --- [ngestion-task-2] c.y.d.i.service.etl.AirflowDagService    : [airflow] rebuilt dag file /opt/airflow/dags/task_task_task_manual.py 
2026-04-20T19:12:28.674+08:00 DEBUG 151 --- [  XNIO-1 task-2] io.undertow.request.security             : Attempting to authenticate /api/ingestion/tasks/5/executions/latest, authentication required: false 
2026-04-20T19:12:28.674+08:00 DEBUG 151 --- [  XNIO-1 task-2] io.undertow.request.security             : Authentication outcome was NOT_ATTEMPTED with method io.undertow.security.impl.CachedAuthenticatedSessionMechanism@72916f2a for /api/ingestion/tasks/5/executions/latest 
2026-04-20T19:12:28.674+08:00 DEBUG 151 --- [  XNIO-1 task-2] io.undertow.request.security             : Authentication result was ATTEMPTED for /api/ingestion/tasks/5/executions/latest 
2026-04-20T19:12:28.674+08:00 DEBUG 151 --- [  XNIO-1 task-2] org.postgresql.jdbc.PgConnection         :   setAutoCommit = false 
2026-04-20T19:12:28.675+08:00  INFO 151 --- [  dag-preheat-5] c.y.d.i.service.etl.DagPreheatService    : [dag-preheat] dagId=task_task_task_manual already registered, preheat complete 
2026-04-20T19:12:28.676+08:00 DEBUG 151 --- [  XNIO-1 task-2] org.postgresql.jdbc.PgConnection         :   setAutoCommit = true 
2026-04-20T19:12:28.870+08:00  INFO 151 --- [ngestion-task-2] c.y.d.i.service.IngestionTaskService     : Airflow trigger result for task 5: {enabled=true, dagId=task_task_task_manual, status=triggered, payload={conf={job_path=/opt/addax/jobs/--998adcce.json, priority=MEDIUM, project_key=default, reject_policy=REJECT, task_id=5, task_name=技术变更汇总}, dag_id=task_task_task_manual, dag_run_id=manual__2026-04-20T11:12:28.848763+00:00, data_interval_end=2026-04-20T11:12:28.848763+00:00, data_interval_start=2026-04-20T11:12:28.848763+00:00, end_date=null, execution_date=2026-04-20T11:12:28.848763+00:00, external_trigger=true, last_scheduling_decision=null, logical_date=2026-04-20T11:12:28.848763+00:00, note=null, run_type=manual, start_date=null, state=queued}} 
2026-04-20T19:12:28.870+08:00  INFO 151 --- [ngestion-task-2] c.y.d.i.service.IngestionTaskService     : Started execution manual__2026-04-20T11:12:28.848763+00:00 for task ID: 5 
2026-04-20T19:12:28.870+08:00  INFO 151 --- [ngestion-task-2] c.y.d.i.service.audit.AuditService       : audit action=INGESTION_TASK_EXECUTE stage=SUCCESS subject=技术变更汇总 meta={operator=service:dts-platform, executionId=5, taskId=5} 
2026-04-20T19:12:28.874+08:00 DEBUG 151 --- [ngestion-task-2] org.postgresql.jdbc.PgConnection         :   setAutoCommit = true 
2026-04-20T19:12:35.241+08:00 DEBUG 151 --- [   scheduling-1] org.postgresql.jdbc.PgConnection         :   setAutoCommit = false 
2026-04-20T19:12:35.751+08:00  INFO 151 --- [   scheduling-1] c.y.d.i.s.e.AirflowExecutionSyncService  : [airflow] synced execution 5 status=failed 
2026-04-20T19:12:35.751+08:00  INFO 151 --- [   scheduling-1] c.y.d.i.service.audit.AuditService       : audit action=INGESTION_TASK_EXECUTE stage=FAIL subject=技术变更汇总 meta={taskId=5, executionId=5, dagId=task_task_task_manual, dagRunId=manual__2026-04-20T11:12:28.848763+00:00, failureCategory=RUNTIME_ERROR, failureAdvice=请查看节点日志定位异常并重试，必要时执行整批重跑。, error=Airflow state: failed; task=addax_ods_project_subject_domain_v2 state=failed msg=*** Found local files: ***   * /opt/airflow/logs/dag_id=task_task_task_manual/run_id=manual__2026-04-20T11:12:28.848763+00:00/task_id=addax_ods_project_subject_domain_v2/attempt=1.log.SchedulerJob.log [2026-04-20T19:12:31.097+0800] {scheduler_job_runner.py:772} ERROR - The executor reported that the task instance <TaskInstance: task_task_task_manual.addax_ods_project_subject_domain_v2 manual__2026-04-20T11:12:28.848763+00:00 [queued]> finished with state failed, but the task instance's state attribute is queued. Learn more: https://airflow.apache.org/docs/apache-airflow/stable/troubleshooting.html#task-state-changed-externally} 
2026-04-20T19:12:35.754+08:00 DEBUG 151 --- [   scheduling-1] org.postgresql.jdbc.PgConnection         :   setAutoCommit = true 
2026-04-20T19:12:36.223+08:00 DEBUG 151 --- [  XNIO-1 task-2] io.undertow.request.security             : Attempting to authenticate /api/ingestion/tasks/list, authentication required: false 
2026-04-20T19:12:36.223+08:00 DEBUG 151 --- [  XNIO-1 task-2] io.undertow.request.security             : Authentication outcome was NOT_ATTEMPTED with method io.undertow.security.impl.CachedAuthenticatedSessionMechanism@72916f2a for /api/ingestion/tasks/list 
2026-04-20T19:12:36.223+08:00 DEBUG 151 --- [  XNIO-1 task-2] io.undertow.request.security             : Authentication result was ATTEMPTED for /api/ingestion/tasks/list 
2026-04-20T19:12:36.224+08:00 DEBUG 151 --- [  XNIO-1 task-2] org.postgresql.jdbc.PgConnection         :   setReadOnly = true 
2026-04-20T19:12:36.224+08:00 DEBUG 151 --- [  XNIO-1 task-2] org.postgresql.jdbc.PgConnection         :   setAutoCommit = false 
2026-04-20T19:12:36.226+08:00 DEBUG 151 --- [  XNIO-1 task-2] org.postgresql.jdbc.PgConnection         :   setAutoCommit = true 
2026-04-20T19:12:36.226+08:00 DEBUG 151 --- [  XNIO-1 task-2] org.postgresql.jdbc.PgConnection         :   setReadOnly = false 
2026-04-20T19:12:38.920+08:00 DEBUG 151 --- [  XNIO-1 task-2] io.undertow.request.security             : Attempting to authenticate /api/ingestion/connectors/capabilities, authentication required: false 
2026-04-20T19:12:38.920+08:00 DEBUG 151 --- [  XNIO-1 task-2] io.undertow.request.security             : Authentication outcome was NOT_ATTEMPTED with method io.undertow.security.impl.CachedAuthenticatedSessionMechanism@72916f2a for /api/ingestion/connectors/capabilities 
2026-04-20T19:12:38.920+08:00 DEBUG 151 --- [  XNIO-1 task-2] io.undertow.request.security             : Authentication result was ATTEMPTED for /api/ingestion/connectors/capabilities 
2026-04-20T19:12:38.921+08:00 DEBUG 151 --- [  XNIO-1 task-3] io.undertow.request.security             : Attempting to authenticate /api/ingestion/templates, authentication required: false 
2026-04-20T19:12:38.921+08:00 DEBUG 151 --- [  XNIO-1 task-2] org.postgresql.jdbc.PgConnection         :   setReadOnly = true 
2026-04-20T19:12:38.921+08:00 DEBUG 151 --- [  XNIO-1 task-3] io.undertow.request.security             : Authentication outcome was NOT_ATTEMPTED with method io.undertow.security.impl.CachedAuthenticatedSessionMechanism@72916f2a for /api/ingestion/templates 
2026-04-20T19:12:38.921+08:00 DEBUG 151 --- [  XNIO-1 task-3] io.undertow.request.security             : Authentication result was ATTEMPTED for /api/ingestion/templates 
2026-04-20T19:12:38.921+08:00 DEBUG 151 --- [  XNIO-1 task-2] org.postgresql.jdbc.PgConnection         :   setAutoCommit = false 
2026-04-20T19:12:38.922+08:00 DEBUG 151 --- [  XNIO-1 task-2] org.postgresql.jdbc.PgConnection         :   setAutoCommit = true 
2026-04-20T19:12:38.922+08:00 DEBUG 151 --- [  XNIO-1 task-2] org.postgresql.jdbc.PgConnection         :   setReadOnly = false 
2026-04-20T19:12:39.360+08:00 DEBUG 151 --- [  XNIO-1 task-2] io.undertow.request.security             : Attempting to authenticate /api/ingestion/tasks/list, authentication required: false 
2026-04-20T19:12:39.360+08:00 DEBUG 151 --- [  XNIO-1 task-2] io.undertow.request.security             : Authentication outcome was NOT_ATTEMPTED with method io.undertow.security.impl.CachedAuthenticatedSessionMechanism@72916f2a for /api/ingestion/tasks/list 
2026-04-20T19:12:39.360+08:00 DEBUG 151 --- [  XNIO-1 task-2] io.undertow.request.security             : Authentication result was ATTEMPTED for /api/ingestion/tasks/list 
2026-04-20T19:12:39.361+08:00 DEBUG 151 --- [  XNIO-1 task-2] org.postgresql.jdbc.PgConnection         :   setReadOnly = true 
2026-04-20T19:12:39.361+08:00 DEBUG 151 --- [  XNIO-1 task-2] org.postgresql.jdbc.PgConnection         :   setAutoCommit = false 
2026-04-20T19:12:39.363+08:00 DEBUG 151 --- [  XNIO-1 task-2] org.postgresql.jdbc.PgConnection         :   setAutoCommit = true 
2026-04-20T19:12:39.363+08:00 DEBUG 151 --- [  XNIO-1 task-2] org.postgresql.jdbc.PgConnection         :   setReadOnly = false 
2026-04-20T19:12:45.667+08:00 DEBUG 151 --- [   scheduling-1] org.postgresql.jdbc.PgConnection         :   setAutoCommit = false 
2026-04-20T19:12:45.668+08:00 DEBUG 151 --- [   scheduling-1] org.postgresql.jdbc.PgConnection         :   setAutoCommit = true 
2026-04-20T19:12:49.910+08:00 DEBUG 151 --- [  XNIO-1 task-2] io.undertow.request.security             : Attempting to authenticate /api/ingestion/tasks/list, authentication required: false 
2026-04-20T19:12:49.910+08:00 DEBUG 151 --- [  XNIO-1 task-2] io.undertow.request.security             : Authentication outcome was NOT_ATTEMPTED with method io.undertow.security.impl.CachedAuthenticatedSessionMechanism@72916f2a for /api/ingestion/tasks/list 
2026-04-20T19:12:49.910+08:00 DEBUG 151 --- [  XNIO-1 task-2] io.undertow.request.security             : Authentication result was ATTEMPTED for /api/ingestion/tasks/list 
2026-04-20T19:12:49.911+08:00 DEBUG 151 --- [  XNIO-1 task-2] org.postgresql.jdbc.PgConnection         :   setReadOnly = true 
2026-04-20T19:12:49.911+08:00 DEBUG 151 --- [  XNIO-1 task-2] org.postgresql.jdbc.PgConnection         :   setAutoCommit = false 
2026-04-20T19:12:49.913+08:00 DEBUG 151 --- [  XNIO-1 task-2] org.postgresql.jdbc.PgConnection         :   setAutoCommit = true 
2026-04-20T19:12:49.913+08:00 DEBUG 151 --- [  XNIO-1 task-2] org.postgresql.jdbc.PgConnection         :   setReadOnly = false 
2026-04-20T19:12:50.755+08:00 DEBUG 151 --- [   scheduling-1] org.postgresql.jdbc.PgConnection         :   setAutoCommit = false 
2026-04-20T19:12:50.759+08:00 DEBUG 151 --- [   scheduling-1] org.postgresql.jdbc.PgConnection         :   setAutoCommit = true 
2026-04-20T19:12:57.965+08:00 DEBUG 151 --- [  XNIO-1 task-2] io.undertow.request.security             : Attempting to authenticate /api/ingestion/templates, authentication required: false 
2026-04-20T19:12:57.966+08:00 DEBUG 151 --- [  XNIO-1 task-2] io.undertow.request.security             : Authentication outcome was NOT_ATTEMPTED with method io.undertow.security.impl.CachedAuthenticatedSessionMechanism@72916f2a for /api/ingestion/templates 
2026-04-20T19:12:57.966+08:00 DEBUG 151 --- [  XNIO-1 task-2] io.undertow.request.security             : Authentication result was ATTEMPTED for /api/ingestion/templates 
2026-04-20T19:12:57.969+08:00 DEBUG 151 --- [  XNIO-1 task-2] io.undertow.request.security             : Attempting to authenticate /api/ingestion/connectors/capabilities, authentication required: false 
2026-04-20T19:12:57.969+08:00 DEBUG 151 --- [  XNIO-1 task-2] io.undertow.request.security             : Authentication outcome was NOT_ATTEMPTED with method io.undertow.security.impl.CachedAuthenticatedSessionMechanism@72916f2a for /api/ingestion/connectors/capabilities 
2026-04-20T19:12:57.969+08:00 DEBUG 151 --- [  XNIO-1 task-2] io.undertow.request.security             : Authentication result was ATTEMPTED for /api/ingestion/connectors/capabilities 
2026-04-20T19:12:57.970+08:00 DEBUG 151 --- [  XNIO-1 task-2] org.postgresql.jdbc.PgConnection         :   setReadOnly = true 
2026-04-20T19:12:57.970+08:00 DEBUG 151 --- [  XNIO-1 task-2] org.postgresql.jdbc.PgConnection         :   setAutoCommit = false 
2026-04-20T19:12:57.971+08:00 DEBUG 151 --- [  XNIO-1 task-2] org.postgresql.jdbc.PgConnection         :   setAutoCommit = true 
2026-04-20T19:12:57.971+08:00 DEBUG 151 --- [  XNIO-1 task-2] org.postgresql.jdbc.PgConnection         :   setReadOnly = false 
2026-04-20T19:12:57.975+08:00 DEBUG 151 --- [  XNIO-1 task-2] io.undertow.request.security             : Attempting to authenticate /api/ingestion/tasks/5, authentication required: false 
2026-04-20T19:12:57.975+08:00 DEBUG 151 --- [  XNIO-1 task-2] io.undertow.request.security             : Authentication outcome was NOT_ATTEMPTED with method io.undertow.security.impl.CachedAuthenticatedSessionMechanism@72916f2a for /api/ingestion/tasks/5 
2026-04-20T19:12:57.975+08:00 DEBUG 151 --- [  XNIO-1 task-2] io.undertow.request.security             : Authentication result was ATTEMPTED for /api/ingestion/tasks/5 
2026-04-20T19:12:57.976+08:00 DEBUG 151 --- [  XNIO-1 task-2] org.postgresql.jdbc.PgConnection         :   setReadOnly = true 
2026-04-20T19:12:57.976+08:00 DEBUG 151 --- [  XNIO-1 task-2] org.postgresql.jdbc.PgConnection         :   setAutoCommit = false 
2026-04-20T19:12:57.977+08:00 DEBUG 151 --- [  XNIO-1 task-2] org.postgresql.jdbc.PgConnection         :   setAutoCommit = true 
2026-04-20T19:12:57.977+08:00 DEBUG 151 --- [  XNIO-1 task-2] org.postgresql.jdbc.PgConnection         :   setReadOnly = false 
2026-04-20T19:13:02.684+08:00 DEBUG 151 --- [  XNIO-1 task-2] io.undertow.request.security             : Attempting to authenticate /api/ingestion/tasks/list, authentication required: false 
2026-04-20T19:13:02.684+08:00 DEBUG 151 --- [  XNIO-1 task-2] io.undertow.request.security             : Authentication outcome was NOT_ATTEMPTED with method io.undertow.security.impl.CachedAuthenticatedSessionMechanism@72916f2a for /api/ingestion/tasks/list 
2026-04-20T19:13:02.684+08:00 DEBUG 151 --- [  XNIO-1 task-2] io.undertow.request.security             : Authentication result was ATTEMPTED for /api/ingestion/tasks/list 
2026-04-20T19:13:02.686+08:00 DEBUG 151 --- [  XNIO-1 task-2] org.postgresql.jdbc.PgConnection         :   setReadOnly = true 
2026-04-20T19:13:02.686+08:00 DEBUG 151 --- [  XNIO-1 task-2] org.postgresql.jdbc.PgConnection         :   setAutoCommit = false 
2026-04-20T19:13:02.689+08:00 DEBUG 151 --- [  XNIO-1 task-2] org.postgresql.jdbc.PgConnection         :   setAutoCommit = true 
2026-04-20T19:13:02.689+08:00 DEBUG 151 --- [  XNIO-1 task-2] org.postgresql.jdbc.PgConnection         :   setReadOnly = false 
2026-04-20T19:13:05.760+08:00 DEBUG 151 --- [   scheduling-1] org.postgresql.jdbc.PgConnection         :   setAutoCommit = false 
2026-04-20T19:13:05.764+08:00 DEBUG 151 --- [   scheduling-1] org.postgresql.jdbc.PgConnection         :   setAutoCommit = true 
2026-04-20T19:13:07.949+08:00 DEBUG 151 --- [  XNIO-1 task-2] io.undertow.request.security             : Attempting to authenticate /api/ingestion/tasks/5, authentication required: false 
2026-04-20T19:13:07.949+08:00 DEBUG 151 --- [  XNIO-1 task-2] io.undertow.request.security             : Authentication outcome was NOT_ATTEMPTED with method io.undertow.security.impl.CachedAuthenticatedSessionMechanism@72916f2a for /api/ingestion/tasks/5 
2026-04-20T19:13:07.949+08:00 DEBUG 151 --- [  XNIO-1 task-2] io.undertow.request.security             : Authentication result was ATTEMPTED for /api/ingestion/tasks/5 
2026-04-20T19:13:07.951+08:00 DEBUG 151 --- [  XNIO-1 task-2] org.postgresql.jdbc.PgConnection         :   setAutoCommit = false 
2026-04-20T19:13:07.951+08:00  INFO 151 --- [  XNIO-1 task-2] c.y.d.i.service.IngestionTaskService     : Request to delete IngestionTask : 5 
2026-04-20T19:13:07.964+08:00  INFO 151 --- [  XNIO-1 task-2] c.y.d.i.service.IngestionTaskService     : Deleted ingestion task ID: 5 by user: service:dts-platform 
2026-04-20T19:13:07.964+08:00  INFO 151 --- [  XNIO-1 task-2] c.y.d.i.service.etl.AddaxJobService      : Deleted Addax job file: /opt/airflow/dags/--998adcce.json 
2026-04-20T19:13:08.152+08:00  INFO 151 --- [  XNIO-1 task-2] c.y.d.i.service.etl.AirflowDagService    : [airflow] deleted dag task_task_task_manual via API 
2026-04-20T19:13:08.153+08:00  INFO 151 --- [  XNIO-1 task-2] c.y.d.i.service.etl.AirflowDagService    : [airflow] deleted dag file /opt/airflow/dags/task_task_task_manual.py 
2026-04-20T19:13:08.158+08:00 DEBUG 151 --- [  XNIO-1 task-2] org.postgresql.jdbc.PgConnection         :   setAutoCommit = true 
2026-04-20T19:13:08.158+08:00  INFO 151 --- [  XNIO-1 task-2] c.y.d.i.service.audit.AuditService       : audit action=INGESTION_TASK_DELETE stage=SUCCESS subject=技术变更汇总 meta={operator=service:dts-platform, taskId=5, summary=删除入湖任务} 
2026-04-20T19:13:10.201+08:00 DEBUG 151 --- [  XNIO-1 task-2] io.undertow.request.security             : Attempting to authenticate /api/ingestion/connectors/capabilities, authentication required: false 
2026-04-20T19:13:10.201+08:00 DEBUG 151 --- [  XNIO-1 task-2] io.undertow.request.security             : Authentication outcome was NOT_ATTEMPTED with method io.undertow.security.impl.CachedAuthenticatedSessionMechanism@72916f2a for /api/ingestion/connectors/capabilities 
2026-04-20T19:13:10.201+08:00 DEBUG 151 --- [  XNIO-1 task-2] io.undertow.request.security             : Authentication result was ATTEMPTED for /api/ingestion/connectors/capabilities 
2026-04-20T19:13:10.202+08:00 DEBUG 151 --- [  XNIO-1 task-2] org.postgresql.jdbc.PgConnection         :   setReadOnly = true 
2026-04-20T19:13:10.202+08:00 DEBUG 151 --- [  XNIO-1 task-2] org.postgresql.jdbc.PgConnection         :   setAutoCommit = false 
2026-04-20T19:13:10.203+08:00 DEBUG 151 --- [  XNIO-1 task-2] org.postgresql.jdbc.PgConnection         :   setAutoCommit = true 
2026-04-20T19:13:10.203+08:00 DEBUG 151 --- [  XNIO-1 task-2] org.postgresql.jdbc.PgConnection         :   setReadOnly = false 
2026-04-20T19:13:10.204+08:00 DEBUG 151 --- [  XNIO-1 task-3] io.undertow.request.security             : Attempting to authenticate /api/ingestion/templates, authentication required: false 
2026-04-20T19:13:10.204+08:00 DEBUG 151 --- [  XNIO-1 task-3] io.undertow.request.security             : Authentication outcome was NOT_ATTEMPTED with method io.undertow.security.impl.CachedAuthenticatedSessionMechanism@72916f2a for /api/ingestion/templates 
2026-04-20T19:13:10.204+08:00 DEBUG 151 --- [  XNIO-1 task-3] io.undertow.request.security             : Authentication result was ATTEMPTED for /api/ingestion/templates 
2026-04-20T19:13:15.669+08:00 DEBUG 151 --- [   scheduling-1] org.postgresql.jdbc.PgConnection         :   setAutoCommit = false 
2026-04-20T19:13:15.670+08:00 DEBUG 151 --- [   scheduling-1] org.postgresql.jdbc.PgConnection         :   setAutoCommit = true 
2026-04-20T19:13:20.765+08:00 DEBUG 151 --- [   scheduling-1] org.postgresql.jdbc.PgConnection         :   setAutoCommit = false 
2026-04-20T19:13:20.769+08:00 DEBUG 151 --- [   scheduling-1] org.postgresql.jdbc.PgConnection         :   setAutoCommit = true 
2026-04-20T19:13:28.273+08:00 DEBUG 151 --- [  XNIO-1 task-3] io.undertow.request.security             : Attempting to authenticate /api/ingestion/tasks/list, authentication required: false 
2026-04-20T19:13:28.273+08:00 DEBUG 151 --- [  XNIO-1 task-3] io.undertow.request.security             : Authentication outcome was NOT_ATTEMPTED with method io.undertow.security.impl.CachedAuthenticatedSessionMechanism@72916f2a for /api/ingestion/tasks/list 
2026-04-20T19:13:28.273+08:00 DEBUG 151 --- [  XNIO-1 task-3] io.undertow.request.security             : Authentication result was ATTEMPTED for /api/ingestion/tasks/list 
2026-04-20T19:13:28.274+08:00 DEBUG 151 --- [  XNIO-1 task-3] org.postgresql.jdbc.PgConnection         :   setReadOnly = true 
2026-04-20T19:13:28.274+08:00 DEBUG 151 --- [  XNIO-1 task-3] org.postgresql.jdbc.PgConnection         :   setAutoCommit = false 
2026-04-20T19:13:28.275+08:00 DEBUG 151 --- [  XNIO-1 task-3] org.postgresql.jdbc.PgConnection         :   setAutoCommit = true 
2026-04-20T19:13:28.275+08:00 DEBUG 151 --- [  XNIO-1 task-3] org.postgresql.jdbc.PgConnection         :   setReadOnly = false 
2026-04-20T19:13:28.278+08:00 DEBUG 151 --- [  XNIO-1 task-3] io.undertow.request.security             : Attempting to authenticate /api/ingestion/tasks/1/executions, authentication required: false 
2026-04-20T19:13:28.278+08:00 DEBUG 151 --- [  XNIO-1 task-3] io.undertow.request.security             : Authentication outcome was NOT_ATTEMPTED with method io.undertow.security.impl.CachedAuthenticatedSessionMechanism@72916f2a for /api/ingestion/tasks/1/executions 
2026-04-20T19:13:28.278+08:00 DEBUG 151 --- [  XNIO-1 task-3] io.undertow.request.security             : Authentication result was ATTEMPTED for /api/ingestion/tasks/1/executions 
2026-04-20T19:13:28.279+08:00 DEBUG 151 --- [  XNIO-1 task-3] org.postgresql.jdbc.PgConnection         :   setAutoCommit = false 
2026-04-20T19:13:28.281+08:00 DEBUG 151 --- [  XNIO-1 task-3] org.postgresql.jdbc.PgConnection         :   setAutoCommit = true 
2026-04-20T19:13:28.285+08:00 DEBUG 151 --- [  XNIO-1 task-3] io.undertow.request.security             : Attempting to authenticate /api/ingestion/tasks/2/executions, authentication required: false 
2026-04-20T19:13:28.285+08:00 DEBUG 151 --- [  XNIO-1 task-3] io.undertow.request.security             : Authentication outcome was NOT_ATTEMPTED with method io.undertow.security.impl.CachedAuthenticatedSessionMechanism@72916f2a for /api/ingestion/tasks/2/executions 
2026-04-20T19:13:28.285+08:00 DEBUG 151 --- [  XNIO-1 task-3] io.undertow.request.security             : Authentication result was ATTEMPTED for /api/ingestion/tasks/2/executions 
2026-04-20T19:13:28.286+08:00 DEBUG 151 --- [  XNIO-1 task-3] org.postgresql.jdbc.PgConnection         :   setAutoCommit = false 
2026-04-20T19:13:28.287+08:00 DEBUG 151 --- [  XNIO-1 task-3] org.postgresql.jdbc.PgConnection         :   setAutoCommit = true 
2026-04-20T19:13:28.291+08:00 DEBUG 151 --- [  XNIO-1 task-3] io.undertow.request.security             : Attempting to authenticate /api/ingestion/tasks/3/executions, authentication required: false 
2026-04-20T19:13:28.291+08:00 DEBUG 151 --- [  XNIO-1 task-3] io.undertow.request.security             : Authentication outcome was NOT_ATTEMPTED with method io.undertow.security.impl.CachedAuthenticatedSessionMechanism@72916f2a for /api/ingestion/tasks/3/executions 
2026-04-20T19:13:28.291+08:00 DEBUG 151 --- [  XNIO-1 task-3] io.undertow.request.security             : Authentication result was ATTEMPTED for /api/ingestion/tasks/3/executions 
2026-04-20T19:13:28.292+08:00 DEBUG 151 --- [  XNIO-1 task-3] org.postgresql.jdbc.PgConnection         :   setAutoCommit = false 
2026-04-20T19:13:28.293+08:00 DEBUG 151 --- [  XNIO-1 task-3] org.postgresql.jdbc.PgConnection         :   setAutoCommit = true 
2026-04-20T19:13:28.296+08:00 DEBUG 151 --- [  XNIO-1 task-3] io.undertow.request.security             : Attempting to authenticate /api/ingestion/tasks/4/executions, authentication required: false 
2026-04-20T19:13:28.296+08:00 DEBUG 151 --- [  XNIO-1 task-3] io.undertow.request.security             : Authentication outcome was NOT_ATTEMPTED with method io.undertow.security.impl.CachedAuthenticatedSessionMechanism@72916f2a for /api/ingestion/tasks/4/executions 
2026-04-20T19:13:28.296+08:00 DEBUG 151 --- [  XNIO-1 task-3] io.undertow.request.security             : Authentication result was ATTEMPTED for /api/ingestion/tasks/4/executions 
2026-04-20T19:13:28.297+08:00 DEBUG 151 --- [  XNIO-1 task-3] org.postgresql.jdbc.PgConnection         :   setAutoCommit = false 
2026-04-20T19:13:28.299+08:00 DEBUG 151 --- [  XNIO-1 task-3] org.postgresql.jdbc.PgConnection         :   setAutoCommit = true 
2026-04-20T19:13:28.631+08:00 DEBUG 151 --- [   XNIO-1 I/O-9] io.undertow.request                      : Timing out idle connection from /172.19.0.16:36358 
2026-04-20T19:13:35.770+08:00 DEBUG 151 --- [   scheduling-1] org.postgresql.jdbc.PgConnection         :   setAutoCommit = false 
2026-04-20T19:13:35.774+08:00 DEBUG 151 --- [   scheduling-1] org.postgresql.jdbc.PgConnection         :   setAutoCommit = true 
2026-04-20T19:13:45.671+08:00 DEBUG 151 --- [   scheduling-1] org.postgresql.jdbc.PgConnection         :   setAutoCommit = false 
2026-04-20T19:13:45.671+08:00 DEBUG 151 --- [   scheduling-1] org.postgresql.jdbc.PgConnection         :   setAutoCommit = true 
2026-04-20T19:13:45.697+08:00 DEBUG 151 --- [  XNIO-1 task-3] io.undertow.request.security             : Attempting to authenticate /api/ingestion/tasks, authentication required: false 
2026-04-20T19:13:45.697+08:00 DEBUG 151 --- [  XNIO-1 task-3] io.undertow.request.security             : Authentication outcome was NOT_ATTEMPTED with method io.undertow.security.impl.CachedAuthenticatedSessionMechanism@72916f2a for /api/ingestion/tasks 
2026-04-20T19:13:45.697+08:00 DEBUG 151 --- [  XNIO-1 task-3] io.undertow.request.security             : Authentication result was ATTEMPTED for /api/ingestion/tasks 
2026-04-20T19:13:45.699+08:00 DEBUG 151 --- [  XNIO-1 task-3] org.postgresql.jdbc.PgConnection         :   setAutoCommit = false 
2026-04-20T19:13:45.699+08:00 DEBUG 151 --- [  XNIO-1 task-3] org.postgresql.jdbc.PgConnection         :   setAutoCommit = true 
2026-04-20T19:13:45.699+08:00 DEBUG 151 --- [  XNIO-1 task-3] org.postgresql.jdbc.PgConnection         :   setReadOnly = true 
2026-04-20T19:13:45.699+08:00 DEBUG 151 --- [  XNIO-1 task-3] org.postgresql.jdbc.PgConnection         :   setAutoCommit = false 
2026-04-20T19:13:45.700+08:00 DEBUG 151 --- [  XNIO-1 task-3] org.postgresql.jdbc.PgConnection         :   setAutoCommit = true 
2026-04-20T19:13:45.700+08:00 DEBUG 151 --- [  XNIO-1 task-3] org.postgresql.jdbc.PgConnection         :   setReadOnly = false 
2026-04-20T19:13:45.700+08:00 DEBUG 151 --- [  XNIO-1 task-3] org.postgresql.jdbc.PgConnection         :   setAutoCommit = false 
2026-04-20T19:13:45.700+08:00 DEBUG 151 --- [  XNIO-1 task-3] org.postgresql.jdbc.PgConnection         :   setAutoCommit = true 
2026-04-20T19:13:45.700+08:00 DEBUG 151 --- [  XNIO-1 task-3] org.postgresql.jdbc.PgConnection         :   setAutoCommit = false 
2026-04-20T19:13:45.701+08:00  INFO 151 --- [  XNIO-1 task-3] c.y.d.i.service.IngestionTaskService     : Creating new ingestion task: 变更汇总 (skipJob=false) 
2026-04-20T19:13:45.701+08:00  INFO 151 --- [  XNIO-1 task-3] c.y.d.i.service.etl.AddaxJobService      : Resolved writer columns to: ["project_no", "tech_state_name", "change_item", "owner", "dept", "dept_leader", "change_submit_time", "change_submit_week", "completion_signature", "signature_closure_date", "signature_closure_week", "change_reason", "change_category", "plan_file_closure_date", "plan_file_closure_week", "plan_reform_date", "plan_reform_week", "plan_synced", "new_plan_count", "review_situation", "affected_files", "affected_objects", "file_signature_status", "file_signature_date", "file_signature_week", "reform_status", "reform_date", "reform_week", "project_manager", "last_update_time", "last_update_week", "filled_by", "remark"] 
2026-04-20T19:13:45.701+08:00  INFO 151 --- [  XNIO-1 task-3] c.y.d.i.service.etl.AddaxJobService      : Injected CREATE TABLE preSql for file source table: ods_tech_state_v2 
2026-04-20T19:13:45.701+08:00  INFO 151 --- [  XNIO-1 task-3] c.y.d.i.service.etl.AddaxJobService      : Injected extra columns postSql: [ALTER TABLE "ods_tech_state_v2" ADD COLUMN IF NOT EXISTS "source_system" VARCHAR(500), ALTER TABLE "ods_tech_state_v2" ADD COLUMN IF NOT EXISTS "import_time" TIMESTAMP, UPDATE "ods_tech_state_v2" SET "source_system" = 'ods_tech_state_v2.xlsx', "import_time" = timezone('Asia/Shanghai', now()) WHERE TRUE] 
2026-04-20T19:13:45.703+08:00  INFO 151 --- [  XNIO-1 task-3] c.y.d.i.service.etl.AirflowDagService    : [airflow] ensured dag file /opt/airflow/dags/task_task_task_manual.py 
2026-04-20T19:13:45.704+08:00  INFO 151 --- [  XNIO-1 task-3] c.y.d.i.service.IngestionTaskService     : Created ingestion task with ID: 6 by user: service:dts-platform 
2026-04-20T19:13:45.704+08:00  INFO 151 --- [  XNIO-1 task-3] c.y.d.i.service.audit.AuditService       : audit action=INGESTION_TASK_CREATE stage=SUCCESS subject=变更汇总 meta={operator=service:dts-platform, taskId=6} 
2026-04-20T19:13:45.704+08:00  INFO 151 --- [  dag-preheat-6] c.y.d.i.service.etl.DagPreheatService    : [dag-preheat] starting preheat for dagId=task_task_task_manual 
2026-04-20T19:13:45.706+08:00 DEBUG 151 --- [  XNIO-1 task-3] org.postgresql.jdbc.PgConnection         :   setAutoCommit = true 
2026-04-20T19:13:45.707+08:00  INFO 151 --- [  XNIO-1 task-3] c.y.d.i.service.audit.AuditService       : audit action=INGESTION_TASK_CREATE stage=SUCCESS subject=--1ef74b1c.json meta={taskId=6, summary=创建入湖任务, operator=service:dts-platform, name=变更汇总} 
2026-04-20T19:13:45.707+08:00 DEBUG 151 --- [ngestion-task-1] org.postgresql.jdbc.PgConnection         :   setAutoCommit = false 
2026-04-20T19:13:45.707+08:00  INFO 151 --- [ngestion-task-1] c.y.d.i.service.IngestionTaskService     : Executing ingestion task ID: 6 
2026-04-20T19:13:45.710+08:00  INFO 151 --- [ngestion-task-1] c.y.d.i.service.IngestionTaskService     : Execution 6 for task 6 submitted to background trigger phase 
2026-04-20T19:13:45.712+08:00 DEBUG 151 --- [ngestion-task-1] org.postgresql.jdbc.PgConnection         :   setAutoCommit = true 
2026-04-20T19:13:45.712+08:00 DEBUG 151 --- [ngestion-task-2] org.postgresql.jdbc.PgConnection         :   setAutoCommit = false 
2026-04-20T19:13:45.714+08:00  INFO 151 --- [ngestion-task-2] c.y.d.i.service.etl.AddaxJobService      : Resolved writer columns to: ["project_no", "tech_state_name", "change_item", "owner", "dept", "dept_leader", "change_submit_time", "change_submit_week", "completion_signature", "signature_closure_date", "signature_closure_week", "change_reason", "change_category", "plan_file_closure_date", "plan_file_closure_week", "plan_reform_date", "plan_reform_week", "plan_synced", "new_plan_count", "review_situation", "affected_files", "affected_objects", "file_signature_status", "file_signature_date", "file_signature_week", "reform_status", "reform_date", "reform_week", "project_manager", "last_update_time", "last_update_week", "filled_by", "remark"] 
2026-04-20T19:13:45.714+08:00  INFO 151 --- [ngestion-task-2] c.y.d.i.service.etl.AddaxJobService      : Injected CREATE TABLE preSql for file source table: ods_tech_state_v2 
2026-04-20T19:13:45.714+08:00  INFO 151 --- [ngestion-task-2] c.y.d.i.service.etl.AddaxJobService      : Injected extra columns postSql: [ALTER TABLE "ods_tech_state_v2" ADD COLUMN IF NOT EXISTS "source_system" VARCHAR(500), ALTER TABLE "ods_tech_state_v2" ADD COLUMN IF NOT EXISTS "import_time" TIMESTAMP, UPDATE "ods_tech_state_v2" SET "source_system" = 'ods_tech_state_v2.xlsx', "import_time" = timezone('Asia/Shanghai', now()) WHERE TRUE] 
2026-04-20T19:13:45.714+08:00  INFO 151 --- [ngestion-task-2] c.y.d.i.service.audit.AuditService       : audit action=INGESTION_TASK_JOB_REBUILD stage=SUCCESS subject=变更汇总 meta={taskId=6, summary=重建 Addax 作业, operator=service:dts-platform, jobPath=/opt/airflow/dags/--87b94145.json} 
2026-04-20T19:13:45.715+08:00  INFO 151 --- [ngestion-task-2] c.y.d.i.service.etl.AirflowDagService    : [airflow] rebuilt dag file /opt/airflow/dags/task_task_task_manual.py 
2026-04-20T19:13:45.840+08:00 DEBUG 151 --- [  XNIO-1 task-3] io.undertow.request.security             : Attempting to authenticate /api/ingestion/tasks/6/executions/latest, authentication required: false 
2026-04-20T19:13:45.840+08:00 DEBUG 151 --- [  XNIO-1 task-3] io.undertow.request.security             : Authentication outcome was NOT_ATTEMPTED with method io.undertow.security.impl.CachedAuthenticatedSessionMechanism@72916f2a for /api/ingestion/tasks/6/executions/latest 
2026-04-20T19:13:45.840+08:00 DEBUG 151 --- [  XNIO-1 task-3] io.undertow.request.security             : Authentication result was ATTEMPTED for /api/ingestion/tasks/6/executions/latest 
2026-04-20T19:13:45.841+08:00 DEBUG 151 --- [  XNIO-1 task-3] org.postgresql.jdbc.PgConnection         :   setAutoCommit = false 
2026-04-20T19:13:45.843+08:00 DEBUG 151 --- [  XNIO-1 task-3] org.postgresql.jdbc.PgConnection         :   setAutoCommit = true 
2026-04-20T19:13:48.173+08:00  INFO 151 --- [ngestion-task-2] c.y.d.i.service.IngestionTaskService     : Airflow trigger result for task 6: {enabled=true, dagId=task_task_task_manual, status=triggered, payload={conf={job_path=/opt/addax/jobs/--87b94145.json, priority=MEDIUM, project_key=default, reject_policy=REJECT, task_id=6, task_name=变更汇总}, dag_id=task_task_task_manual, dag_run_id=manual__2026-04-20T11:13:48.163510+00:00, data_interval_end=2026-04-20T11:13:48.163510+00:00, data_interval_start=2026-04-20T11:13:48.163510+00:00, end_date=null, execution_date=2026-04-20T11:13:48.163510+00:00, external_trigger=true, last_scheduling_decision=null, logical_date=2026-04-20T11:13:48.163510+00:00, note=null, run_type=manual, start_date=null, state=queued}} 
2026-04-20T19:13:48.173+08:00  INFO 151 --- [ngestion-task-2] c.y.d.i.service.IngestionTaskService     : Started execution manual__2026-04-20T11:13:48.163510+00:00 for task ID: 6 
2026-04-20T19:13:48.174+08:00  INFO 151 --- [ngestion-task-2] c.y.d.i.service.audit.AuditService       : audit action=INGESTION_TASK_EXECUTE stage=SUCCESS subject=变更汇总 meta={operator=service:dts-platform, executionId=6, taskId=6} 
2026-04-20T19:13:48.176+08:00 DEBUG 151 --- [ngestion-task-2] org.postgresql.jdbc.PgConnection         :   setAutoCommit = true 
2026-04-20T19:13:50.774+08:00 DEBUG 151 --- [   scheduling-1] org.postgresql.jdbc.PgConnection         :   setAutoCommit = false 
2026-04-20T19:13:50.958+08:00 DEBUG 151 --- [   scheduling-1] org.postgresql.jdbc.PgConnection         :   setAutoCommit = true 
2026-04-20T19:13:56.006+08:00  INFO 151 --- [  dag-preheat-6] c.y.d.i.service.etl.DagPreheatService    : [dag-preheat] dagId=task_task_task_manual registered after 1 poll(s), preheat complete 
2026-04-20T19:14:00.870+08:00 DEBUG 151 --- [  XNIO-1 task-3] io.undertow.request.security             : Attempting to authenticate /api/ingestion/tasks/6/executions/latest, authentication required: false 
2026-04-20T19:14:00.870+08:00 DEBUG 151 --- [  XNIO-1 task-3] io.undertow.request.security             : Authentication outcome was NOT_ATTEMPTED with method io.undertow.security.impl.CachedAuthenticatedSessionMechanism@72916f2a for /api/ingestion/tasks/6/executions/latest 
2026-04-20T19:14:00.870+08:00 DEBUG 151 --- [  XNIO-1 task-3] io.undertow.request.security             : Authentication result was ATTEMPTED for /api/ingestion/tasks/6/executions/latest 
2026-04-20T19:14:00.871+08:00 DEBUG 151 --- [  XNIO-1 task-3] org.postgresql.jdbc.PgConnection         :   setAutoCommit = false 
2026-04-20T19:14:00.873+08:00 DEBUG 151 --- [  XNIO-1 task-3] org.postgresql.jdbc.PgConnection         :   setAutoCommit = true 
2026-04-20T19:14:05.958+08:00 DEBUG 151 --- [   scheduling-1] org.postgresql.jdbc.PgConnection         :   setAutoCommit = false 
2026-04-20T19:14:06.128+08:00  INFO 151 --- [   scheduling-1] c.y.d.i.s.e.AirflowExecutionSyncService  : [airflow] synced execution 6 status=success 
2026-04-20T19:14:06.131+08:00 DEBUG 151 --- [   scheduling-1] org.postgresql.jdbc.PgConnection         :   setAutoCommit = true 
2026-04-20T19:14:10.354+08:00 DEBUG 151 --- [   XNIO-1 I/O-7] io.undertow.request                      : Timing out idle connection from /172.19.0.16:40254 
2026-04-20T19:14:15.672+08:00 DEBUG 151 --- [   scheduling-1] org.postgresql.jdbc.PgConnection         :   setAutoCommit = false 
2026-04-20T19:14:15.673+08:00 DEBUG 151 --- [   scheduling-1] org.postgresql.jdbc.PgConnection         :   setAutoCommit = true 
2026-04-20T19:14:15.864+08:00 DEBUG 151 --- [  XNIO-1 task-3] io.undertow.request.security             : Attempting to authenticate /api/ingestion/tasks/6/executions/latest, authentication required: false 
2026-04-20T19:14:15.864+08:00 DEBUG 151 --- [  XNIO-1 task-3] io.undertow.request.security             : Authentication outcome was NOT_ATTEMPTED with method io.undertow.security.impl.CachedAuthenticatedSessionMechanism@72916f2a for /api/ingestion/tasks/6/executions/latest 
2026-04-20T19:14:15.864+08:00 DEBUG 151 --- [  XNIO-1 task-3] io.undertow.request.security             : Authentication result was ATTEMPTED for /api/ingestion/tasks/6/executions/latest 
2026-04-20T19:14:15.865+08:00 DEBUG 151 --- [  XNIO-1 task-3] org.postgresql.jdbc.PgConnection         :   setAutoCommit = false 
2026-04-20T19:14:15.868+08:00 DEBUG 151 --- [  XNIO-1 task-3] org.postgresql.jdbc.PgConnection         :   setAutoCommit = true 
2026-04-20T19:14:21.132+08:00 DEBUG 151 --- [   scheduling-1] org.postgresql.jdbc.PgConnection         :   setAutoCommit = false 
2026-04-20T19:14:21.136+08:00 DEBUG 151 --- [   scheduling-1] org.postgresql.jdbc.PgConnection         :   setAutoCommit = true 
2026-04-20T19:14:28.974+08:00 DEBUG 151 --- [  XNIO-1 task-3] io.undertow.request.security             : Attempting to authenticate /api/ingestion/tasks/list, authentication required: false 
2026-04-20T19:14:28.974+08:00 DEBUG 151 --- [  XNIO-1 task-3] io.undertow.request.security             : Authentication outcome was NOT_ATTEMPTED with method io.undertow.security.impl.CachedAuthenticatedSessionMechanism@72916f2a for /api/ingestion/tasks/list 
2026-04-20T19:14:28.974+08:00 DEBUG 151 --- [  XNIO-1 task-3] io.undertow.request.security             : Authentication result was ATTEMPTED for /api/ingestion/tasks/list 
2026-04-20T19:14:28.977+08:00 DEBUG 151 --- [  XNIO-1 task-3] org.postgresql.jdbc.PgConnection         :   setReadOnly = true 
2026-04-20T19:14:28.977+08:00 DEBUG 151 --- [  XNIO-1 task-3] org.postgresql.jdbc.PgConnection         :   setAutoCommit = false 
2026-04-20T19:14:28.982+08:00 DEBUG 151 --- [  XNIO-1 task-3] org.postgresql.jdbc.PgConnection         :   setAutoCommit = true 
2026-04-20T19:14:28.982+08:00 DEBUG 151 --- [  XNIO-1 task-3] org.postgresql.jdbc.PgConnection         :   setReadOnly = false 
2026-04-20T19:14:28.988+08:00 DEBUG 151 --- [  XNIO-1 task-3] io.undertow.request.security             : Attempting to authenticate /api/ingestion/tasks/1/executions, authentication required: false 
2026-04-20T19:14:28.989+08:00 DEBUG 151 --- [  XNIO-1 task-3] io.undertow.request.security             : Authentication outcome was NOT_ATTEMPTED with method io.undertow.security.impl.CachedAuthenticatedSessionMechanism@72916f2a for /api/ingestion/tasks/1/executions 
2026-04-20T19:14:28.989+08:00 DEBUG 151 --- [  XNIO-1 task-3] io.undertow.request.security             : Authentication result was ATTEMPTED for /api/ingestion/tasks/1/executions 
2026-04-20T19:14:28.991+08:00 DEBUG 151 --- [  XNIO-1 task-3] org.postgresql.jdbc.PgConnection         :   setAutoCommit = false 
2026-04-20T19:14:28.997+08:00 DEBUG 151 --- [  XNIO-1 task-3] org.postgresql.jdbc.PgConnection         :   setAutoCommit = true 
2026-04-20T19:14:29.012+08:00 DEBUG 151 --- [  XNIO-1 task-3] io.undertow.request.security             : Attempting to authenticate /api/ingestion/tasks/2/executions, authentication required: false 
2026-04-20T19:14:29.012+08:00 DEBUG 151 --- [  XNIO-1 task-3] io.undertow.request.security             : Authentication outcome was NOT_ATTEMPTED with method io.undertow.security.impl.CachedAuthenticatedSessionMechanism@72916f2a for /api/ingestion/tasks/2/executions 
2026-04-20T19:14:29.012+08:00 DEBUG 151 --- [  XNIO-1 task-3] io.undertow.request.security             : Authentication result was ATTEMPTED for /api/ingestion/tasks/2/executions 
2026-04-20T19:14:29.015+08:00 DEBUG 151 --- [  XNIO-1 task-3] org.postgresql.jdbc.PgConnection         :   setAutoCommit = false 
2026-04-20T19:14:29.021+08:00 DEBUG 151 --- [  XNIO-1 task-3] org.postgresql.jdbc.PgConnection         :   setAutoCommit = true 
2026-04-20T19:14:29.035+08:00 DEBUG 151 --- [  XNIO-1 task-3] io.undertow.request.security             : Attempting to authenticate /api/ingestion/tasks/3/executions, authentication required: false 
2026-04-20T19:14:29.035+08:00 DEBUG 151 --- [  XNIO-1 task-3] io.undertow.request.security             : Authentication outcome was NOT_ATTEMPTED with method io.undertow.security.impl.CachedAuthenticatedSessionMechanism@72916f2a for /api/ingestion/tasks/3/executions 
2026-04-20T19:14:29.035+08:00 DEBUG 151 --- [  XNIO-1 task-3] io.undertow.request.security             : Authentication result was ATTEMPTED for /api/ingestion/tasks/3/executions 
2026-04-20T19:14:29.038+08:00 DEBUG 151 --- [  XNIO-1 task-3] org.postgresql.jdbc.PgConnection         :   setAutoCommit = false 
2026-04-20T19:14:29.044+08:00 DEBUG 151 --- [  XNIO-1 task-3] org.postgresql.jdbc.PgConnection         :   setAutoCommit = true 
2026-04-20T19:14:29.058+08:00 DEBUG 151 --- [  XNIO-1 task-3] io.undertow.request.security             : Attempting to authenticate /api/ingestion/tasks/4/executions, authentication required: false 
2026-04-20T19:14:29.058+08:00 DEBUG 151 --- [  XNIO-1 task-3] io.undertow.request.security             : Authentication outcome was NOT_ATTEMPTED with method io.undertow.security.impl.CachedAuthenticatedSessionMechanism@72916f2a for /api/ingestion/tasks/4/executions 
2026-04-20T19:14:29.058+08:00 DEBUG 151 --- [  XNIO-1 task-3] io.undertow.request.security             : Authentication result was ATTEMPTED for /api/ingestion/tasks/4/executions 
2026-04-20T19:14:29.061+08:00 DEBUG 151 --- [  XNIO-1 task-3] org.postgresql.jdbc.PgConnection         :   setAutoCommit = false 
2026-04-20T19:14:29.067+08:00 DEBUG 151 --- [  XNIO-1 task-3] org.postgresql.jdbc.PgConnection         :   setAutoCommit = true 
2026-04-20T19:14:29.082+08:00 DEBUG 151 --- [  XNIO-1 task-3] io.undertow.request.security             : Attempting to authenticate /api/ingestion/tasks/6/executions, authentication required: false 
2026-04-20T19:14:29.082+08:00 DEBUG 151 --- [  XNIO-1 task-3] io.undertow.request.security             : Authentication outcome was NOT_ATTEMPTED with method io.undertow.security.impl.CachedAuthenticatedSessionMechanism@72916f2a for /api/ingestion/tasks/6/executions 
2026-04-20T19:14:29.082+08:00 DEBUG 151 --- [  XNIO-1 task-3] io.undertow.request.security             : Authentication result was ATTEMPTED for /api/ingestion/tasks/6/executions 
2026-04-20T19:14:29.085+08:00 DEBUG 151 --- [  XNIO-1 task-3] org.postgresql.jdbc.PgConnection         :   setAutoCommit = false 
2026-04-20T19:14:29.091+08:00 DEBUG 151 --- [  XNIO-1 task-3] org.postgresql.jdbc.PgConnection         :   setAutoCommit = true 
2026-04-20T19:14:36.137+08:00 DEBUG 151 --- [   scheduling-1] org.postgresql.jdbc.PgConnection         :   setAutoCommit = false 
2026-04-20T19:14:36.140+08:00 DEBUG 151 --- [   scheduling-1] org.postgresql.jdbc.PgConnection         :   setAutoCommit = true 
2026-04-20T19:14:45.517+08:00 DEBUG 151 --- [  XNIO-1 task-3] io.undertow.request.security             : Attempting to authenticate /api/ingestion/tasks/list, authentication required: false 
2026-04-20T19:14:45.518+08:00 DEBUG 151 --- [  XNIO-1 task-3] io.undertow.request.security             : Authentication outcome was NOT_ATTEMPTED with method io.undertow.security.impl.CachedAuthenticatedSessionMechanism@72916f2a for /api/ingestion/tasks/list 
2026-04-20T19:14:45.518+08:00 DEBUG 151 --- [  XNIO-1 task-3] io.undertow.request.security             : Authentication result was ATTEMPTED for /api/ingestion/tasks/list 
2026-04-20T19:14:45.518+08:00 DEBUG 151 --- [  XNIO-1 task-3] org.postgresql.jdbc.PgConnection         :   setReadOnly = true 
2026-04-20T19:14:45.518+08:00 DEBUG 151 --- [  XNIO-1 task-3] org.postgresql.jdbc.PgConnection         :   setAutoCommit = false 
2026-04-20T19:14:45.520+08:00 DEBUG 151 --- [  XNIO-1 task-3] org.postgresql.jdbc.PgConnection         :   setAutoCommit = true 
2026-04-20T19:14:45.520+08:00 DEBUG 151 --- [  XNIO-1 task-3] org.postgresql.jdbc.PgConnection         :   setReadOnly = false 
2026-04-20T19:14:45.674+08:00 DEBUG 151 --- [   scheduling-1] org.postgresql.jdbc.PgConnection         :   setAutoCommit = false 
2026-04-20T19:14:45.676+08:00 DEBUG 151 --- [   scheduling-1] org.postgresql.jdbc.PgConnection         :   setAutoCommit = true 
2026-04-20T19:14:45.848+08:00 DEBUG 151 --- [  XNIO-1 I/O-13] io.undertow.request                      : Timing out idle connection from /172.19.0.16:47824 
2026-04-20T19:14:51.142+08:00 DEBUG 151 --- [   scheduling-1] org.postgresql.jdbc.PgConnection         :   setAutoCommit = false 
2026-04-20T19:14:51.145+08:00 DEBUG 151 --- [   scheduling-1] org.postgresql.jdbc.PgConnection         :   setAutoCommit = true 
2026-04-20T19:14:52.101+08:00 DEBUG 151 --- [  XNIO-1 task-3] io.undertow.request.security             : Attempting to authenticate /api/ingestion/connectors/capabilities, authentication required: false 
2026-04-20T19:14:52.101+08:00 DEBUG 151 --- [  XNIO-1 task-3] io.undertow.request.security             : Authentication outcome was NOT_ATTEMPTED with method io.undertow.security.impl.CachedAuthenticatedSessionMechanism@72916f2a for /api/ingestion/connectors/capabilities 
2026-04-20T19:14:52.101+08:00 DEBUG 151 --- [  XNIO-1 task-3] io.undertow.request.security             : Authentication result was ATTEMPTED for /api/ingestion/connectors/capabilities 
2026-04-20T19:14:52.102+08:00 DEBUG 151 --- [  XNIO-1 task-3] org.postgresql.jdbc.PgConnection         :   setReadOnly = true 
2026-04-20T19:14:52.103+08:00 DEBUG 151 --- [  XNIO-1 task-3] org.postgresql.jdbc.PgConnection         :   setAutoCommit = false 
2026-04-20T19:14:52.103+08:00 DEBUG 151 --- [  XNIO-1 task-3] org.postgresql.jdbc.PgConnection         :   setAutoCommit = true 
2026-04-20T19:14:52.103+08:00 DEBUG 151 --- [  XNIO-1 task-3] org.postgresql.jdbc.PgConnection         :   setReadOnly = false 
2026-04-20T19:14:52.106+08:00 DEBUG 151 --- [  XNIO-1 task-3] io.undertow.request.security             : Attempting to authenticate /api/ingestion/templates, authentication required: false 
2026-04-20T19:14:52.106+08:00 DEBUG 151 --- [  XNIO-1 task-3] io.undertow.request.security             : Authentication outcome was NOT_ATTEMPTED with method io.undertow.security.impl.CachedAuthenticatedSessionMechanism@72916f2a for /api/ingestion/templates 
2026-04-20T19:14:52.106+08:00 DEBUG 151 --- [  XNIO-1 task-3] io.undertow.request.security             : Authentication result was ATTEMPTED for /api/ingestion/templates 
2026-04-20T19:15:06.145+08:00 DEBUG 151 --- [   scheduling-1] org.postgresql.jdbc.PgConnection         :   setAutoCommit = false 
2026-04-20T19:15:06.146+08:00 DEBUG 151 --- [   scheduling-1] org.postgresql.jdbc.PgConnection         :   setAutoCommit = true 
2026-04-20T19:15:15.677+08:00 DEBUG 151 --- [   scheduling-1] org.postgresql.jdbc.PgConnection         :   setAutoCommit = false 
2026-04-20T19:15:15.678+08:00 DEBUG 151 --- [   scheduling-1] org.postgresql.jdbc.PgConnection         :   setAutoCommit = true 
2026-04-20T19:15:21.147+08:00 DEBUG 151 --- [   scheduling-1] org.postgresql.jdbc.PgConnection         :   setAutoCommit = false 
2026-04-20T19:15:21.151+08:00 DEBUG 151 --- [   scheduling-1] org.postgresql.jdbc.PgConnection         :   setAutoCommit = true 
2026-04-20T19:15:29.955+08:00 DEBUG 151 --- [  XNIO-1 task-3] io.undertow.request.security             : Attempting to authenticate /api/ingestion/tasks/list, authentication required: false 
2026-04-20T19:15:29.955+08:00 DEBUG 151 --- [  XNIO-1 task-3] io.undertow.request.security             : Authentication outcome was NOT_ATTEMPTED with method io.undertow.security.impl.CachedAuthenticatedSessionMechanism@72916f2a for /api/ingestion/tasks/list 
2026-04-20T19:15:29.955+08:00 DEBUG 151 --- [  XNIO-1 task-3] io.undertow.request.security             : Authentication result was ATTEMPTED for /api/ingestion/tasks/list 
2026-04-20T19:15:29.956+08:00 DEBUG 151 --- [  XNIO-1 task-3] org.postgresql.jdbc.PgConnection         :   setReadOnly = true 
2026-04-20T19:15:29.956+08:00 DEBUG 151 --- [  XNIO-1 task-3] org.postgresql.jdbc.PgConnection         :   setAutoCommit = false 
2026-04-20T19:15:29.957+08:00 DEBUG 151 --- [  XNIO-1 task-3] org.postgresql.jdbc.PgConnection         :   setAutoCommit = true 
2026-04-20T19:15:29.957+08:00 DEBUG 151 --- [  XNIO-1 task-3] org.postgresql.jdbc.PgConnection         :   setReadOnly = false 
2026-04-20T19:15:29.958+08:00 DEBUG 151 --- [  XNIO-1 task-3] io.undertow.request.security             : Attempting to authenticate /api/ingestion/tasks/1/executions, authentication required: false 
2026-04-20T19:15:29.959+08:00 DEBUG 151 --- [  XNIO-1 task-3] io.undertow.request.security             : Authentication outcome was NOT_ATTEMPTED with method io.undertow.security.impl.CachedAuthenticatedSessionMechanism@72916f2a for /api/ingestion/tasks/1/executions 
2026-04-20T19:15:29.959+08:00 DEBUG 151 --- [  XNIO-1 task-3] io.undertow.request.security             : Authentication result was ATTEMPTED for /api/ingestion/tasks/1/executions 
2026-04-20T19:15:29.959+08:00 DEBUG 151 --- [  XNIO-1 task-3] org.postgresql.jdbc.PgConnection         :   setAutoCommit = false 
2026-04-20T19:15:29.961+08:00 DEBUG 151 --- [  XNIO-1 task-3] org.postgresql.jdbc.PgConnection         :   setAutoCommit = true 
2026-04-20T19:15:29.964+08:00 DEBUG 151 --- [  XNIO-1 task-3] io.undertow.request.security             : Attempting to authenticate /api/ingestion/tasks/2/executions, authentication required: false 
2026-04-20T19:15:29.964+08:00 DEBUG 151 --- [  XNIO-1 task-3] io.undertow.request.security             : Authentication outcome was NOT_ATTEMPTED with method io.undertow.security.impl.CachedAuthenticatedSessionMechanism@72916f2a for /api/ingestion/tasks/2/executions 
2026-04-20T19:15:29.964+08:00 DEBUG 151 --- [  XNIO-1 task-3] io.undertow.request.security             : Authentication result was ATTEMPTED for /api/ingestion/tasks/2/executions 
2026-04-20T19:15:29.965+08:00 DEBUG 151 --- [  XNIO-1 task-3] org.postgresql.jdbc.PgConnection         :   setAutoCommit = false 
2026-04-20T19:15:29.966+08:00 DEBUG 151 --- [  XNIO-1 task-3] org.postgresql.jdbc.PgConnection         :   setAutoCommit = true 
2026-04-20T19:15:29.969+08:00 DEBUG 151 --- [  XNIO-1 task-3] io.undertow.request.security             : Attempting to authenticate /api/ingestion/tasks/3/executions, authentication required: false 
2026-04-20T19:15:29.969+08:00 DEBUG 151 --- [  XNIO-1 task-3] io.undertow.request.security             : Authentication outcome was NOT_ATTEMPTED with method io.undertow.security.impl.CachedAuthenticatedSessionMechanism@72916f2a for /api/ingestion/tasks/3/executions 
2026-04-20T19:15:29.969+08:00 DEBUG 151 --- [  XNIO-1 task-3] io.undertow.request.security             : Authentication result was ATTEMPTED for /api/ingestion/tasks/3/executions 
2026-04-20T19:15:29.970+08:00 DEBUG 151 --- [  XNIO-1 task-3] org.postgresql.jdbc.PgConnection         :   setAutoCommit = false 
2026-04-20T19:15:29.972+08:00 DEBUG 151 --- [  XNIO-1 task-3] org.postgresql.jdbc.PgConnection         :   setAutoCommit = true 
2026-04-20T19:15:29.975+08:00 DEBUG 151 --- [  XNIO-1 task-3] io.undertow.request.security             : Attempting to authenticate /api/ingestion/tasks/4/executions, authentication required: false 
2026-04-20T19:15:29.975+08:00 DEBUG 151 --- [  XNIO-1 task-3] io.undertow.request.security             : Authentication outcome was NOT_ATTEMPTED with method io.undertow.security.impl.CachedAuthenticatedSessionMechanism@72916f2a for /api/ingestion/tasks/4/executions 
2026-04-20T19:15:29.975+08:00 DEBUG 151 --- [  XNIO-1 task-3] io.undertow.request.security             : Authentication result was ATTEMPTED for /api/ingestion/tasks/4/executions 
2026-04-20T19:15:29.976+08:00 DEBUG 151 --- [  XNIO-1 task-3] org.postgresql.jdbc.PgConnection         :   setAutoCommit = false 
2026-04-20T19:15:29.978+08:00 DEBUG 151 --- [  XNIO-1 task-3] org.postgresql.jdbc.PgConnection         :   setAutoCommit = true 
2026-04-20T19:15:29.981+08:00 DEBUG 151 --- [  XNIO-1 task-3] io.undertow.request.security             : Attempting to authenticate /api/ingestion/tasks/6/executions, authentication required: false 
2026-04-20T19:15:29.981+08:00 DEBUG 151 --- [  XNIO-1 task-3] io.undertow.request.security             : Authentication outcome was NOT_ATTEMPTED with method io.undertow.security.impl.CachedAuthenticatedSessionMechanism@72916f2a for /api/ingestion/tasks/6/executions 
2026-04-20T19:15:29.981+08:00 DEBUG 151 --- [  XNIO-1 task-3] io.undertow.request.security             : Authentication result was ATTEMPTED for /api/ingestion/tasks/6/executions 
2026-04-20T19:15:29.981+08:00 DEBUG 151 --- [  XNIO-1 task-3] org.postgresql.jdbc.PgConnection         :   setAutoCommit = false 
2026-04-20T19:15:29.983+08:00 DEBUG 151 --- [  XNIO-1 task-3] org.postgresql.jdbc.PgConnection         :   setAutoCommit = true 
2026-04-20T19:15:35.658+08:00 DEBUG 151 --- [  XNIO-1 task-3] io.undertow.request.security             : Attempting to authenticate /api/ingestion/tasks, authentication required: false 
2026-04-20T19:15:35.658+08:00 DEBUG 151 --- [  XNIO-1 task-3] io.undertow.request.security             : Authentication outcome was NOT_ATTEMPTED with method io.undertow.security.impl.CachedAuthenticatedSessionMechanism@72916f2a for /api/ingestion/tasks 
2026-04-20T19:15:35.658+08:00 DEBUG 151 --- [  XNIO-1 task-3] io.undertow.request.security             : Authentication result was ATTEMPTED for /api/ingestion/tasks 
2026-04-20T19:15:35.659+08:00 DEBUG 151 --- [  XNIO-1 task-3] org.postgresql.jdbc.PgConnection         :   setAutoCommit = false 
2026-04-20T19:15:35.659+08:00 DEBUG 151 --- [  XNIO-1 task-3] org.postgresql.jdbc.PgConnection         :   setAutoCommit = true 
2026-04-20T19:15:35.659+08:00 DEBUG 151 --- [  XNIO-1 task-3] org.postgresql.jdbc.PgConnection         :   setReadOnly = true 
2026-04-20T19:15:35.659+08:00 DEBUG 151 --- [  XNIO-1 task-3] org.postgresql.jdbc.PgConnection         :   setAutoCommit = false 
2026-04-20T19:15:35.660+08:00 DEBUG 151 --- [  XNIO-1 task-3] org.postgresql.jdbc.PgConnection         :   setAutoCommit = true 
2026-04-20T19:15:35.660+08:00 DEBUG 151 --- [  XNIO-1 task-3] org.postgresql.jdbc.PgConnection         :   setReadOnly = false 
2026-04-20T19:15:35.660+08:00 DEBUG 151 --- [  XNIO-1 task-3] org.postgresql.jdbc.PgConnection         :   setAutoCommit = false 
2026-04-20T19:15:35.660+08:00 DEBUG 151 --- [  XNIO-1 task-3] org.postgresql.jdbc.PgConnection         :   setAutoCommit = true 
2026-04-20T19:15:35.660+08:00 DEBUG 151 --- [  XNIO-1 task-3] org.postgresql.jdbc.PgConnection         :   setAutoCommit = false 
2026-04-20T19:15:35.660+08:00  INFO 151 --- [  XNIO-1 task-3] c.y.d.i.service.IngestionTaskService     : Creating new ingestion task: 变更措施 (skipJob=false) 
2026-04-20T19:15:35.660+08:00  INFO 151 --- [  XNIO-1 task-3] c.y.d.i.service.etl.AddaxJobService      : Resolved writer columns to: ["project_no", "tech_state_name", "change_item", "owner", "dept", "dept_leader", "change_submit_time", "change_submit_week", "completion_signature", "signature_closure_date", "signature_closure_week", "change_reason", "change_category", "plan_file_closure_date", "plan_file_closure_week", "plan_reform_date", "plan_reform_week", "plan_synced", "new_plan_count", "affected_files", "affected_objects", "file_signature_status", "reform_status", "project_manager", "measure_category", "measure_title", "follow_up_person", "main_recipient", "cc_recipient", "follow_up_date", "follow_up_week", "closure_status", "final_closure_date", "final_closure_week", "closure_deliverable_type", "closure_deliverable", "risk_content", "last_update_time", "last_update_week", "remark", "filled_by"] 
2026-04-20T19:15:35.660+08:00  INFO 151 --- [  XNIO-1 task-3] c.y.d.i.service.etl.AddaxJobService      : Injected CREATE TABLE preSql for file source table: ods_tech_state_measure_v2 
2026-04-20T19:15:35.660+08:00  INFO 151 --- [  XNIO-1 task-3] c.y.d.i.service.etl.AddaxJobService      : Injected extra columns postSql: [ALTER TABLE "ods_tech_state_measure_v2" ADD COLUMN IF NOT EXISTS "source_system" VARCHAR(500), ALTER TABLE "ods_tech_state_measure_v2" ADD COLUMN IF NOT EXISTS "import_time" TIMESTAMP, UPDATE "ods_tech_state_measure_v2" SET "source_system" = 'ods_tech_state_measure_v2.xlsx', "import_time" = timezone('Asia/Shanghai', now()) WHERE TRUE] 
2026-04-20T19:15:35.663+08:00  INFO 151 --- [  XNIO-1 task-3] c.y.d.i.service.etl.AirflowDagService    : [airflow] ensured dag file /opt/airflow/dags/task_task_task_manual.py 
2026-04-20T19:15:35.663+08:00  INFO 151 --- [  XNIO-1 task-3] c.y.d.i.service.IngestionTaskService     : Created ingestion task with ID: 7 by user: service:dts-platform 
2026-04-20T19:15:35.664+08:00  INFO 151 --- [  XNIO-1 task-3] c.y.d.i.service.audit.AuditService       : audit action=INGESTION_TASK_CREATE stage=SUCCESS subject=变更措施 meta={operator=service:dts-platform, taskId=7} 
2026-04-20T19:15:35.664+08:00  INFO 151 --- [  dag-preheat-7] c.y.d.i.service.etl.DagPreheatService    : [dag-preheat] starting preheat for dagId=task_task_task_manual 
2026-04-20T19:15:35.666+08:00 DEBUG 151 --- [  XNIO-1 task-3] org.postgresql.jdbc.PgConnection         :   setAutoCommit = true 
2026-04-20T19:15:35.667+08:00  INFO 151 --- [  XNIO-1 task-3] c.y.d.i.service.audit.AuditService       : audit action=INGESTION_TASK_CREATE stage=SUCCESS subject=--7cf7d184.json meta={taskId=7, summary=创建入湖任务, operator=service:dts-platform, name=变更措施} 
2026-04-20T19:15:35.667+08:00 DEBUG 151 --- [ngestion-task-1] org.postgresql.jdbc.PgConnection         :   setAutoCommit = false 
2026-04-20T19:15:35.667+08:00  INFO 151 --- [ngestion-task-1] c.y.d.i.service.IngestionTaskService     : Executing ingestion task ID: 7 
2026-04-20T19:15:35.670+08:00  INFO 151 --- [ngestion-task-1] c.y.d.i.service.IngestionTaskService     : Execution 7 for task 7 submitted to background trigger phase 
2026-04-20T19:15:35.672+08:00 DEBUG 151 --- [ngestion-task-1] org.postgresql.jdbc.PgConnection         :   setAutoCommit = true 
2026-04-20T19:15:35.672+08:00 DEBUG 151 --- [ngestion-task-2] org.postgresql.jdbc.PgConnection         :   setAutoCommit = false 
2026-04-20T19:15:35.675+08:00  INFO 151 --- [ngestion-task-2] c.y.d.i.service.etl.AddaxJobService      : Resolved writer columns to: ["project_no", "tech_state_name", "change_item", "owner", "dept", "dept_leader", "change_submit_time", "change_submit_week", "completion_signature", "signature_closure_date", "signature_closure_week", "change_reason", "change_category", "plan_file_closure_date", "plan_file_closure_week", "plan_reform_date", "plan_reform_week", "plan_synced", "new_plan_count", "affected_files", "affected_objects", "file_signature_status", "reform_status", "project_manager", "measure_category", "measure_title", "follow_up_person", "main_recipient", "cc_recipient", "follow_up_date", "follow_up_week", "closure_status", "final_closure_date", "final_closure_week", "closure_deliverable_type", "closure_deliverable", "risk_content", "last_update_time", "last_update_week", "remark", "filled_by"] 
2026-04-20T19:15:35.675+08:00  INFO 151 --- [ngestion-task-2] c.y.d.i.service.etl.AddaxJobService      : Injected CREATE TABLE preSql for file source table: ods_tech_state_measure_v2 
2026-04-20T19:15:35.675+08:00  INFO 151 --- [ngestion-task-2] c.y.d.i.service.etl.AddaxJobService      : Injected extra columns postSql: [ALTER TABLE "ods_tech_state_measure_v2" ADD COLUMN IF NOT EXISTS "source_system" VARCHAR(500), ALTER TABLE "ods_tech_state_measure_v2" ADD COLUMN IF NOT EXISTS "import_time" TIMESTAMP, UPDATE "ods_tech_state_measure_v2" SET "source_system" = 'ods_tech_state_measure_v2.xlsx', "import_time" = timezone('Asia/Shanghai', now()) WHERE TRUE] 
2026-04-20T19:15:35.675+08:00  INFO 151 --- [ngestion-task-2] c.y.d.i.service.audit.AuditService       : audit action=INGESTION_TASK_JOB_REBUILD stage=SUCCESS subject=变更措施 meta={taskId=7, summary=重建 Addax 作业, operator=service:dts-platform, jobPath=/opt/airflow/dags/--bfe484f2.json} 
2026-04-20T19:15:35.676+08:00  INFO 151 --- [ngestion-task-2] c.y.d.i.service.etl.AirflowDagService    : [airflow] rebuilt dag file /opt/airflow/dags/task_task_task_manual.py 
2026-04-20T19:15:35.806+08:00  INFO 151 --- [  dag-preheat-7] c.y.d.i.service.etl.DagPreheatService    : [dag-preheat] dagId=task_task_task_manual already registered, preheat complete 
2026-04-20T19:15:35.833+08:00 DEBUG 151 --- [  XNIO-1 task-3] io.undertow.request.security             : Attempting to authenticate /api/ingestion/tasks/7/executions/latest, authentication required: false 
2026-04-20T19:15:35.833+08:00 DEBUG 151 --- [  XNIO-1 task-3] io.undertow.request.security             : Authentication outcome was NOT_ATTEMPTED with method io.undertow.security.impl.CachedAuthenticatedSessionMechanism@72916f2a for /api/ingestion/tasks/7/executions/latest 
2026-04-20T19:15:35.833+08:00 DEBUG 151 --- [  XNIO-1 task-3] io.undertow.request.security             : Authentication result was ATTEMPTED for /api/ingestion/tasks/7/executions/latest 
2026-04-20T19:15:35.834+08:00 DEBUG 151 --- [  XNIO-1 task-3] org.postgresql.jdbc.PgConnection         :   setAutoCommit = false 
2026-04-20T19:15:35.836+08:00 DEBUG 151 --- [  XNIO-1 task-3] org.postgresql.jdbc.PgConnection         :   setAutoCommit = true 
2026-04-20T19:15:35.987+08:00  INFO 151 --- [ngestion-task-2] c.y.d.i.service.IngestionTaskService     : Airflow trigger result for task 7: {enabled=true, dagId=task_task_task_manual, status=triggered, payload={conf={job_path=/opt/addax/jobs/--bfe484f2.json, priority=MEDIUM, project_key=default, reject_policy=REJECT, task_id=7, task_name=变更措施}, dag_id=task_task_task_manual, dag_run_id=manual__2026-04-20T11:15:35.977752+00:00, data_interval_end=2026-04-20T11:15:35.977752+00:00, data_interval_start=2026-04-20T11:15:35.977752+00:00, end_date=null, execution_date=2026-04-20T11:15:35.977752+00:00, external_trigger=true, last_scheduling_decision=null, logical_date=2026-04-20T11:15:35.977752+00:00, note=null, run_type=manual, start_date=null, state=queued}} 
2026-04-20T19:15:35.987+08:00  INFO 151 --- [ngestion-task-2] c.y.d.i.service.IngestionTaskService     : Started execution manual__2026-04-20T11:15:35.977752+00:00 for task ID: 7 
2026-04-20T19:15:35.987+08:00  INFO 151 --- [ngestion-task-2] c.y.d.i.service.audit.AuditService       : audit action=INGESTION_TASK_EXECUTE stage=SUCCESS subject=变更措施 meta={operator=service:dts-platform, executionId=7, taskId=7} 
2026-04-20T19:15:35.990+08:00 DEBUG 151 --- [ngestion-task-2] org.postgresql.jdbc.PgConnection         :   setAutoCommit = true 
2026-04-20T19:15:36.151+08:00 DEBUG 151 --- [   scheduling-1] org.postgresql.jdbc.PgConnection         :   setAutoCommit = false 
2026-04-20T19:15:36.299+08:00 DEBUG 151 --- [   scheduling-1] org.postgresql.jdbc.PgConnection         :   setAutoCommit = true 
2026-04-20T19:15:45.678+08:00 DEBUG 151 --- [   scheduling-1] org.postgresql.jdbc.PgConnection         :   setAutoCommit = false 
2026-04-20T19:15:45.679+08:00 DEBUG 151 --- [   scheduling-1] org.postgresql.jdbc.PgConnection         :   setAutoCommit = true 
2026-04-20T19:15:50.964+08:00 DEBUG 151 --- [  XNIO-1 task-3] io.undertow.request.security             : Attempting to authenticate /api/ingestion/tasks/7/executions/latest, authentication required: false 
2026-04-20T19:15:50.964+08:00 DEBUG 151 --- [  XNIO-1 task-3] io.undertow.request.security             : Authentication outcome was NOT_ATTEMPTED with method io.undertow.security.impl.CachedAuthenticatedSessionMechanism@72916f2a for /api/ingestion/tasks/7/executions/latest 
2026-04-20T19:15:50.964+08:00 DEBUG 151 --- [  XNIO-1 task-3] io.undertow.request.security             : Authentication result was ATTEMPTED for /api/ingestion/tasks/7/executions/latest 
2026-04-20T19:15:50.965+08:00 DEBUG 151 --- [  XNIO-1 task-3] org.postgresql.jdbc.PgConnection         :   setAutoCommit = false 
2026-04-20T19:15:50.967+08:00 DEBUG 151 --- [  XNIO-1 task-3] org.postgresql.jdbc.PgConnection         :   setAutoCommit = true 
2026-04-20T19:15:51.300+08:00 DEBUG 151 --- [   scheduling-1] org.postgresql.jdbc.PgConnection         :   setAutoCommit = false 
2026-04-20T19:15:51.453+08:00  INFO 151 --- [   scheduling-1] c.y.d.i.s.e.AirflowExecutionSyncService  : [airflow] synced execution 7 status=success 
2026-04-20T19:15:51.456+08:00 DEBUG 151 --- [   scheduling-1] org.postgresql.jdbc.PgConnection         :   setAutoCommit = true 
2026-04-20T19:16:06.457+08:00 DEBUG 151 --- [   scheduling-1] org.postgresql.jdbc.PgConnection         :   setAutoCommit = false 
2026-04-20T19:16:06.458+08:00 DEBUG 151 --- [   scheduling-1] org.postgresql.jdbc.PgConnection         :   setAutoCommit = true 
2026-04-20T19:16:07.116+08:00 DEBUG 151 --- [  XNIO-1 task-3] io.undertow.request.security             : Attempting to authenticate /api/ingestion/tasks/7/executions/latest, authentication required: false 
2026-04-20T19:16:07.117+08:00 DEBUG 151 --- [  XNIO-1 task-3] io.undertow.request.security             : Authentication outcome was NOT_ATTEMPTED with method io.undertow.security.impl.CachedAuthenticatedSessionMechanism@72916f2a for /api/ingestion/tasks/7/executions/latest 
2026-04-20T19:16:07.117+08:00 DEBUG 151 --- [  XNIO-1 task-3] io.undertow.request.security             : Authentication result was ATTEMPTED for /api/ingestion/tasks/7/executions/latest 
2026-04-20T19:16:07.118+08:00 DEBUG 151 --- [  XNIO-1 task-3] org.postgresql.jdbc.PgConnection         :   setAutoCommit = false 
2026-04-20T19:16:07.121+08:00 DEBUG 151 --- [  XNIO-1 task-3] org.postgresql.jdbc.PgConnection         :   setAutoCommit = true 
2026-04-20T19:16:10.344+08:00 DEBUG 151 --- [  XNIO-1 task-3] io.undertow.request.security             : Attempting to authenticate /api/ingestion/tasks/list, authentication required: false 
2026-04-20T19:16:10.344+08:00 DEBUG 151 --- [  XNIO-1 task-3] io.undertow.request.security             : Authentication outcome was NOT_ATTEMPTED with method io.undertow.security.impl.CachedAuthenticatedSessionMechanism@72916f2a for /api/ingestion/tasks/list 
2026-04-20T19:16:10.344+08:00 DEBUG 151 --- [  XNIO-1 task-3] io.undertow.request.security             : Authentication result was ATTEMPTED for /api/ingestion/tasks/list 
2026-04-20T19:16:10.345+08:00 DEBUG 151 --- [  XNIO-1 task-3] org.postgresql.jdbc.PgConnection         :   setReadOnly = true 
2026-04-20T19:16:10.345+08:00 DEBUG 151 --- [  XNIO-1 task-3] org.postgresql.jdbc.PgConnection         :   setAutoCommit = false 
2026-04-20T19:16:10.348+08:00 DEBUG 151 --- [  XNIO-1 task-3] org.postgresql.jdbc.PgConnection         :   setAutoCommit = true 
2026-04-20T19:16:10.348+08:00 DEBUG 151 --- [  XNIO-1 task-3] org.postgresql.jdbc.PgConnection         :   setReadOnly = false 
2026-04-20T19:16:14.659+08:00 DEBUG 151 --- [  XNIO-1 task-3] io.undertow.request.security             : Attempting to authenticate /api/ingestion/templates, authentication required: false 
2026-04-20T19:16:14.659+08:00 DEBUG 151 --- [  XNIO-1 task-3] io.undertow.request.security             : Authentication outcome was NOT_ATTEMPTED with method io.undertow.security.impl.CachedAuthenticatedSessionMechanism@72916f2a for /api/ingestion/templates 
2026-04-20T19:16:14.659+08:00 DEBUG 151 --- [  XNIO-1 task-3] io.undertow.request.security             : Authentication result was ATTEMPTED for /api/ingestion/templates 
2026-04-20T19:16:14.659+08:00 DEBUG 151 --- [  XNIO-1 task-2] io.undertow.request.security             : Attempting to authenticate /api/ingestion/connectors/capabilities, authentication required: false 
2026-04-20T19:16:14.659+08:00 DEBUG 151 --- [  XNIO-1 task-2] io.undertow.request.security             : Authentication outcome was NOT_ATTEMPTED with method io.undertow.security.impl.CachedAuthenticatedSessionMechanism@72916f2a for /api/ingestion/connectors/capabilities 
2026-04-20T19:16:14.659+08:00 DEBUG 151 --- [  XNIO-1 task-2] io.undertow.request.security             : Authentication result was ATTEMPTED for /api/ingestion/connectors/capabilities 
2026-04-20T19:16:14.660+08:00 DEBUG 151 --- [  XNIO-1 task-2] org.postgresql.jdbc.PgConnection         :   setReadOnly = true 
2026-04-20T19:16:14.660+08:00 DEBUG 151 --- [  XNIO-1 task-2] org.postgresql.jdbc.PgConnection         :   setAutoCommit = false 
2026-04-20T19:16:14.661+08:00 DEBUG 151 --- [  XNIO-1 task-2] org.postgresql.jdbc.PgConnection         :   setAutoCommit = true 
2026-04-20T19:16:14.661+08:00 DEBUG 151 --- [  XNIO-1 task-2] org.postgresql.jdbc.PgConnection         :   setReadOnly = false 
2026-04-20T19:16:15.680+08:00 DEBUG 151 --- [   scheduling-1] org.postgresql.jdbc.PgConnection         :   setAutoCommit = false 
2026-04-20T19:16:15.682+08:00 DEBUG 151 --- [   scheduling-1] org.postgresql.jdbc.PgConnection         :   setAutoCommit = true 
2026-04-20T19:16:21.459+08:00 DEBUG 151 --- [   scheduling-1] org.postgresql.jdbc.PgConnection         :   setAutoCommit = false 
2026-04-20T19:16:21.462+08:00 DEBUG 151 --- [   scheduling-1] org.postgresql.jdbc.PgConnection         :   setAutoCommit = true 
2026-04-20T19:16:30.826+08:00 DEBUG 151 --- [  XNIO-1 task-2] io.undertow.request.security             : Attempting to authenticate /api/ingestion/tasks/list, authentication required: false 
2026-04-20T19:16:30.826+08:00 DEBUG 151 --- [  XNIO-1 task-2] io.undertow.request.security             : Authentication outcome was NOT_ATTEMPTED with method io.undertow.security.impl.CachedAuthenticatedSessionMechanism@72916f2a for /api/ingestion/tasks/list 
2026-04-20T19:16:30.826+08:00 DEBUG 151 --- [  XNIO-1 task-2] io.undertow.request.security             : Authentication result was ATTEMPTED for /api/ingestion/tasks/list 
2026-04-20T19:16:30.827+08:00 DEBUG 151 --- [  XNIO-1 task-2] org.postgresql.jdbc.PgConnection         :   setReadOnly = true 
2026-04-20T19:16:30.827+08:00 DEBUG 151 --- [  XNIO-1 task-2] org.postgresql.jdbc.PgConnection         :   setAutoCommit = false 
2026-04-20T19:16:30.828+08:00 DEBUG 151 --- [  XNIO-1 task-2] org.postgresql.jdbc.PgConnection         :   setAutoCommit = true 
2026-04-20T19:16:30.828+08:00 DEBUG 151 --- [  XNIO-1 task-2] org.postgresql.jdbc.PgConnection         :   setReadOnly = false 
2026-04-20T19:16:30.830+08:00 DEBUG 151 --- [  XNIO-1 task-2] io.undertow.request.security             : Attempting to authenticate /api/ingestion/tasks/1/executions, authentication required: false 
2026-04-20T19:16:30.830+08:00 DEBUG 151 --- [  XNIO-1 task-2] io.undertow.request.security             : Authentication outcome was NOT_ATTEMPTED with method io.undertow.security.impl.CachedAuthenticatedSessionMechanism@72916f2a for /api/ingestion/tasks/1/executions 
2026-04-20T19:16:30.830+08:00 DEBUG 151 --- [  XNIO-1 task-2] io.undertow.request.security             : Authentication result was ATTEMPTED for /api/ingestion/tasks/1/executions 
2026-04-20T19:16:30.831+08:00 DEBUG 151 --- [  XNIO-1 task-2] org.postgresql.jdbc.PgConnection         :   setAutoCommit = false 
2026-04-20T19:16:30.833+08:00 DEBUG 151 --- [  XNIO-1 task-2] org.postgresql.jdbc.PgConnection         :   setAutoCommit = true 
2026-04-20T19:16:30.837+08:00 DEBUG 151 --- [  XNIO-1 task-2] io.undertow.request.security             : Attempting to authenticate /api/ingestion/tasks/2/executions, authentication required: false 
2026-04-20T19:16:30.837+08:00 DEBUG 151 --- [  XNIO-1 task-2] io.undertow.request.security             : Authentication outcome was NOT_ATTEMPTED with method io.undertow.security.impl.CachedAuthenticatedSessionMechanism@72916f2a for /api/ingestion/tasks/2/executions 
2026-04-20T19:16:30.837+08:00 DEBUG 151 --- [  XNIO-1 task-2] io.undertow.request.security             : Authentication result was ATTEMPTED for /api/ingestion/tasks/2/executions 
2026-04-20T19:16:30.838+08:00 DEBUG 151 --- [  XNIO-1 task-2] org.postgresql.jdbc.PgConnection         :   setAutoCommit = false 
2026-04-20T19:16:30.840+08:00 DEBUG 151 --- [  XNIO-1 task-2] org.postgresql.jdbc.PgConnection         :   setAutoCommit = true 
2026-04-20T19:16:30.843+08:00 DEBUG 151 --- [  XNIO-1 task-2] io.undertow.request.security             : Attempting to authenticate /api/ingestion/tasks/3/executions, authentication required: false 
2026-04-20T19:16:30.843+08:00 DEBUG 151 --- [  XNIO-1 task-2] io.undertow.request.security             : Authentication outcome was NOT_ATTEMPTED with method io.undertow.security.impl.CachedAuthenticatedSessionMechanism@72916f2a for /api/ingestion/tasks/3/executions 
2026-04-20T19:16:30.843+08:00 DEBUG 151 --- [  XNIO-1 task-2] io.undertow.request.security             : Authentication result was ATTEMPTED for /api/ingestion/tasks/3/executions 
2026-04-20T19:16:30.844+08:00 DEBUG 151 --- [  XNIO-1 task-2] org.postgresql.jdbc.PgConnection         :   setAutoCommit = false 
2026-04-20T19:16:30.846+08:00 DEBUG 151 --- [  XNIO-1 task-2] org.postgresql.jdbc.PgConnection         :   setAutoCommit = true 
2026-04-20T19:16:30.849+08:00 DEBUG 151 --- [  XNIO-1 task-2] io.undertow.request.security             : Attempting to authenticate /api/ingestion/tasks/4/executions, authentication required: false 
2026-04-20T19:16:30.849+08:00 DEBUG 151 --- [  XNIO-1 task-2] io.undertow.request.security             : Authentication outcome was NOT_ATTEMPTED with method io.undertow.security.impl.CachedAuthenticatedSessionMechanism@72916f2a for /api/ingestion/tasks/4/executions 
2026-04-20T19:16:30.849+08:00 DEBUG 151 --- [  XNIO-1 task-2] io.undertow.request.security             : Authentication result was ATTEMPTED for /api/ingestion/tasks/4/executions 
2026-04-20T19:16:30.850+08:00 DEBUG 151 --- [  XNIO-1 task-2] org.postgresql.jdbc.PgConnection         :   setAutoCommit = false 
2026-04-20T19:16:30.851+08:00 DEBUG 151 --- [  XNIO-1 task-2] org.postgresql.jdbc.PgConnection         :   setAutoCommit = true 
2026-04-20T19:16:30.855+08:00 DEBUG 151 --- [  XNIO-1 task-2] io.undertow.request.security             : Attempting to authenticate /api/ingestion/tasks/7/executions, authentication required: false 
2026-04-20T19:16:30.855+08:00 DEBUG 151 --- [  XNIO-1 task-2] io.undertow.request.security             : Authentication outcome was NOT_ATTEMPTED with method io.undertow.security.impl.CachedAuthenticatedSessionMechanism@72916f2a for /api/ingestion/tasks/7/executions 
2026-04-20T19:16:30.855+08:00 DEBUG 151 --- [  XNIO-1 task-2] io.undertow.request.security             : Authentication result was ATTEMPTED for /api/ingestion/tasks/7/executions 
2026-04-20T19:16:30.856+08:00 DEBUG 151 --- [  XNIO-1 task-2] org.postgresql.jdbc.PgConnection         :   setAutoCommit = false 
2026-04-20T19:16:30.858+08:00 DEBUG 151 --- [  XNIO-1 task-2] org.postgresql.jdbc.PgConnection         :   setAutoCommit = true 
2026-04-20T19:16:30.862+08:00 DEBUG 151 --- [  XNIO-1 task-2] io.undertow.request.security             : Attempting to authenticate /api/ingestion/tasks/6/executions, authentication required: false 
2026-04-20T19:16:30.862+08:00 DEBUG 151 --- [  XNIO-1 task-2] io.undertow.request.security             : Authentication outcome was NOT_ATTEMPTED with method io.undertow.security.impl.CachedAuthenticatedSessionMechanism@72916f2a for /api/ingestion/tasks/6/executions 
2026-04-20T19:16:30.862+08:00 DEBUG 151 --- [  XNIO-1 task-2] io.undertow.request.security             : Authentication result was ATTEMPTED for /api/ingestion/tasks/6/executions 
2026-04-20T19:16:30.863+08:00 DEBUG 151 --- [  XNIO-1 task-2] org.postgresql.jdbc.PgConnection         :   setAutoCommit = false 
2026-04-20T19:16:30.865+08:00 DEBUG 151 --- [  XNIO-1 task-2] org.postgresql.jdbc.PgConnection         :   setAutoCommit = true 
2026-04-20T19:16:35.758+08:00 DEBUG 151 --- [   XNIO-1 I/O-9] io.undertow.request                      : Timing out idle connection from /172.19.0.16:54772 
2026-04-20T19:16:36.463+08:00 DEBUG 151 --- [   scheduling-1] org.postgresql.jdbc.PgConnection         :   setAutoCommit = false 
2026-04-20T19:16:36.467+08:00 DEBUG 151 --- [   scheduling-1] org.postgresql.jdbc.PgConnection         :   setAutoCommit = true 
2026-04-20T19:16:45.683+08:00 DEBUG 151 --- [   scheduling-1] org.postgresql.jdbc.PgConnection         :   setAutoCommit = false 
2026-04-20T19:16:45.685+08:00 DEBUG 151 --- [   scheduling-1] org.postgresql.jdbc.PgConnection         :   setAutoCommit = true 
2026-04-20T19:16:51.468+08:00 DEBUG 151 --- [   scheduling-1] org.postgresql.jdbc.PgConnection         :   setAutoCommit = false 
2026-04-20T19:16:51.472+08:00 DEBUG 151 --- [   scheduling-1] org.postgresql.jdbc.PgConnection         :   setAutoCommit = true 
2026-04-20T19:16:59.370+08:00 DEBUG 151 --- [  XNIO-1 task-2] io.undertow.request.security             : Attempting to authenticate /api/ingestion/tasks, authentication required: false 
2026-04-20T19:16:59.370+08:00 DEBUG 151 --- [  XNIO-1 task-2] io.undertow.request.security             : Authentication outcome was NOT_ATTEMPTED with method io.undertow.security.impl.CachedAuthenticatedSessionMechanism@72916f2a for /api/ingestion/tasks 
2026-04-20T19:16:59.370+08:00 DEBUG 151 --- [  XNIO-1 task-2] io.undertow.request.security             : Authentication result was ATTEMPTED for /api/ingestion/tasks 
2026-04-20T19:16:59.371+08:00 DEBUG 151 --- [  XNIO-1 task-2] org.postgresql.jdbc.PgConnection         :   setAutoCommit = false 
2026-04-20T19:16:59.371+08:00 DEBUG 151 --- [  XNIO-1 task-2] org.postgresql.jdbc.PgConnection         :   setAutoCommit = true 
2026-04-20T19:16:59.371+08:00 DEBUG 151 --- [  XNIO-1 task-2] org.postgresql.jdbc.PgConnection         :   setReadOnly = true 
2026-04-20T19:16:59.371+08:00 DEBUG 151 --- [  XNIO-1 task-2] org.postgresql.jdbc.PgConnection         :   setAutoCommit = false 
2026-04-20T19:16:59.372+08:00 DEBUG 151 --- [  XNIO-1 task-2] org.postgresql.jdbc.PgConnection         :   setAutoCommit = true 
2026-04-20T19:16:59.372+08:00 DEBUG 151 --- [  XNIO-1 task-2] org.postgresql.jdbc.PgConnection         :   setReadOnly = false 
2026-04-20T19:16:59.373+08:00 DEBUG 151 --- [  XNIO-1 task-2] org.postgresql.jdbc.PgConnection         :   setAutoCommit = false 
2026-04-20T19:16:59.373+08:00 DEBUG 151 --- [  XNIO-1 task-2] org.postgresql.jdbc.PgConnection         :   setAutoCommit = true 
2026-04-20T19:16:59.373+08:00 DEBUG 151 --- [  XNIO-1 task-2] org.postgresql.jdbc.PgConnection         :   setAutoCommit = false 
2026-04-20T19:16:59.373+08:00  INFO 151 --- [  XNIO-1 task-2] c.y.d.i.service.IngestionTaskService     : Creating new ingestion task: 风险汇总 (skipJob=false) 
2026-04-20T19:16:59.373+08:00  INFO 151 --- [  XNIO-1 task-2] c.y.d.i.service.etl.AddaxJobService      : Resolved writer columns to: ["project_no", "risk_name", "subsystem", "belonging_unit", "risk_description", "risk_submit_time", "risk_submit_week", "risk_phase", "risk_category", "risk_level", "impact_scope", "response_measure", "final_release_time", "final_release_week", "monthly_control_plan", "weekly_release_plan", "release_plan_synced", "new_plan_count", "progress_stat_time", "progress_stat_week", "progress_situation", "response_owner", "control_owner", "dept", "risk_status", "risk_release_date", "risk_release_week", "remark", "last_update_time", "last_update_week", "filled_by"] 
2026-04-20T19:16:59.373+08:00  INFO 151 --- [  XNIO-1 task-2] c.y.d.i.service.etl.AddaxJobService      : Injected CREATE TABLE preSql for file source table: ods_risk_info_v2 
2026-04-20T19:16:59.373+08:00  INFO 151 --- [  XNIO-1 task-2] c.y.d.i.service.etl.AddaxJobService      : Injected extra columns postSql: [ALTER TABLE "ods_risk_info_v2" ADD COLUMN IF NOT EXISTS "source_system" VARCHAR(500), ALTER TABLE "ods_risk_info_v2" ADD COLUMN IF NOT EXISTS "import_time" TIMESTAMP, UPDATE "ods_risk_info_v2" SET "source_system" = 'ods_risk_info_v2.xlsx', "import_time" = timezone('Asia/Shanghai', now()) WHERE TRUE] 
2026-04-20T19:16:59.375+08:00  INFO 151 --- [  XNIO-1 task-2] c.y.d.i.service.etl.AirflowDagService    : [airflow] ensured dag file /opt/airflow/dags/task_task_task_manual.py 
2026-04-20T19:16:59.375+08:00  INFO 151 --- [  XNIO-1 task-2] c.y.d.i.service.IngestionTaskService     : Created ingestion task with ID: 8 by user: service:dts-platform 
2026-04-20T19:16:59.376+08:00  INFO 151 --- [  XNIO-1 task-2] c.y.d.i.service.audit.AuditService       : audit action=INGESTION_TASK_CREATE stage=SUCCESS subject=风险汇总 meta={operator=service:dts-platform, taskId=8} 
2026-04-20T19:16:59.376+08:00  INFO 151 --- [  dag-preheat-8] c.y.d.i.service.etl.DagPreheatService    : [dag-preheat] starting preheat for dagId=task_task_task_manual 
2026-04-20T19:16:59.378+08:00 DEBUG 151 --- [  XNIO-1 task-2] org.postgresql.jdbc.PgConnection         :   setAutoCommit = true 
2026-04-20T19:16:59.378+08:00  INFO 151 --- [  XNIO-1 task-2] c.y.d.i.service.audit.AuditService       : audit action=INGESTION_TASK_CREATE stage=SUCCESS subject=--bb4945b4.json meta={taskId=8, summary=创建入湖任务, operator=service:dts-platform, name=风险汇总} 
2026-04-20T19:16:59.378+08:00 DEBUG 151 --- [ngestion-task-1] org.postgresql.jdbc.PgConnection         :   setAutoCommit = false 
2026-04-20T19:16:59.378+08:00  INFO 151 --- [ngestion-task-1] c.y.d.i.service.IngestionTaskService     : Executing ingestion task ID: 8 
2026-04-20T19:16:59.381+08:00  INFO 151 --- [ngestion-task-1] c.y.d.i.service.IngestionTaskService     : Execution 8 for task 8 submitted to background trigger phase 
2026-04-20T19:16:59.383+08:00 DEBUG 151 --- [ngestion-task-1] org.postgresql.jdbc.PgConnection         :   setAutoCommit = true 
2026-04-20T19:16:59.383+08:00 DEBUG 151 --- [ngestion-task-2] org.postgresql.jdbc.PgConnection         :   setAutoCommit = false 
2026-04-20T19:16:59.384+08:00  INFO 151 --- [ngestion-task-2] c.y.d.i.service.etl.AddaxJobService      : Resolved writer columns to: ["project_no", "risk_name", "subsystem", "belonging_unit", "risk_description", "risk_submit_time", "risk_submit_week", "risk_phase", "risk_category", "risk_level", "impact_scope", "response_measure", "final_release_time", "final_release_week", "monthly_control_plan", "weekly_release_plan", "release_plan_synced", "new_plan_count", "progress_stat_time", "progress_stat_week", "progress_situation", "response_owner", "control_owner", "dept", "risk_status", "risk_release_date", "risk_release_week", "remark", "last_update_time", "last_update_week", "filled_by"] 
2026-04-20T19:16:59.384+08:00  INFO 151 --- [ngestion-task-2] c.y.d.i.service.etl.AddaxJobService      : Injected CREATE TABLE preSql for file source table: ods_risk_info_v2 
2026-04-20T19:16:59.384+08:00  INFO 151 --- [ngestion-task-2] c.y.d.i.service.etl.AddaxJobService      : Injected extra columns postSql: [ALTER TABLE "ods_risk_info_v2" ADD COLUMN IF NOT EXISTS "source_system" VARCHAR(500), ALTER TABLE "ods_risk_info_v2" ADD COLUMN IF NOT EXISTS "import_time" TIMESTAMP, UPDATE "ods_risk_info_v2" SET "source_system" = 'ods_risk_info_v2.xlsx', "import_time" = timezone('Asia/Shanghai', now()) WHERE TRUE] 
2026-04-20T19:16:59.385+08:00  INFO 151 --- [ngestion-task-2] c.y.d.i.service.audit.AuditService       : audit action=INGESTION_TASK_JOB_REBUILD stage=SUCCESS subject=风险汇总 meta={taskId=8, summary=重建 Addax 作业, operator=service:dts-platform, jobPath=/opt/airflow/dags/--81f42b6b.json} 
2026-04-20T19:16:59.385+08:00  INFO 151 --- [ngestion-task-2] c.y.d.i.service.etl.AirflowDagService    : [airflow] rebuilt dag file /opt/airflow/dags/task_task_task_manual.py 
2026-04-20T19:16:59.535+08:00 DEBUG 151 --- [  XNIO-1 task-2] io.undertow.request.security             : Attempting to authenticate /api/ingestion/tasks/8/executions/latest, authentication required: false 
2026-04-20T19:16:59.535+08:00 DEBUG 151 --- [  XNIO-1 task-2] io.undertow.request.security             : Authentication outcome was NOT_ATTEMPTED with method io.undertow.security.impl.CachedAuthenticatedSessionMechanism@72916f2a for /api/ingestion/tasks/8/executions/latest 
2026-04-20T19:16:59.535+08:00 DEBUG 151 --- [  XNIO-1 task-2] io.undertow.request.security             : Authentication result was ATTEMPTED for /api/ingestion/tasks/8/executions/latest 
2026-04-20T19:16:59.535+08:00  INFO 151 --- [  dag-preheat-8] c.y.d.i.service.etl.DagPreheatService    : [dag-preheat] dagId=task_task_task_manual already registered, preheat complete 
2026-04-20T19:16:59.536+08:00 DEBUG 151 --- [  XNIO-1 task-2] org.postgresql.jdbc.PgConnection         :   setAutoCommit = false 
2026-04-20T19:16:59.538+08:00 DEBUG 151 --- [  XNIO-1 task-2] org.postgresql.jdbc.PgConnection         :   setAutoCommit = true 
2026-04-20T19:16:59.726+08:00  INFO 151 --- [ngestion-task-2] c.y.d.i.service.IngestionTaskService     : Airflow trigger result for task 8: {enabled=true, dagId=task_task_task_manual, status=triggered, payload={conf={job_path=/opt/addax/jobs/--81f42b6b.json, priority=MEDIUM, project_key=default, reject_policy=REJECT, task_id=8, task_name=风险汇总}, dag_id=task_task_task_manual, dag_run_id=manual__2026-04-20T11:16:59.714734+00:00, data_interval_end=2026-04-20T11:16:59.714734+00:00, data_interval_start=2026-04-20T11:16:59.714734+00:00, end_date=null, execution_date=2026-04-20T11:16:59.714734+00:00, external_trigger=true, last_scheduling_decision=null, logical_date=2026-04-20T11:16:59.714734+00:00, note=null, run_type=manual, start_date=null, state=queued}} 
2026-04-20T19:16:59.726+08:00  INFO 151 --- [ngestion-task-2] c.y.d.i.service.IngestionTaskService     : Started execution manual__2026-04-20T11:16:59.714734+00:00 for task ID: 8 
2026-04-20T19:16:59.726+08:00  INFO 151 --- [ngestion-task-2] c.y.d.i.service.audit.AuditService       : audit action=INGESTION_TASK_EXECUTE stage=SUCCESS subject=风险汇总 meta={operator=service:dts-platform, executionId=8, taskId=8} 
2026-04-20T19:16:59.729+08:00 DEBUG 151 --- [ngestion-task-2] org.postgresql.jdbc.PgConnection         :   setAutoCommit = true 
2026-04-20T19:17:06.472+08:00 DEBUG 151 --- [   scheduling-1] org.postgresql.jdbc.PgConnection         :   setAutoCommit = false 
2026-04-20T19:17:06.617+08:00 DEBUG 151 --- [   scheduling-1] org.postgresql.jdbc.PgConnection         :   setAutoCommit = true 
2026-04-20T19:17:14.545+08:00 DEBUG 151 --- [  XNIO-1 task-2] io.undertow.request.security             : Attempting to authenticate /api/ingestion/tasks/8/executions/latest, authentication required: false 
2026-04-20T19:17:14.545+08:00 DEBUG 151 --- [  XNIO-1 task-2] io.undertow.request.security             : Authentication outcome was NOT_ATTEMPTED with method io.undertow.security.impl.CachedAuthenticatedSessionMechanism@72916f2a for /api/ingestion/tasks/8/executions/latest 
2026-04-20T19:17:14.545+08:00 DEBUG 151 --- [  XNIO-1 task-2] io.undertow.request.security             : Authentication result was ATTEMPTED for /api/ingestion/tasks/8/executions/latest 
2026-04-20T19:17:14.546+08:00 DEBUG 151 --- [  XNIO-1 task-2] org.postgresql.jdbc.PgConnection         :   setAutoCommit = false 
2026-04-20T19:17:14.548+08:00 DEBUG 151 --- [  XNIO-1 task-2] org.postgresql.jdbc.PgConnection         :   setAutoCommit = true 
2026-04-20T19:17:14.810+08:00 DEBUG 151 --- [  XNIO-1 I/O-15] io.undertow.request                      : Timing out idle connection from /172.19.0.16:58360 
2026-04-20T19:17:15.686+08:00 DEBUG 151 --- [   scheduling-1] org.postgresql.jdbc.PgConnection         :   setAutoCommit = false 
2026-04-20T19:17:15.687+08:00 DEBUG 151 --- [   scheduling-1] org.postgresql.jdbc.PgConnection         :   setAutoCommit = true 
2026-04-20T19:17:21.618+08:00 DEBUG 151 --- [   scheduling-1] org.postgresql.jdbc.PgConnection         :   setAutoCommit = false 
2026-04-20T19:17:21.816+08:00  INFO 151 --- [   scheduling-1] c.y.d.i.s.e.AirflowExecutionSyncService  : [airflow] synced execution 8 status=success 
2026-04-20T19:17:21.819+08:00 DEBUG 151 --- [   scheduling-1] org.postgresql.jdbc.PgConnection         :   setAutoCommit = true 
2026-04-20T19:17:29.962+08:00 DEBUG 151 --- [  XNIO-1 task-2] io.undertow.request.security             : Attempting to authenticate /api/ingestion/tasks/8/executions/latest, authentication required: false 
2026-04-20T19:17:29.962+08:00 DEBUG 151 --- [  XNIO-1 task-2] io.undertow.request.security             : Authentication outcome was NOT_ATTEMPTED with method io.undertow.security.impl.CachedAuthenticatedSessionMechanism@72916f2a for /api/ingestion/tasks/8/executions/latest 
2026-04-20T19:17:29.962+08:00 DEBUG 151 --- [  XNIO-1 task-2] io.undertow.request.security             : Authentication result was ATTEMPTED for /api/ingestion/tasks/8/executions/latest 
2026-04-20T19:17:29.963+08:00 DEBUG 151 --- [  XNIO-1 task-2] org.postgresql.jdbc.PgConnection         :   setAutoCommit = false 
2026-04-20T19:17:29.965+08:00 DEBUG 151 --- [  XNIO-1 task-2] org.postgresql.jdbc.PgConnection         :   setAutoCommit = true 
2026-04-20T19:17:31.689+08:00 DEBUG 151 --- [  XNIO-1 task-2] io.undertow.request.security             : Attempting to authenticate /api/ingestion/tasks/list, authentication required: false 
2026-04-20T19:17:31.689+08:00 DEBUG 151 --- [  XNIO-1 task-2] io.undertow.request.security             : Authentication outcome was NOT_ATTEMPTED with method io.undertow.security.impl.CachedAuthenticatedSessionMechanism@72916f2a for /api/ingestion/tasks/list 
2026-04-20T19:17:31.690+08:00 DEBUG 151 --- [  XNIO-1 task-2] io.undertow.request.security             : Authentication result was ATTEMPTED for /api/ingestion/tasks/list 
2026-04-20T19:17:31.693+08:00 DEBUG 151 --- [  XNIO-1 task-2] org.postgresql.jdbc.PgConnection         :   setReadOnly = true 
2026-04-20T19:17:31.693+08:00 DEBUG 151 --- [  XNIO-1 task-2] org.postgresql.jdbc.PgConnection         :   setAutoCommit = false 
2026-04-20T19:17:31.700+08:00 DEBUG 151 --- [  XNIO-1 task-2] org.postgresql.jdbc.PgConnection         :   setAutoCommit = true 
2026-04-20T19:17:31.700+08:00 DEBUG 151 --- [  XNIO-1 task-2] org.postgresql.jdbc.PgConnection         :   setReadOnly = false 
2026-04-20T19:17:31.707+08:00 DEBUG 151 --- [  XNIO-1 task-2] io.undertow.request.security             : Attempting to authenticate /api/ingestion/tasks/1/executions, authentication required: false 
2026-04-20T19:17:31.707+08:00 DEBUG 151 --- [  XNIO-1 task-2] io.undertow.request.security             : Authentication outcome was NOT_ATTEMPTED with method io.undertow.security.impl.CachedAuthenticatedSessionMechanism@72916f2a for /api/ingestion/tasks/1/executions 
2026-04-20T19:17:31.707+08:00 DEBUG 151 --- [  XNIO-1 task-2] io.undertow.request.security             : Authentication result was ATTEMPTED for /api/ingestion/tasks/1/executions 
2026-04-20T19:17:31.710+08:00 DEBUG 151 --- [  XNIO-1 task-2] org.postgresql.jdbc.PgConnection         :   setAutoCommit = false 
2026-04-20T19:17:31.715+08:00 DEBUG 151 --- [  XNIO-1 task-2] org.postgresql.jdbc.PgConnection         :   setAutoCommit = true 
2026-04-20T19:17:31.730+08:00 DEBUG 151 --- [  XNIO-1 task-2] io.undertow.request.security             : Attempting to authenticate /api/ingestion/tasks/2/executions, authentication required: false 
2026-04-20T19:17:31.730+08:00 DEBUG 151 --- [  XNIO-1 task-2] io.undertow.request.security             : Authentication outcome was NOT_ATTEMPTED with method io.undertow.security.impl.CachedAuthenticatedSessionMechanism@72916f2a for /api/ingestion/tasks/2/executions 
2026-04-20T19:17:31.730+08:00 DEBUG 151 --- [  XNIO-1 task-2] io.undertow.request.security             : Authentication result was ATTEMPTED for /api/ingestion/tasks/2/executions 
2026-04-20T19:17:31.733+08:00 DEBUG 151 --- [  XNIO-1 task-2] org.postgresql.jdbc.PgConnection         :   setAutoCommit = false 
2026-04-20T19:17:31.738+08:00 DEBUG 151 --- [  XNIO-1 task-2] org.postgresql.jdbc.PgConnection         :   setAutoCommit = true 
2026-04-20T19:17:31.753+08:00 DEBUG 151 --- [  XNIO-1 task-2] io.undertow.request.security             : Attempting to authenticate /api/ingestion/tasks/3/executions, authentication required: false 
2026-04-20T19:17:31.753+08:00 DEBUG 151 --- [  XNIO-1 task-2] io.undertow.request.security             : Authentication outcome was NOT_ATTEMPTED with method io.undertow.security.impl.CachedAuthenticatedSessionMechanism@72916f2a for /api/ingestion/tasks/3/executions 
2026-04-20T19:17:31.753+08:00 DEBUG 151 --- [  XNIO-1 task-2] io.undertow.request.security             : Authentication result was ATTEMPTED for /api/ingestion/tasks/3/executions 
2026-04-20T19:17:31.756+08:00 DEBUG 151 --- [  XNIO-1 task-2] org.postgresql.jdbc.PgConnection         :   setAutoCommit = false 
2026-04-20T19:17:31.761+08:00 DEBUG 151 --- [  XNIO-1 task-2] org.postgresql.jdbc.PgConnection         :   setAutoCommit = true 
2026-04-20T19:17:31.776+08:00 DEBUG 151 --- [  XNIO-1 task-2] io.undertow.request.security             : Attempting to authenticate /api/ingestion/tasks/4/executions, authentication required: false 
2026-04-20T19:17:31.776+08:00 DEBUG 151 --- [  XNIO-1 task-2] io.undertow.request.security             : Authentication outcome was NOT_ATTEMPTED with method io.undertow.security.impl.CachedAuthenticatedSessionMechanism@72916f2a for /api/ingestion/tasks/4/executions 
2026-04-20T19:17:31.776+08:00 DEBUG 151 --- [  XNIO-1 task-2] io.undertow.request.security             : Authentication result was ATTEMPTED for /api/ingestion/tasks/4/executions 
2026-04-20T19:17:31.779+08:00 DEBUG 151 --- [  XNIO-1 task-2] org.postgresql.jdbc.PgConnection         :   setAutoCommit = false 
2026-04-20T19:17:31.784+08:00 DEBUG 151 --- [  XNIO-1 task-2] org.postgresql.jdbc.PgConnection         :   setAutoCommit = true 
2026-04-20T19:17:31.798+08:00 DEBUG 151 --- [  XNIO-1 task-2] io.undertow.request.security             : Attempting to authenticate /api/ingestion/tasks/7/executions, authentication required: false 
2026-04-20T19:17:31.798+08:00 DEBUG 151 --- [  XNIO-1 task-2] io.undertow.request.security             : Authentication outcome was NOT_ATTEMPTED with method io.undertow.security.impl.CachedAuthenticatedSessionMechanism@72916f2a for /api/ingestion/tasks/7/executions 
2026-04-20T19:17:31.799+08:00 DEBUG 151 --- [  XNIO-1 task-2] io.undertow.request.security             : Authentication result was ATTEMPTED for /api/ingestion/tasks/7/executions 
2026-04-20T19:17:31.801+08:00 DEBUG 151 --- [  XNIO-1 task-2] org.postgresql.jdbc.PgConnection         :   setAutoCommit = false 
2026-04-20T19:17:31.804+08:00 DEBUG 151 --- [  XNIO-1 task-2] org.postgresql.jdbc.PgConnection         :   setAutoCommit = true 
2026-04-20T19:17:31.812+08:00 DEBUG 151 --- [  XNIO-1 task-2] io.undertow.request.security             : Attempting to authenticate /api/ingestion/tasks/6/executions, authentication required: false 
2026-04-20T19:17:31.812+08:00 DEBUG 151 --- [  XNIO-1 task-2] io.undertow.request.security             : Authentication outcome was NOT_ATTEMPTED with method io.undertow.security.impl.CachedAuthenticatedSessionMechanism@72916f2a for /api/ingestion/tasks/6/executions 
2026-04-20T19:17:31.813+08:00 DEBUG 151 --- [  XNIO-1 task-2] io.undertow.request.security             : Authentication result was ATTEMPTED for /api/ingestion/tasks/6/executions 
2026-04-20T19:17:31.814+08:00 DEBUG 151 --- [  XNIO-1 task-2] org.postgresql.jdbc.PgConnection         :   setAutoCommit = false 
2026-04-20T19:17:31.817+08:00 DEBUG 151 --- [  XNIO-1 task-2] org.postgresql.jdbc.PgConnection         :   setAutoCommit = true 
2026-04-20T19:17:31.821+08:00 DEBUG 151 --- [  XNIO-1 task-2] io.undertow.request.security             : Attempting to authenticate /api/ingestion/tasks/8/executions, authentication required: false 
2026-04-20T19:17:31.821+08:00 DEBUG 151 --- [  XNIO-1 task-2] io.undertow.request.security             : Authentication outcome was NOT_ATTEMPTED with method io.undertow.security.impl.CachedAuthenticatedSessionMechanism@72916f2a for /api/ingestion/tasks/8/executions 
2026-04-20T19:17:31.821+08:00 DEBUG 151 --- [  XNIO-1 task-2] io.undertow.request.security             : Authentication result was ATTEMPTED for /api/ingestion/tasks/8/executions 
2026-04-20T19:17:31.822+08:00 DEBUG 151 --- [  XNIO-1 task-2] org.postgresql.jdbc.PgConnection         :   setAutoCommit = false 
2026-04-20T19:17:31.824+08:00 DEBUG 151 --- [  XNIO-1 task-2] org.postgresql.jdbc.PgConnection         :   setAutoCommit = true 
2026-04-20T19:17:36.820+08:00 DEBUG 151 --- [   scheduling-1] org.postgresql.jdbc.PgConnection         :   setAutoCommit = false 
2026-04-20T19:17:36.824+08:00 DEBUG 151 --- [   scheduling-1] org.postgresql.jdbc.PgConnection         :   setAutoCommit = true 
2026-04-20T19:17:45.688+08:00 DEBUG 151 --- [   scheduling-1] org.postgresql.jdbc.PgConnection         :   setAutoCommit = false 
2026-04-20T19:17:45.690+08:00 DEBUG 151 --- [   scheduling-1] org.postgresql.jdbc.PgConnection         :   setAutoCommit = true 
2026-04-20T19:17:51.825+08:00 DEBUG 151 --- [   scheduling-1] org.postgresql.jdbc.PgConnection         :   setAutoCommit = false 
2026-04-20T19:17:51.829+08:00 DEBUG 151 --- [   scheduling-1] org.postgresql.jdbc.PgConnection         :   setAutoCommit = true 
2026-04-20T19:17:59.520+08:00 DEBUG 151 --- [   XNIO-1 I/O-4] io.undertow.request                      : Timing out idle connection from /172.19.0.16:59454 
2026-04-20T19:18:00.432+08:00 DEBUG 151 --- [  XNIO-1 task-2] io.undertow.request.security             : Attempting to authenticate /api/ingestion/tasks/list, authentication required: false 
2026-04-20T19:18:00.432+08:00 DEBUG 151 --- [  XNIO-1 task-2] io.undertow.request.security             : Authentication outcome was NOT_ATTEMPTED with method io.undertow.security.impl.CachedAuthenticatedSessionMechanism@72916f2a for /api/ingestion/tasks/list 
2026-04-20T19:18:00.432+08:00 DEBUG 151 --- [  XNIO-1 task-2] io.undertow.request.security             : Authentication result was ATTEMPTED for /api/ingestion/tasks/list 
2026-04-20T19:18:00.433+08:00 DEBUG 151 --- [  XNIO-1 task-2] org.postgresql.jdbc.PgConnection         :   setReadOnly = true 
2026-04-20T19:18:00.433+08:00 DEBUG 151 --- [  XNIO-1 task-2] org.postgresql.jdbc.PgConnection         :   setAutoCommit = false 
2026-04-20T19:18:00.435+08:00 DEBUG 151 --- [  XNIO-1 task-2] org.postgresql.jdbc.PgConnection         :   setAutoCommit = true 
2026-04-20T19:18:00.435+08:00 DEBUG 151 --- [  XNIO-1 task-2] org.postgresql.jdbc.PgConnection         :   setReadOnly = false 
2026-04-20T19:18:06.830+08:00 DEBUG 151 --- [   scheduling-1] org.postgresql.jdbc.PgConnection         :   setAutoCommit = false 
2026-04-20T19:18:06.833+08:00 DEBUG 151 --- [   scheduling-1] org.postgresql.jdbc.PgConnection         :   setAutoCommit = true 
2026-04-20T19:18:13.722+08:00 DEBUG 151 --- [  XNIO-1 task-2] io.undertow.request.security             : Attempting to authenticate /api/ingestion/connectors/capabilities, authentication required: false 
2026-04-20T19:18:13.722+08:00 DEBUG 151 --- [  XNIO-1 task-2] io.undertow.request.security             : Authentication outcome was NOT_ATTEMPTED with method io.undertow.security.impl.CachedAuthenticatedSessionMechanism@72916f2a for /api/ingestion/connectors/capabilities 
2026-04-20T19:18:13.722+08:00 DEBUG 151 --- [  XNIO-1 task-2] io.undertow.request.security             : Authentication result was ATTEMPTED for /api/ingestion/connectors/capabilities 
2026-04-20T19:18:13.722+08:00 DEBUG 151 --- [  XNIO-1 task-3] io.undertow.request.security             : Attempting to authenticate /api/ingestion/templates, authentication required: false 
2026-04-20T19:18:13.722+08:00 DEBUG 151 --- [  XNIO-1 task-3] io.undertow.request.security             : Authentication outcome was NOT_ATTEMPTED with method io.undertow.security.impl.CachedAuthenticatedSessionMechanism@72916f2a for /api/ingestion/templates 
2026-04-20T19:18:13.722+08:00 DEBUG 151 --- [  XNIO-1 task-3] io.undertow.request.security             : Authentication result was ATTEMPTED for /api/ingestion/templates 
2026-04-20T19:18:13.723+08:00 DEBUG 151 --- [  XNIO-1 task-2] org.postgresql.jdbc.PgConnection         :   setReadOnly = true 
2026-04-20T19:18:13.723+08:00 DEBUG 151 --- [  XNIO-1 task-2] org.postgresql.jdbc.PgConnection         :   setAutoCommit = false 
2026-04-20T19:18:13.723+08:00 DEBUG 151 --- [  XNIO-1 task-2] org.postgresql.jdbc.PgConnection         :   setAutoCommit = true 
2026-04-20T19:18:13.723+08:00 DEBUG 151 --- [  XNIO-1 task-2] org.postgresql.jdbc.PgConnection         :   setReadOnly = false 
2026-04-20T19:18:15.691+08:00 DEBUG 151 --- [   scheduling-1] org.postgresql.jdbc.PgConnection         :   setAutoCommit = false 
2026-04-20T19:18:15.691+08:00 DEBUG 151 --- [   scheduling-1] org.postgresql.jdbc.PgConnection         :   setAutoCommit = true 
2026-04-20T19:18:21.834+08:00 DEBUG 151 --- [   scheduling-1] org.postgresql.jdbc.PgConnection         :   setAutoCommit = false 
2026-04-20T19:18:21.838+08:00 DEBUG 151 --- [   scheduling-1] org.postgresql.jdbc.PgConnection         :   setAutoCommit = true 
2026-04-20T19:18:32.614+08:00 DEBUG 151 --- [  XNIO-1 task-2] io.undertow.request.security             : Attempting to authenticate /api/ingestion/tasks/list, authentication required: false 
2026-04-20T19:18:32.614+08:00 DEBUG 151 --- [  XNIO-1 task-2] io.undertow.request.security             : Authentication outcome was NOT_ATTEMPTED with method io.undertow.security.impl.CachedAuthenticatedSessionMechanism@72916f2a for /api/ingestion/tasks/list 
2026-04-20T19:18:32.614+08:00 DEBUG 151 --- [  XNIO-1 task-2] io.undertow.request.security             : Authentication result was ATTEMPTED for /api/ingestion/tasks/list 
2026-04-20T19:18:32.616+08:00 DEBUG 151 --- [  XNIO-1 task-2] org.postgresql.jdbc.PgConnection         :   setReadOnly = true 
2026-04-20T19:18:32.616+08:00 DEBUG 151 --- [  XNIO-1 task-2] org.postgresql.jdbc.PgConnection         :   setAutoCommit = false 
2026-04-20T19:18:32.618+08:00 DEBUG 151 --- [  XNIO-1 task-2] org.postgresql.jdbc.PgConnection         :   setAutoCommit = true 
2026-04-20T19:18:32.618+08:00 DEBUG 151 --- [  XNIO-1 task-2] org.postgresql.jdbc.PgConnection         :   setReadOnly = false 
2026-04-20T19:18:32.620+08:00 DEBUG 151 --- [  XNIO-1 task-2] io.undertow.request.security             : Attempting to authenticate /api/ingestion/tasks/1/executions, authentication required: false 
2026-04-20T19:18:32.620+08:00 DEBUG 151 --- [  XNIO-1 task-2] io.undertow.request.security             : Authentication outcome was NOT_ATTEMPTED with method io.undertow.security.impl.CachedAuthenticatedSessionMechanism@72916f2a for /api/ingestion/tasks/1/executions 
2026-04-20T19:18:32.620+08:00 DEBUG 151 --- [  XNIO-1 task-2] io.undertow.request.security             : Authentication result was ATTEMPTED for /api/ingestion/tasks/1/executions 
2026-04-20T19:18:32.621+08:00 DEBUG 151 --- [  XNIO-1 task-2] org.postgresql.jdbc.PgConnection         :   setAutoCommit = false 
2026-04-20T19:18:32.624+08:00 DEBUG 151 --- [  XNIO-1 task-2] org.postgresql.jdbc.PgConnection         :   setAutoCommit = true 
2026-04-20T19:18:32.630+08:00 DEBUG 151 --- [  XNIO-1 task-2] io.undertow.request.security             : Attempting to authenticate /api/ingestion/tasks/2/executions, authentication required: false 
2026-04-20T19:18:32.630+08:00 DEBUG 151 --- [  XNIO-1 task-2] io.undertow.request.security             : Authentication outcome was NOT_ATTEMPTED with method io.undertow.security.impl.CachedAuthenticatedSessionMechanism@72916f2a for /api/ingestion/tasks/2/executions 
2026-04-20T19:18:32.630+08:00 DEBUG 151 --- [  XNIO-1 task-2] io.undertow.request.security             : Authentication result was ATTEMPTED for /api/ingestion/tasks/2/executions 
2026-04-20T19:18:32.632+08:00 DEBUG 151 --- [  XNIO-1 task-2] org.postgresql.jdbc.PgConnection         :   setAutoCommit = false 
2026-04-20T19:18:32.635+08:00 DEBUG 151 --- [  XNIO-1 task-2] org.postgresql.jdbc.PgConnection         :   setAutoCommit = true 
2026-04-20T19:18:32.644+08:00 DEBUG 151 --- [  XNIO-1 task-2] io.undertow.request.security             : Attempting to authenticate /api/ingestion/tasks/3/executions, authentication required: false 
2026-04-20T19:18:32.644+08:00 DEBUG 151 --- [  XNIO-1 task-2] io.undertow.request.security             : Authentication outcome was NOT_ATTEMPTED with method io.undertow.security.impl.CachedAuthenticatedSessionMechanism@72916f2a for /api/ingestion/tasks/3/executions 
2026-04-20T19:18:32.644+08:00 DEBUG 151 --- [  XNIO-1 task-2] io.undertow.request.security             : Authentication result was ATTEMPTED for /api/ingestion/tasks/3/executions 
2026-04-20T19:18:32.646+08:00 DEBUG 151 --- [  XNIO-1 task-2] org.postgresql.jdbc.PgConnection         :   setAutoCommit = false 
2026-04-20T19:18:32.650+08:00 DEBUG 151 --- [  XNIO-1 task-2] org.postgresql.jdbc.PgConnection         :   setAutoCommit = true 
2026-04-20T19:18:32.657+08:00 DEBUG 151 --- [  XNIO-1 task-2] io.undertow.request.security             : Attempting to authenticate /api/ingestion/tasks/4/executions, authentication required: false 
2026-04-20T19:18:32.657+08:00 DEBUG 151 --- [  XNIO-1 task-2] io.undertow.request.security             : Authentication outcome was NOT_ATTEMPTED with method io.undertow.security.impl.CachedAuthenticatedSessionMechanism@72916f2a for /api/ingestion/tasks/4/executions 
2026-04-20T19:18:32.657+08:00 DEBUG 151 --- [  XNIO-1 task-2] io.undertow.request.security             : Authentication result was ATTEMPTED for /api/ingestion/tasks/4/executions 
2026-04-20T19:18:32.658+08:00 DEBUG 151 --- [  XNIO-1 task-2] org.postgresql.jdbc.PgConnection         :   setAutoCommit = false 
2026-04-20T19:18:32.660+08:00 DEBUG 151 --- [  XNIO-1 task-2] org.postgresql.jdbc.PgConnection         :   setAutoCommit = true 
2026-04-20T19:18:32.663+08:00 DEBUG 151 --- [  XNIO-1 task-2] io.undertow.request.security             : Attempting to authenticate /api/ingestion/tasks/7/executions, authentication required: false 
2026-04-20T19:18:32.663+08:00 DEBUG 151 --- [  XNIO-1 task-2] io.undertow.request.security             : Authentication outcome was NOT_ATTEMPTED with method io.undertow.security.impl.CachedAuthenticatedSessionMechanism@72916f2a for /api/ingestion/tasks/7/executions 
2026-04-20T19:18:32.663+08:00 DEBUG 151 --- [  XNIO-1 task-2] io.undertow.request.security             : Authentication result was ATTEMPTED for /api/ingestion/tasks/7/executions 
2026-04-20T19:18:32.664+08:00 DEBUG 151 --- [  XNIO-1 task-2] org.postgresql.jdbc.PgConnection         :   setAutoCommit = false 
2026-04-20T19:18:32.665+08:00 DEBUG 151 --- [  XNIO-1 task-2] org.postgresql.jdbc.PgConnection         :   setAutoCommit = true 
2026-04-20T19:18:32.669+08:00 DEBUG 151 --- [  XNIO-1 task-2] io.undertow.request.security             : Attempting to authenticate /api/ingestion/tasks/6/executions, authentication required: false 
2026-04-20T19:18:32.669+08:00 DEBUG 151 --- [  XNIO-1 task-2] io.undertow.request.security             : Authentication outcome was NOT_ATTEMPTED with method io.undertow.security.impl.CachedAuthenticatedSessionMechanism@72916f2a for /api/ingestion/tasks/6/executions 
2026-04-20T19:18:32.669+08:00 DEBUG 151 --- [  XNIO-1 task-2] io.undertow.request.security             : Authentication result was ATTEMPTED for /api/ingestion/tasks/6/executions 
2026-04-20T19:18:32.669+08:00 DEBUG 151 --- [  XNIO-1 task-2] org.postgresql.jdbc.PgConnection         :   setAutoCommit = false 
2026-04-20T19:18:32.671+08:00 DEBUG 151 --- [  XNIO-1 task-2] org.postgresql.jdbc.PgConnection         :   setAutoCommit = true 
2026-04-20T19:18:32.674+08:00 DEBUG 151 --- [  XNIO-1 task-2] io.undertow.request.security             : Attempting to authenticate /api/ingestion/tasks/8/executions, authentication required: false 
2026-04-20T19:18:32.674+08:00 DEBUG 151 --- [  XNIO-1 task-2] io.undertow.request.security             : Authentication outcome was NOT_ATTEMPTED with method io.undertow.security.impl.CachedAuthenticatedSessionMechanism@72916f2a for /api/ingestion/tasks/8/executions 
2026-04-20T19:18:32.674+08:00 DEBUG 151 --- [  XNIO-1 task-2] io.undertow.request.security             : Authentication result was ATTEMPTED for /api/ingestion/tasks/8/executions 
2026-04-20T19:18:32.675+08:00 DEBUG 151 --- [  XNIO-1 task-2] org.postgresql.jdbc.PgConnection         :   setAutoCommit = false 
2026-04-20T19:18:32.676+08:00 DEBUG 151 --- [  XNIO-1 task-2] org.postgresql.jdbc.PgConnection         :   setAutoCommit = true 
2026-04-20T19:18:36.838+08:00 DEBUG 151 --- [   scheduling-1] org.postgresql.jdbc.PgConnection         :   setAutoCommit = false 
2026-04-20T19:18:36.840+08:00 DEBUG 151 --- [   scheduling-1] org.postgresql.jdbc.PgConnection         :   setAutoCommit = true 
2026-04-20T19:18:45.692+08:00 DEBUG 151 --- [   scheduling-1] org.postgresql.jdbc.PgConnection         :   setAutoCommit = false 
2026-04-20T19:18:45.693+08:00 DEBUG 151 --- [   scheduling-1] org.postgresql.jdbc.PgConnection         :   setAutoCommit = true 
2026-04-20T19:18:51.841+08:00 DEBUG 151 --- [   scheduling-1] org.postgresql.jdbc.PgConnection         :   setAutoCommit = false 
2026-04-20T19:18:51.844+08:00 DEBUG 151 --- [   scheduling-1] org.postgresql.jdbc.PgConnection         :   setAutoCommit = true 
2026-04-20T19:18:54.397+08:00 DEBUG 151 --- [  XNIO-1 task-2] io.undertow.request.security             : Attempting to authenticate /api/ingestion/tasks, authentication required: false 
2026-04-20T19:18:54.397+08:00 DEBUG 151 --- [  XNIO-1 task-2] io.undertow.request.security             : Authentication outcome was NOT_ATTEMPTED with method io.undertow.security.impl.CachedAuthenticatedSessionMechanism@72916f2a for /api/ingestion/tasks 
2026-04-20T19:18:54.397+08:00 DEBUG 151 --- [  XNIO-1 task-2] io.undertow.request.security             : Authentication result was ATTEMPTED for /api/ingestion/tasks 
2026-04-20T19:18:54.400+08:00 DEBUG 151 --- [  XNIO-1 task-2] org.postgresql.jdbc.PgConnection         :   setAutoCommit = false 
2026-04-20T19:18:54.400+08:00 DEBUG 151 --- [  XNIO-1 task-2] org.postgresql.jdbc.PgConnection         :   setAutoCommit = true 
2026-04-20T19:18:54.400+08:00 DEBUG 151 --- [  XNIO-1 task-2] org.postgresql.jdbc.PgConnection         :   setReadOnly = true 
2026-04-20T19:18:54.400+08:00 DEBUG 151 --- [  XNIO-1 task-2] org.postgresql.jdbc.PgConnection         :   setAutoCommit = false 
2026-04-20T19:18:54.402+08:00 DEBUG 151 --- [  XNIO-1 task-2] org.postgresql.jdbc.PgConnection         :   setAutoCommit = true 
2026-04-20T19:18:54.402+08:00 DEBUG 151 --- [  XNIO-1 task-2] org.postgresql.jdbc.PgConnection         :   setReadOnly = false 
2026-04-20T19:18:54.402+08:00 DEBUG 151 --- [  XNIO-1 task-2] org.postgresql.jdbc.PgConnection         :   setAutoCommit = false 
2026-04-20T19:18:54.403+08:00 DEBUG 151 --- [  XNIO-1 task-2] org.postgresql.jdbc.PgConnection         :   setAutoCommit = true 
2026-04-20T19:18:54.403+08:00 DEBUG 151 --- [  XNIO-1 task-2] org.postgresql.jdbc.PgConnection         :   setAutoCommit = false 
2026-04-20T19:18:54.403+08:00  INFO 151 --- [  XNIO-1 task-2] c.y.d.i.service.IngestionTaskService     : Creating new ingestion task: 风险措施 (skipJob=false) 
2026-04-20T19:18:54.403+08:00  INFO 151 --- [  XNIO-1 task-2] c.y.d.i.service.etl.AddaxJobService      : Resolved writer columns to: ["project_no", "risk_name", "subsystem", "belonging_unit", "risk_description", "risk_submit_time", "risk_submit_week", "risk_phase", "risk_category", "risk_level", "impact_scope", "response_measure", "final_release_time", "monthly_control_plan", "weekly_release_plan", "release_plan_synced", "new_plan_count", "progress_stat_time", "progress_stat_week", "progress_situation", "response_owner", "control_owner", "dept", "risk_status", "project_manager", "measure_category", "measure_title", "follow_up_person", "main_recipient", "cc_recipient", "follow_up_date", "follow_up_week", "closure_status", "final_closure_date", "final_closure_week", "closure_deliverable_type", "closure_deliverable", "risk_content", "last_update_time", "last_update_week", "remark", "filled_by"] 
2026-04-20T19:18:54.403+08:00  INFO 151 --- [  XNIO-1 task-2] c.y.d.i.service.etl.AddaxJobService      : Injected CREATE TABLE preSql for file source table: ods_risk_measure_v2 
2026-04-20T19:18:54.403+08:00  INFO 151 --- [  XNIO-1 task-2] c.y.d.i.service.etl.AddaxJobService      : Injected extra columns postSql: [ALTER TABLE "ods_risk_measure_v2" ADD COLUMN IF NOT EXISTS "source_system" VARCHAR(500), ALTER TABLE "ods_risk_measure_v2" ADD COLUMN IF NOT EXISTS "import_time" TIMESTAMP, UPDATE "ods_risk_measure_v2" SET "source_system" = 'ods_risk_measure_v2.xlsx', "import_time" = timezone('Asia/Shanghai', now()) WHERE TRUE] 
2026-04-20T19:18:54.406+08:00  INFO 151 --- [  XNIO-1 task-2] c.y.d.i.service.etl.AirflowDagService    : [airflow] ensured dag file /opt/airflow/dags/task_task_task_manual.py 
2026-04-20T19:18:54.407+08:00  INFO 151 --- [  XNIO-1 task-2] c.y.d.i.service.IngestionTaskService     : Created ingestion task with ID: 9 by user: service:dts-platform 
2026-04-20T19:18:54.407+08:00  INFO 151 --- [  XNIO-1 task-2] c.y.d.i.service.audit.AuditService       : audit action=INGESTION_TASK_CREATE stage=SUCCESS subject=风险措施 meta={operator=service:dts-platform, taskId=9} 
2026-04-20T19:18:54.407+08:00  INFO 151 --- [  dag-preheat-9] c.y.d.i.service.etl.DagPreheatService    : [dag-preheat] starting preheat for dagId=task_task_task_manual 
2026-04-20T19:18:54.410+08:00 DEBUG 151 --- [  XNIO-1 task-2] org.postgresql.jdbc.PgConnection         :   setAutoCommit = true 
2026-04-20T19:18:54.410+08:00  INFO 151 --- [  XNIO-1 task-2] c.y.d.i.service.audit.AuditService       : audit action=INGESTION_TASK_CREATE stage=SUCCESS subject=--941f9680.json meta={taskId=9, summary=创建入湖任务, operator=service:dts-platform, name=风险措施} 
2026-04-20T19:18:54.410+08:00 DEBUG 151 --- [ngestion-task-1] org.postgresql.jdbc.PgConnection         :   setAutoCommit = false 
2026-04-20T19:18:54.410+08:00  INFO 151 --- [ngestion-task-1] c.y.d.i.service.IngestionTaskService     : Executing ingestion task ID: 9 
2026-04-20T19:18:54.413+08:00  INFO 151 --- [ngestion-task-1] c.y.d.i.service.IngestionTaskService     : Execution 9 for task 9 submitted to background trigger phase 
2026-04-20T19:18:54.415+08:00 DEBUG 151 --- [ngestion-task-1] org.postgresql.jdbc.PgConnection         :   setAutoCommit = true 
2026-04-20T19:18:54.415+08:00 DEBUG 151 --- [ngestion-task-2] org.postgresql.jdbc.PgConnection         :   setAutoCommit = false 
2026-04-20T19:18:54.416+08:00  INFO 151 --- [ngestion-task-2] c.y.d.i.service.etl.AddaxJobService      : Resolved writer columns to: ["project_no", "risk_name", "subsystem", "belonging_unit", "risk_description", "risk_submit_time", "risk_submit_week", "risk_phase", "risk_category", "risk_level", "impact_scope", "response_measure", "final_release_time", "monthly_control_plan", "weekly_release_plan", "release_plan_synced", "new_plan_count", "progress_stat_time", "progress_stat_week", "progress_situation", "response_owner", "control_owner", "dept", "risk_status", "project_manager", "measure_category", "measure_title", "follow_up_person", "main_recipient", "cc_recipient", "follow_up_date", "follow_up_week", "closure_status", "final_closure_date", "final_closure_week", "closure_deliverable_type", "closure_deliverable", "risk_content", "last_update_time", "last_update_week", "remark", "filled_by"] 
2026-04-20T19:18:54.417+08:00  INFO 151 --- [ngestion-task-2] c.y.d.i.service.etl.AddaxJobService      : Injected CREATE TABLE preSql for file source table: ods_risk_measure_v2 
2026-04-20T19:18:54.417+08:00  INFO 151 --- [ngestion-task-2] c.y.d.i.service.etl.AddaxJobService      : Injected extra columns postSql: [ALTER TABLE "ods_risk_measure_v2" ADD COLUMN IF NOT EXISTS "source_system" VARCHAR(500), ALTER TABLE "ods_risk_measure_v2" ADD COLUMN IF NOT EXISTS "import_time" TIMESTAMP, UPDATE "ods_risk_measure_v2" SET "source_system" = 'ods_risk_measure_v2.xlsx', "import_time" = timezone('Asia/Shanghai', now()) WHERE TRUE] 
2026-04-20T19:18:54.417+08:00  INFO 151 --- [ngestion-task-2] c.y.d.i.service.audit.AuditService       : audit action=INGESTION_TASK_JOB_REBUILD stage=SUCCESS subject=风险措施 meta={taskId=9, summary=重建 Addax 作业, operator=service:dts-platform, jobPath=/opt/airflow/dags/--f9486fe8.json} 
2026-04-20T19:18:54.418+08:00  INFO 151 --- [ngestion-task-2] c.y.d.i.service.etl.AirflowDagService    : [airflow] rebuilt dag file /opt/airflow/dags/task_task_task_manual.py 
2026-04-20T19:18:54.547+08:00  INFO 151 --- [  dag-preheat-9] c.y.d.i.service.etl.DagPreheatService    : [dag-preheat] dagId=task_task_task_manual already registered, preheat complete 
2026-04-20T19:18:54.549+08:00 DEBUG 151 --- [  XNIO-1 task-2] io.undertow.request.security             : Attempting to authenticate /api/ingestion/tasks/9/executions/latest, authentication required: false 
2026-04-20T19:18:54.549+08:00 DEBUG 151 --- [  XNIO-1 task-2] io.undertow.request.security             : Authentication outcome was NOT_ATTEMPTED with method io.undertow.security.impl.CachedAuthenticatedSessionMechanism@72916f2a for /api/ingestion/tasks/9/executions/latest 
2026-04-20T19:18:54.549+08:00 DEBUG 151 --- [  XNIO-1 task-2] io.undertow.request.security             : Authentication result was ATTEMPTED for /api/ingestion/tasks/9/executions/latest 
2026-04-20T19:18:54.549+08:00 DEBUG 151 --- [  XNIO-1 task-2] org.postgresql.jdbc.PgConnection         :   setAutoCommit = false 
2026-04-20T19:18:54.551+08:00 DEBUG 151 --- [  XNIO-1 task-2] org.postgresql.jdbc.PgConnection         :   setAutoCommit = true 
2026-04-20T19:18:54.713+08:00  INFO 151 --- [ngestion-task-2] c.y.d.i.service.IngestionTaskService     : Airflow trigger result for task 9: {enabled=true, dagId=task_task_task_manual, status=triggered, payload={conf={job_path=/opt/addax/jobs/--f9486fe8.json, priority=MEDIUM, project_key=default, reject_policy=REJECT, task_id=9, task_name=风险措施}, dag_id=task_task_task_manual, dag_run_id=manual__2026-04-20T11:18:54.703052+00:00, data_interval_end=2026-04-20T11:18:54.703052+00:00, data_interval_start=2026-04-20T11:18:54.703052+00:00, end_date=null, execution_date=2026-04-20T11:18:54.703052+00:00, external_trigger=true, last_scheduling_decision=null, logical_date=2026-04-20T11:18:54.703052+00:00, note=null, run_type=manual, start_date=null, state=queued}} 
2026-04-20T19:18:54.713+08:00  INFO 151 --- [ngestion-task-2] c.y.d.i.service.IngestionTaskService     : Started execution manual__2026-04-20T11:18:54.703052+00:00 for task ID: 9 
2026-04-20T19:18:54.713+08:00  INFO 151 --- [ngestion-task-2] c.y.d.i.service.audit.AuditService       : audit action=INGESTION_TASK_EXECUTE stage=SUCCESS subject=风险措施 meta={operator=service:dts-platform, executionId=9, taskId=9} 
2026-04-20T19:18:54.716+08:00 DEBUG 151 --- [ngestion-task-2] org.postgresql.jdbc.PgConnection         :   setAutoCommit = true 
2026-04-20T19:19:06.846+08:00 DEBUG 151 --- [   scheduling-1] org.postgresql.jdbc.PgConnection         :   setAutoCommit = false 
2026-04-20T19:19:07.014+08:00  INFO 151 --- [   scheduling-1] c.y.d.i.s.e.AirflowExecutionSyncService  : [airflow] synced execution 9 status=success 
2026-04-20T19:19:07.017+08:00 DEBUG 151 --- [   scheduling-1] org.postgresql.jdbc.PgConnection         :   setAutoCommit = true 
2026-04-20T19:19:09.571+08:00 DEBUG 151 --- [  XNIO-1 task-2] io.undertow.request.security             : Attempting to authenticate /api/ingestion/tasks/9/executions/latest, authentication required: false 
2026-04-20T19:19:09.571+08:00 DEBUG 151 --- [  XNIO-1 task-2] io.undertow.request.security             : Authentication outcome was NOT_ATTEMPTED with method io.undertow.security.impl.CachedAuthenticatedSessionMechanism@72916f2a for /api/ingestion/tasks/9/executions/latest 
2026-04-20T19:19:09.571+08:00 DEBUG 151 --- [  XNIO-1 task-2] io.undertow.request.security             : Authentication result was ATTEMPTED for /api/ingestion/tasks/9/executions/latest 
2026-04-20T19:19:09.572+08:00 DEBUG 151 --- [  XNIO-1 task-2] org.postgresql.jdbc.PgConnection         :   setAutoCommit = false 
2026-04-20T19:19:09.575+08:00 DEBUG 151 --- [  XNIO-1 task-2] org.postgresql.jdbc.PgConnection         :   setAutoCommit = true 
2026-04-20T19:19:13.791+08:00 DEBUG 151 --- [   XNIO-1 I/O-3] io.undertow.request                      : Timing out idle connection from /172.19.0.16:51758 
2026-04-20T19:19:15.694+08:00 DEBUG 151 --- [   scheduling-1] org.postgresql.jdbc.PgConnection         :   setAutoCommit = false 
2026-04-20T19:19:15.696+08:00 DEBUG 151 --- [   scheduling-1] org.postgresql.jdbc.PgConnection         :   setAutoCommit = true 
2026-04-20T19:19:22.018+08:00 DEBUG 151 --- [   scheduling-1] org.postgresql.jdbc.PgConnection         :   setAutoCommit = false 
2026-04-20T19:19:22.022+08:00 DEBUG 151 --- [   scheduling-1] org.postgresql.jdbc.PgConnection         :   setAutoCommit = true 
2026-04-20T19:19:33.457+08:00 DEBUG 151 --- [  XNIO-1 task-2] io.undertow.request.security             : Attempting to authenticate /api/ingestion/tasks/list, authentication required: false 
2026-04-20T19:19:33.457+08:00 DEBUG 151 --- [  XNIO-1 task-2] io.undertow.request.security             : Authentication outcome was NOT_ATTEMPTED with method io.undertow.security.impl.CachedAuthenticatedSessionMechanism@72916f2a for /api/ingestion/tasks/list 
2026-04-20T19:19:33.457+08:00 DEBUG 151 --- [  XNIO-1 task-2] io.undertow.request.security             : Authentication result was ATTEMPTED for /api/ingestion/tasks/list 
2026-04-20T19:19:33.461+08:00 DEBUG 151 --- [  XNIO-1 task-2] org.postgresql.jdbc.PgConnection         :   setReadOnly = true 
2026-04-20T19:19:33.461+08:00 DEBUG 151 --- [  XNIO-1 task-2] org.postgresql.jdbc.PgConnection         :   setAutoCommit = false 
2026-04-20T19:19:33.467+08:00 DEBUG 151 --- [  XNIO-1 task-2] org.postgresql.jdbc.PgConnection         :   setAutoCommit = true 
2026-04-20T19:19:33.467+08:00 DEBUG 151 --- [  XNIO-1 task-2] org.postgresql.jdbc.PgConnection         :   setReadOnly = false 
2026-04-20T19:19:33.474+08:00 DEBUG 151 --- [  XNIO-1 task-2] io.undertow.request.security             : Attempting to authenticate /api/ingestion/tasks/1/executions, authentication required: false 
2026-04-20T19:19:33.474+08:00 DEBUG 151 --- [  XNIO-1 task-2] io.undertow.request.security             : Authentication outcome was NOT_ATTEMPTED with method io.undertow.security.impl.CachedAuthenticatedSessionMechanism@72916f2a for /api/ingestion/tasks/1/executions 
2026-04-20T19:19:33.474+08:00 DEBUG 151 --- [  XNIO-1 task-2] io.undertow.request.security             : Authentication result was ATTEMPTED for /api/ingestion/tasks/1/executions 
2026-04-20T19:19:33.477+08:00 DEBUG 151 --- [  XNIO-1 task-2] org.postgresql.jdbc.PgConnection         :   setAutoCommit = false 
2026-04-20T19:19:33.482+08:00 DEBUG 151 --- [  XNIO-1 task-2] org.postgresql.jdbc.PgConnection         :   setAutoCommit = true 
2026-04-20T19:19:33.497+08:00 DEBUG 151 --- [  XNIO-1 task-2] io.undertow.request.security             : Attempting to authenticate /api/ingestion/tasks/2/executions, authentication required: false 
2026-04-20T19:19:33.497+08:00 DEBUG 151 --- [  XNIO-1 task-2] io.undertow.request.security             : Authentication outcome was NOT_ATTEMPTED with method io.undertow.security.impl.CachedAuthenticatedSessionMechanism@72916f2a for /api/ingestion/tasks/2/executions 
2026-04-20T19:19:33.497+08:00 DEBUG 151 --- [  XNIO-1 task-2] io.undertow.request.security             : Authentication result was ATTEMPTED for /api/ingestion/tasks/2/executions 
2026-04-20T19:19:33.500+08:00 DEBUG 151 --- [  XNIO-1 task-2] org.postgresql.jdbc.PgConnection         :   setAutoCommit = false 
2026-04-20T19:19:33.506+08:00 DEBUG 151 --- [  XNIO-1 task-2] org.postgresql.jdbc.PgConnection         :   setAutoCommit = true 
2026-04-20T19:19:33.520+08:00 DEBUG 151 --- [  XNIO-1 task-2] io.undertow.request.security             : Attempting to authenticate /api/ingestion/tasks/3/executions, authentication required: false 
2026-04-20T19:19:33.520+08:00 DEBUG 151 --- [  XNIO-1 task-2] io.undertow.request.security             : Authentication outcome was NOT_ATTEMPTED with method io.undertow.security.impl.CachedAuthenticatedSessionMechanism@72916f2a for /api/ingestion/tasks/3/executions 
2026-04-20T19:19:33.520+08:00 DEBUG 151 --- [  XNIO-1 task-2] io.undertow.request.security             : Authentication result was ATTEMPTED for /api/ingestion/tasks/3/executions 
2026-04-20T19:19:33.523+08:00 DEBUG 151 --- [  XNIO-1 task-2] org.postgresql.jdbc.PgConnection         :   setAutoCommit = false 
2026-04-20T19:19:33.528+08:00 DEBUG 151 --- [  XNIO-1 task-2] org.postgresql.jdbc.PgConnection         :   setAutoCommit = true 
2026-04-20T19:19:33.543+08:00 DEBUG 151 --- [  XNIO-1 task-2] io.undertow.request.security             : Attempting to authenticate /api/ingestion/tasks/4/executions, authentication required: false 
2026-04-20T19:19:33.543+08:00 DEBUG 151 --- [  XNIO-1 task-2] io.undertow.request.security             : Authentication outcome was NOT_ATTEMPTED with method io.undertow.security.impl.CachedAuthenticatedSessionMechanism@72916f2a for /api/ingestion/tasks/4/executions 
2026-04-20T19:19:33.543+08:00 DEBUG 151 --- [  XNIO-1 task-2] io.undertow.request.security             : Authentication result was ATTEMPTED for /api/ingestion/tasks/4/executions 
2026-04-20T19:19:33.546+08:00 DEBUG 151 --- [  XNIO-1 task-2] org.postgresql.jdbc.PgConnection         :   setAutoCommit = false 
2026-04-20T19:19:33.551+08:00 DEBUG 151 --- [  XNIO-1 task-2] org.postgresql.jdbc.PgConnection         :   setAutoCommit = true 
2026-04-20T19:19:33.566+08:00 DEBUG 151 --- [  XNIO-1 task-2] io.undertow.request.security             : Attempting to authenticate /api/ingestion/tasks/7/executions, authentication required: false 
2026-04-20T19:19:33.566+08:00 DEBUG 151 --- [  XNIO-1 task-2] io.undertow.request.security             : Authentication outcome was NOT_ATTEMPTED with method io.undertow.security.impl.CachedAuthenticatedSessionMechanism@72916f2a for /api/ingestion/tasks/7/executions 
2026-04-20T19:19:33.566+08:00 DEBUG 151 --- [  XNIO-1 task-2] io.undertow.request.security             : Authentication result was ATTEMPTED for /api/ingestion/tasks/7/executions 
2026-04-20T19:19:33.569+08:00 DEBUG 151 --- [  XNIO-1 task-2] org.postgresql.jdbc.PgConnection         :   setAutoCommit = false 
2026-04-20T19:19:33.575+08:00 DEBUG 151 --- [  XNIO-1 task-2] org.postgresql.jdbc.PgConnection         :   setAutoCommit = true 
2026-04-20T19:19:33.589+08:00 DEBUG 151 --- [  XNIO-1 task-2] io.undertow.request.security             : Attempting to authenticate /api/ingestion/tasks/6/executions, authentication required: false 
2026-04-20T19:19:33.589+08:00 DEBUG 151 --- [  XNIO-1 task-2] io.undertow.request.security             : Authentication outcome was NOT_ATTEMPTED with method io.undertow.security.impl.CachedAuthenticatedSessionMechanism@72916f2a for /api/ingestion/tasks/6/executions 
2026-04-20T19:19:33.589+08:00 DEBUG 151 --- [  XNIO-1 task-2] io.undertow.request.security             : Authentication result was ATTEMPTED for /api/ingestion/tasks/6/executions 
2026-04-20T19:19:33.592+08:00 DEBUG 151 --- [  XNIO-1 task-2] org.postgresql.jdbc.PgConnection         :   setAutoCommit = false 
2026-04-20T19:19:33.593+08:00 DEBUG 151 --- [  XNIO-1 task-2] org.postgresql.jdbc.PgConnection         :   setAutoCommit = true 
2026-04-20T19:19:33.597+08:00 DEBUG 151 --- [  XNIO-1 task-2] io.undertow.request.security             : Attempting to authenticate /api/ingestion/tasks/8/executions, authentication required: false 
2026-04-20T19:19:33.597+08:00 DEBUG 151 --- [  XNIO-1 task-2] io.undertow.request.security             : Authentication outcome was NOT_ATTEMPTED with method io.undertow.security.impl.CachedAuthenticatedSessionMechanism@72916f2a for /api/ingestion/tasks/8/executions 
2026-04-20T19:19:33.597+08:00 DEBUG 151 --- [  XNIO-1 task-2] io.undertow.request.security             : Authentication result was ATTEMPTED for /api/ingestion/tasks/8/executions 
2026-04-20T19:19:33.598+08:00 DEBUG 151 --- [  XNIO-1 task-2] org.postgresql.jdbc.PgConnection         :   setAutoCommit = false 
2026-04-20T19:19:33.599+08:00 DEBUG 151 --- [  XNIO-1 task-2] org.postgresql.jdbc.PgConnection         :   setAutoCommit = true 
2026-04-20T19:19:33.603+08:00 DEBUG 151 --- [  XNIO-1 task-2] io.undertow.request.security             : Attempting to authenticate /api/ingestion/tasks/9/executions, authentication required: false 
2026-04-20T19:19:33.603+08:00 DEBUG 151 --- [  XNIO-1 task-2] io.undertow.request.security             : Authentication outcome was NOT_ATTEMPTED with method io.undertow.security.impl.CachedAuthenticatedSessionMechanism@72916f2a for /api/ingestion/tasks/9/executions 
2026-04-20T19:19:33.603+08:00 DEBUG 151 --- [  XNIO-1 task-2] io.undertow.request.security             : Authentication result was ATTEMPTED for /api/ingestion/tasks/9/executions 
2026-04-20T19:19:33.604+08:00 DEBUG 151 --- [  XNIO-1 task-2] org.postgresql.jdbc.PgConnection         :   setAutoCommit = false 
2026-04-20T19:19:33.606+08:00 DEBUG 151 --- [  XNIO-1 task-2] org.postgresql.jdbc.PgConnection         :   setAutoCommit = true 
2026-04-20T19:19:37.023+08:00 DEBUG 151 --- [   scheduling-1] org.postgresql.jdbc.PgConnection         :   setAutoCommit = false 
2026-04-20T19:19:37.027+08:00 DEBUG 151 --- [   scheduling-1] org.postgresql.jdbc.PgConnection         :   setAutoCommit = true 
2026-04-20T19:19:45.697+08:00 DEBUG 151 --- [   scheduling-1] org.postgresql.jdbc.PgConnection         :   setAutoCommit = false 
2026-04-20T19:19:45.699+08:00 DEBUG 151 --- [   scheduling-1] org.postgresql.jdbc.PgConnection         :   setAutoCommit = true 
2026-04-20T19:19:52.028+08:00 DEBUG 151 --- [   scheduling-1] org.postgresql.jdbc.PgConnection         :   setAutoCommit = false 
2026-04-20T19:19:52.031+08:00 DEBUG 151 --- [   scheduling-1] org.postgresql.jdbc.PgConnection         :   setAutoCommit = true 
2026-04-20T19:19:54.509+08:00 DEBUG 151 --- [   XNIO-1 I/O-7] io.undertow.request                      : Timing out idle connection from /172.19.0.16:36510 
2026-04-20T19:20:06.092+08:00 DEBUG 151 --- [  XNIO-1 task-2] io.undertow.request.security             : Attempting to authenticate /api/ingestion/tasks/list, authentication required: false 
2026-04-20T19:20:06.093+08:00 DEBUG 151 --- [  XNIO-1 task-2] io.undertow.request.security             : Authentication outcome was NOT_ATTEMPTED with method io.undertow.security.impl.CachedAuthenticatedSessionMechanism@72916f2a for /api/ingestion/tasks/list 
2026-04-20T19:20:06.093+08:00 DEBUG 151 --- [  XNIO-1 task-2] io.undertow.request.security             : Authentication result was ATTEMPTED for /api/ingestion/tasks/list 
2026-04-20T19:20:06.093+08:00 DEBUG 151 --- [  XNIO-1 task-2] org.postgresql.jdbc.PgConnection         :   setReadOnly = true 
2026-04-20T19:20:06.094+08:00 DEBUG 151 --- [  XNIO-1 task-2] org.postgresql.jdbc.PgConnection         :   setAutoCommit = false 
2026-04-20T19:20:06.095+08:00 DEBUG 151 --- [  XNIO-1 task-2] org.postgresql.jdbc.PgConnection         :   setAutoCommit = true 
2026-04-20T19:20:06.095+08:00 DEBUG 151 --- [  XNIO-1 task-2] org.postgresql.jdbc.PgConnection         :   setReadOnly = false 
2026-04-20T19:20:07.032+08:00 DEBUG 151 --- [   scheduling-1] org.postgresql.jdbc.PgConnection         :   setAutoCommit = false 
2026-04-20T19:20:07.035+08:00 DEBUG 151 --- [   scheduling-1] org.postgresql.jdbc.PgConnection         :   setAutoCommit = true 
2026-04-20T19:20:15.700+08:00 DEBUG 151 --- [   scheduling-1] org.postgresql.jdbc.PgConnection         :   setAutoCommit = false 
2026-04-20T19:20:15.702+08:00 DEBUG 151 --- [   scheduling-1] org.postgresql.jdbc.PgConnection         :   setAutoCommit = true 
2026-04-20T19:20:22.036+08:00 DEBUG 151 --- [   scheduling-1] org.postgresql.jdbc.PgConnection         :   setAutoCommit = false 
2026-04-20T19:20:22.037+08:00 DEBUG 151 --- [   scheduling-1] org.postgresql.jdbc.PgConnection         :   setAutoCommit = true 
2026-04-20T19:20:34.423+08:00 DEBUG 151 --- [  XNIO-1 task-2] io.undertow.request.security             : Attempting to authenticate /api/ingestion/tasks/list, authentication required: false 
2026-04-20T19:20:34.424+08:00 DEBUG 151 --- [  XNIO-1 task-2] io.undertow.request.security             : Authentication outcome was NOT_ATTEMPTED with method io.undertow.security.impl.CachedAuthenticatedSessionMechanism@72916f2a for /api/ingestion/tasks/list 
2026-04-20T19:20:34.424+08:00 DEBUG 151 --- [  XNIO-1 task-2] io.undertow.request.security             : Authentication result was ATTEMPTED for /api/ingestion/tasks/list 
2026-04-20T19:20:34.427+08:00 DEBUG 151 --- [  XNIO-1 task-2] org.postgresql.jdbc.PgConnection         :   setReadOnly = true 
2026-04-20T19:20:34.427+08:00 DEBUG 151 --- [  XNIO-1 task-2] org.postgresql.jdbc.PgConnection         :   setAutoCommit = false 
2026-04-20T19:20:34.434+08:00 DEBUG 151 --- [  XNIO-1 task-2] org.postgresql.jdbc.PgConnection         :   setAutoCommit = true 
2026-04-20T19:20:34.434+08:00 DEBUG 151 --- [  XNIO-1 task-2] org.postgresql.jdbc.PgConnection         :   setReadOnly = false 
2026-04-20T19:20:34.441+08:00 DEBUG 151 --- [  XNIO-1 task-2] io.undertow.request.security             : Attempting to authenticate /api/ingestion/tasks/1/executions, authentication required: false 
2026-04-20T19:20:34.441+08:00 DEBUG 151 --- [  XNIO-1 task-2] io.undertow.request.security             : Authentication outcome was NOT_ATTEMPTED with method io.undertow.security.impl.CachedAuthenticatedSessionMechanism@72916f2a for /api/ingestion/tasks/1/executions 
2026-04-20T19:20:34.441+08:00 DEBUG 151 --- [  XNIO-1 task-2] io.undertow.request.security             : Authentication result was ATTEMPTED for /api/ingestion/tasks/1/executions 
2026-04-20T19:20:34.444+08:00 DEBUG 151 --- [  XNIO-1 task-2] org.postgresql.jdbc.PgConnection         :   setAutoCommit = false 
2026-04-20T19:20:34.449+08:00 DEBUG 151 --- [  XNIO-1 task-2] org.postgresql.jdbc.PgConnection         :   setAutoCommit = true 
2026-04-20T19:20:34.464+08:00 DEBUG 151 --- [  XNIO-1 task-2] io.undertow.request.security             : Attempting to authenticate /api/ingestion/tasks/2/executions, authentication required: false 
2026-04-20T19:20:34.464+08:00 DEBUG 151 --- [  XNIO-1 task-2] io.undertow.request.security             : Authentication outcome was NOT_ATTEMPTED with method io.undertow.security.impl.CachedAuthenticatedSessionMechanism@72916f2a for /api/ingestion/tasks/2/executions 
2026-04-20T19:20:34.464+08:00 DEBUG 151 --- [  XNIO-1 task-2] io.undertow.request.security             : Authentication result was ATTEMPTED for /api/ingestion/tasks/2/executions 
2026-04-20T19:20:34.467+08:00 DEBUG 151 --- [  XNIO-1 task-2] org.postgresql.jdbc.PgConnection         :   setAutoCommit = false 
2026-04-20T19:20:34.472+08:00 DEBUG 151 --- [  XNIO-1 task-2] org.postgresql.jdbc.PgConnection         :   setAutoCommit = true 
2026-04-20T19:20:34.486+08:00 DEBUG 151 --- [  XNIO-1 task-2] io.undertow.request.security             : Attempting to authenticate /api/ingestion/tasks/3/executions, authentication required: false 
2026-04-20T19:20:34.487+08:00 DEBUG 151 --- [  XNIO-1 task-2] io.undertow.request.security             : Authentication outcome was NOT_ATTEMPTED with method io.undertow.security.impl.CachedAuthenticatedSessionMechanism@72916f2a for /api/ingestion/tasks/3/executions 
2026-04-20T19:20:34.487+08:00 DEBUG 151 --- [  XNIO-1 task-2] io.undertow.request.security             : Authentication result was ATTEMPTED for /api/ingestion/tasks/3/executions 
2026-04-20T19:20:34.490+08:00 DEBUG 151 --- [  XNIO-1 task-2] org.postgresql.jdbc.PgConnection         :   setAutoCommit = false 
2026-04-20T19:20:34.494+08:00 DEBUG 151 --- [  XNIO-1 task-2] org.postgresql.jdbc.PgConnection         :   setAutoCommit = true 
2026-04-20T19:20:34.509+08:00 DEBUG 151 --- [  XNIO-1 task-2] io.undertow.request.security             : Attempting to authenticate /api/ingestion/tasks/4/executions, authentication required: false 
2026-04-20T19:20:34.509+08:00 DEBUG 151 --- [  XNIO-1 task-2] io.undertow.request.security             : Authentication outcome was NOT_ATTEMPTED with method io.undertow.security.impl.CachedAuthenticatedSessionMechanism@72916f2a for /api/ingestion/tasks/4/executions 
2026-04-20T19:20:34.509+08:00 DEBUG 151 --- [  XNIO-1 task-2] io.undertow.request.security             : Authentication result was ATTEMPTED for /api/ingestion/tasks/4/executions 
2026-04-20T19:20:34.512+08:00 DEBUG 151 --- [  XNIO-1 task-2] org.postgresql.jdbc.PgConnection         :   setAutoCommit = false 
2026-04-20T19:20:34.517+08:00 DEBUG 151 --- [  XNIO-1 task-2] org.postgresql.jdbc.PgConnection         :   setAutoCommit = true 
2026-04-20T19:20:34.531+08:00 DEBUG 151 --- [  XNIO-1 task-2] io.undertow.request.security             : Attempting to authenticate /api/ingestion/tasks/7/executions, authentication required: false 
2026-04-20T19:20:34.531+08:00 DEBUG 151 --- [  XNIO-1 task-2] io.undertow.request.security             : Authentication outcome was NOT_ATTEMPTED with method io.undertow.security.impl.CachedAuthenticatedSessionMechanism@72916f2a for /api/ingestion/tasks/7/executions 
2026-04-20T19:20:34.531+08:00 DEBUG 151 --- [  XNIO-1 task-2] io.undertow.request.security             : Authentication result was ATTEMPTED for /api/ingestion/tasks/7/executions 
2026-04-20T19:20:34.534+08:00 DEBUG 151 --- [  XNIO-1 task-2] org.postgresql.jdbc.PgConnection         :   setAutoCommit = false 
2026-04-20T19:20:34.539+08:00 DEBUG 151 --- [  XNIO-1 task-2] org.postgresql.jdbc.PgConnection         :   setAutoCommit = true 
2026-04-20T19:20:34.554+08:00 DEBUG 151 --- [  XNIO-1 task-2] io.undertow.request.security             : Attempting to authenticate /api/ingestion/tasks/6/executions, authentication required: false 
2026-04-20T19:20:34.554+08:00 DEBUG 151 --- [  XNIO-1 task-2] io.undertow.request.security             : Authentication outcome was NOT_ATTEMPTED with method io.undertow.security.impl.CachedAuthenticatedSessionMechanism@72916f2a for /api/ingestion/tasks/6/executions 
2026-04-20T19:20:34.554+08:00 DEBUG 151 --- [  XNIO-1 task-2] io.undertow.request.security             : Authentication result was ATTEMPTED for /api/ingestion/tasks/6/executions 
2026-04-20T19:20:34.557+08:00 DEBUG 151 --- [  XNIO-1 task-2] org.postgresql.jdbc.PgConnection         :   setAutoCommit = false 
2026-04-20T19:20:34.562+08:00 DEBUG 151 --- [  XNIO-1 task-2] org.postgresql.jdbc.PgConnection         :   setAutoCommit = true 
2026-04-20T19:20:34.576+08:00 DEBUG 151 --- [  XNIO-1 task-2] io.undertow.request.security             : Attempting to authenticate /api/ingestion/tasks/8/executions, authentication required: false 
2026-04-20T19:20:34.577+08:00 DEBUG 151 --- [  XNIO-1 task-2] io.undertow.request.security             : Authentication outcome was NOT_ATTEMPTED with method io.undertow.security.impl.CachedAuthenticatedSessionMechanism@72916f2a for /api/ingestion/tasks/8/executions 
2026-04-20T19:20:34.577+08:00 DEBUG 151 --- [  XNIO-1 task-2] io.undertow.request.security             : Authentication result was ATTEMPTED for /api/ingestion/tasks/8/executions 
2026-04-20T19:20:34.579+08:00 DEBUG 151 --- [  XNIO-1 task-2] org.postgresql.jdbc.PgConnection         :   setAutoCommit = false 
2026-04-20T19:20:34.584+08:00 DEBUG 151 --- [  XNIO-1 task-2] org.postgresql.jdbc.PgConnection         :   setAutoCommit = true 
2026-04-20T19:20:34.599+08:00 DEBUG 151 --- [  XNIO-1 task-2] io.undertow.request.security             : Attempting to authenticate /api/ingestion/tasks/9/executions, authentication required: false 
2026-04-20T19:20:34.599+08:00 DEBUG 151 --- [  XNIO-1 task-2] io.undertow.request.security             : Authentication outcome was NOT_ATTEMPTED with method io.undertow.security.impl.CachedAuthenticatedSessionMechanism@72916f2a for /api/ingestion/tasks/9/executions 
2026-04-20T19:20:34.599+08:00 DEBUG 151 --- [  XNIO-1 task-2] io.undertow.request.security             : Authentication result was ATTEMPTED for /api/ingestion/tasks/9/executions 
2026-04-20T19:20:34.602+08:00 DEBUG 151 --- [  XNIO-1 task-2] org.postgresql.jdbc.PgConnection         :   setAutoCommit = false 
2026-04-20T19:20:34.607+08:00 DEBUG 151 --- [  XNIO-1 task-2] org.postgresql.jdbc.PgConnection         :   setAutoCommit = true 
2026-04-20T19:20:37.038+08:00 DEBUG 151 --- [   scheduling-1] org.postgresql.jdbc.PgConnection         :   setAutoCommit = false 
2026-04-20T19:20:37.039+08:00 DEBUG 151 --- [   scheduling-1] org.postgresql.jdbc.PgConnection         :   setAutoCommit = true 
2026-04-20T19:20:45.703+08:00 DEBUG 151 --- [   scheduling-1] org.postgresql.jdbc.PgConnection         :   setAutoCommit = false 
2026-04-20T19:20:45.704+08:00 DEBUG 151 --- [   scheduling-1] org.postgresql.jdbc.PgConnection         :   setAutoCommit = true 
2026-04-20T19:20:52.040+08:00 DEBUG 151 --- [   scheduling-1] org.postgresql.jdbc.PgConnection         :   setAutoCommit = false 
2026-04-20T19:20:52.043+08:00 DEBUG 151 --- [   scheduling-1] org.postgresql.jdbc.PgConnection         :   setAutoCommit = true 
2026-04-20T19:21:07.044+08:00 DEBUG 151 --- [   scheduling-1] org.postgresql.jdbc.PgConnection         :   setAutoCommit = false 
2026-04-20T19:21:07.045+08:00 DEBUG 151 --- [   scheduling-1] org.postgresql.jdbc.PgConnection         :   setAutoCommit = true 
2026-04-20T19:21:15.704+08:00 DEBUG 151 --- [   scheduling-1] org.postgresql.jdbc.PgConnection         :   setAutoCommit = false 
2026-04-20T19:21:15.705+08:00 DEBUG 151 --- [   scheduling-1] org.postgresql.jdbc.PgConnection         :   setAutoCommit = true 
2026-04-20T19:21:22.045+08:00 DEBUG 151 --- [   scheduling-1] org.postgresql.jdbc.PgConnection         :   setAutoCommit = false 
2026-04-20T19:21:22.046+08:00 DEBUG 151 --- [   scheduling-1] org.postgresql.jdbc.PgConnection         :   setAutoCommit = true 
2026-04-20T19:21:34.720+08:00 DEBUG 151 --- [   XNIO-1 I/O-3] io.undertow.request                      : Timing out idle connection from /172.19.0.16:34686 
2026-04-20T19:21:35.444+08:00 DEBUG 151 --- [  XNIO-1 task-2] io.undertow.request.security             : Attempting to authenticate /api/ingestion/tasks/list, authentication required: false 
2026-04-20T19:21:35.444+08:00 DEBUG 151 --- [  XNIO-1 task-2] io.undertow.request.security             : Authentication outcome was NOT_ATTEMPTED with method io.undertow.security.impl.CachedAuthenticatedSessionMechanism@72916f2a for /api/ingestion/tasks/list 
2026-04-20T19:21:35.444+08:00 DEBUG 151 --- [  XNIO-1 task-2] io.undertow.request.security             : Authentication result was ATTEMPTED for /api/ingestion/tasks/list 
2026-04-20T19:21:35.446+08:00 DEBUG 151 --- [  XNIO-1 task-2] org.postgresql.jdbc.PgConnection         :   setReadOnly = true 
2026-04-20T19:21:35.446+08:00 DEBUG 151 --- [  XNIO-1 task-2] org.postgresql.jdbc.PgConnection         :   setAutoCommit = false 
2026-04-20T19:21:35.448+08:00 DEBUG 151 --- [  XNIO-1 task-2] org.postgresql.jdbc.PgConnection         :   setAutoCommit = true 
2026-04-20T19:21:35.448+08:00 DEBUG 151 --- [  XNIO-1 task-2] org.postgresql.jdbc.PgConnection         :   setReadOnly = false 
2026-04-20T19:21:35.451+08:00 DEBUG 151 --- [  XNIO-1 task-2] io.undertow.request.security             : Attempting to authenticate /api/ingestion/tasks/1/executions, authentication required: false 
2026-04-20T19:21:35.451+08:00 DEBUG 151 --- [  XNIO-1 task-2] io.undertow.request.security             : Authentication outcome was NOT_ATTEMPTED with method io.undertow.security.impl.CachedAuthenticatedSessionMechanism@72916f2a for /api/ingestion/tasks/1/executions 
2026-04-20T19:21:35.451+08:00 DEBUG 151 --- [  XNIO-1 task-2] io.undertow.request.security             : Authentication result was ATTEMPTED for /api/ingestion/tasks/1/executions 
2026-04-20T19:21:35.453+08:00 DEBUG 151 --- [  XNIO-1 task-2] org.postgresql.jdbc.PgConnection         :   setAutoCommit = false 
2026-04-20T19:21:35.455+08:00 DEBUG 151 --- [  XNIO-1 task-2] org.postgresql.jdbc.PgConnection         :   setAutoCommit = true 
2026-04-20T19:21:35.461+08:00 DEBUG 151 --- [  XNIO-1 task-2] io.undertow.request.security             : Attempting to authenticate /api/ingestion/tasks/2/executions, authentication required: false 
2026-04-20T19:21:35.461+08:00 DEBUG 151 --- [  XNIO-1 task-2] io.undertow.request.security             : Authentication outcome was NOT_ATTEMPTED with method io.undertow.security.impl.CachedAuthenticatedSessionMechanism@72916f2a for /api/ingestion/tasks/2/executions 
2026-04-20T19:21:35.461+08:00 DEBUG 151 --- [  XNIO-1 task-2] io.undertow.request.security             : Authentication result was ATTEMPTED for /api/ingestion/tasks/2/executions 
2026-04-20T19:21:35.462+08:00 DEBUG 151 --- [  XNIO-1 task-2] org.postgresql.jdbc.PgConnection         :   setAutoCommit = false 
2026-04-20T19:21:35.463+08:00 DEBUG 151 --- [  XNIO-1 task-2] org.postgresql.jdbc.PgConnection         :   setAutoCommit = true 
2026-04-20T19:21:35.466+08:00 DEBUG 151 --- [  XNIO-1 task-2] io.undertow.request.security             : Attempting to authenticate /api/ingestion/tasks/3/executions, authentication required: false 
2026-04-20T19:21:35.466+08:00 DEBUG 151 --- [  XNIO-1 task-2] io.undertow.request.security             : Authentication outcome was NOT_ATTEMPTED with method io.undertow.security.impl.CachedAuthenticatedSessionMechanism@72916f2a for /api/ingestion/tasks/3/executions 
2026-04-20T19:21:35.466+08:00 DEBUG 151 --- [  XNIO-1 task-2] io.undertow.request.security             : Authentication result was ATTEMPTED for /api/ingestion/tasks/3/executions 
2026-04-20T19:21:35.467+08:00 DEBUG 151 --- [  XNIO-1 task-2] org.postgresql.jdbc.PgConnection         :   setAutoCommit = false 
2026-04-20T19:21:35.468+08:00 DEBUG 151 --- [  XNIO-1 task-2] org.postgresql.jdbc.PgConnection         :   setAutoCommit = true 
2026-04-20T19:21:35.472+08:00 DEBUG 151 --- [  XNIO-1 task-2] io.undertow.request.security             : Attempting to authenticate /api/ingestion/tasks/4/executions, authentication required: false 
2026-04-20T19:21:35.472+08:00 DEBUG 151 --- [  XNIO-1 task-2] io.undertow.request.security             : Authentication outcome was NOT_ATTEMPTED with method io.undertow.security.impl.CachedAuthenticatedSessionMechanism@72916f2a for /api/ingestion/tasks/4/executions 
2026-04-20T19:21:35.472+08:00 DEBUG 151 --- [  XNIO-1 task-2] io.undertow.request.security             : Authentication result was ATTEMPTED for /api/ingestion/tasks/4/executions 
2026-04-20T19:21:35.472+08:00 DEBUG 151 --- [  XNIO-1 task-2] org.postgresql.jdbc.PgConnection         :   setAutoCommit = false 
2026-04-20T19:21:35.474+08:00 DEBUG 151 --- [  XNIO-1 task-2] org.postgresql.jdbc.PgConnection         :   setAutoCommit = true 
2026-04-20T19:21:35.477+08:00 DEBUG 151 --- [  XNIO-1 task-2] io.undertow.request.security             : Attempting to authenticate /api/ingestion/tasks/7/executions, authentication required: false 
2026-04-20T19:21:35.477+08:00 DEBUG 151 --- [  XNIO-1 task-2] io.undertow.request.security             : Authentication outcome was NOT_ATTEMPTED with method io.undertow.security.impl.CachedAuthenticatedSessionMechanism@72916f2a for /api/ingestion/tasks/7/executions 
2026-04-20T19:21:35.477+08:00 DEBUG 151 --- [  XNIO-1 task-2] io.undertow.request.security             : Authentication result was ATTEMPTED for /api/ingestion/tasks/7/executions 
2026-04-20T19:21:35.478+08:00 DEBUG 151 --- [  XNIO-1 task-2] org.postgresql.jdbc.PgConnection         :   setAutoCommit = false 
2026-04-20T19:21:35.479+08:00 DEBUG 151 --- [  XNIO-1 task-2] org.postgresql.jdbc.PgConnection         :   setAutoCommit = true 
2026-04-20T19:21:35.482+08:00 DEBUG 151 --- [  XNIO-1 task-2] io.undertow.request.security             : Attempting to authenticate /api/ingestion/tasks/6/executions, authentication required: false 
2026-04-20T19:21:35.482+08:00 DEBUG 151 --- [  XNIO-1 task-2] io.undertow.request.security             : Authentication outcome was NOT_ATTEMPTED with method io.undertow.security.impl.CachedAuthenticatedSessionMechanism@72916f2a for /api/ingestion/tasks/6/executions 
2026-04-20T19:21:35.482+08:00 DEBUG 151 --- [  XNIO-1 task-2] io.undertow.request.security             : Authentication result was ATTEMPTED for /api/ingestion/tasks/6/executions 
2026-04-20T19:21:35.483+08:00 DEBUG 151 --- [  XNIO-1 task-2] org.postgresql.jdbc.PgConnection         :   setAutoCommit = false 
2026-04-20T19:21:35.484+08:00 DEBUG 151 --- [  XNIO-1 task-2] org.postgresql.jdbc.PgConnection         :   setAutoCommit = true 
2026-04-20T19:21:35.487+08:00 DEBUG 151 --- [  XNIO-1 task-2] io.undertow.request.security             : Attempting to authenticate /api/ingestion/tasks/8/executions, authentication required: false 
2026-04-20T19:21:35.487+08:00 DEBUG 151 --- [  XNIO-1 task-2] io.undertow.request.security             : Authentication outcome was NOT_ATTEMPTED with method io.undertow.security.impl.CachedAuthenticatedSessionMechanism@72916f2a for /api/ingestion/tasks/8/executions 
2026-04-20T19:21:35.487+08:00 DEBUG 151 --- [  XNIO-1 task-2] io.undertow.request.security             : Authentication result was ATTEMPTED for /api/ingestion/tasks/8/executions 
2026-04-20T19:21:35.488+08:00 DEBUG 151 --- [  XNIO-1 task-2] org.postgresql.jdbc.PgConnection         :   setAutoCommit = false 
2026-04-20T19:21:35.489+08:00 DEBUG 151 --- [  XNIO-1 task-2] org.postgresql.jdbc.PgConnection         :   setAutoCommit = true 
2026-04-20T19:21:35.493+08:00 DEBUG 151 --- [  XNIO-1 task-2] io.undertow.request.security             : Attempting to authenticate /api/ingestion/tasks/9/executions, authentication required: false 
2026-04-20T19:21:35.493+08:00 DEBUG 151 --- [  XNIO-1 task-2] io.undertow.request.security             : Authentication outcome was NOT_ATTEMPTED with method io.undertow.security.impl.CachedAuthenticatedSessionMechanism@72916f2a for /api/ingestion/tasks/9/executions 
2026-04-20T19:21:35.493+08:00 DEBUG 151 --- [  XNIO-1 task-2] io.undertow.request.security             : Authentication result was ATTEMPTED for /api/ingestion/tasks/9/executions 
2026-04-20T19:21:35.493+08:00 DEBUG 151 --- [  XNIO-1 task-2] org.postgresql.jdbc.PgConnection         :   setAutoCommit = false 
2026-04-20T19:21:35.495+08:00 DEBUG 151 --- [  XNIO-1 task-2] org.postgresql.jdbc.PgConnection         :   setAutoCommit = true 
2026-04-20T19:21:37.047+08:00 DEBUG 151 --- [   scheduling-1] org.postgresql.jdbc.PgConnection         :   setAutoCommit = false 
2026-04-20T19:21:37.050+08:00 DEBUG 151 --- [   scheduling-1] org.postgresql.jdbc.PgConnection         :   setAutoCommit = true 
2026-04-20T19:21:45.706+08:00 DEBUG 151 --- [   scheduling-1] org.postgresql.jdbc.PgConnection         :   setAutoCommit = false 
2026-04-20T19:21:45.706+08:00 DEBUG 151 --- [   scheduling-1] org.postgresql.jdbc.PgConnection         :   setAutoCommit = true 
2026-04-20T19:21:52.052+08:00 DEBUG 151 --- [   scheduling-1] org.postgresql.jdbc.PgConnection         :   setAutoCommit = false 
2026-04-20T19:21:52.055+08:00 DEBUG 151 --- [   scheduling-1] org.postgresql.jdbc.PgConnection         :   setAutoCommit = true 
2026-04-20T19:22:07.056+08:00 DEBUG 151 --- [   scheduling-1] org.postgresql.jdbc.PgConnection         :   setAutoCommit = false 
2026-04-20T19:22:07.059+08:00 DEBUG 151 --- [   scheduling-1] org.postgresql.jdbc.PgConnection         :   setAutoCommit = true 
2026-04-20T19:22:15.707+08:00 DEBUG 151 --- [   scheduling-1] org.postgresql.jdbc.PgConnection         :   setAutoCommit = false 
2026-04-20T19:22:15.707+08:00 DEBUG 151 --- [   scheduling-1] org.postgresql.jdbc.PgConnection         :   setAutoCommit = true 
2026-04-20T19:22:22.061+08:00 DEBUG 151 --- [   scheduling-1] org.postgresql.jdbc.PgConnection         :   setAutoCommit = false 
2026-04-20T19:22:22.064+08:00 DEBUG 151 --- [   scheduling-1] org.postgresql.jdbc.PgConnection         :   setAutoCommit = true 
2026-04-20T19:22:35.587+08:00 DEBUG 151 --- [  XNIO-1 I/O-13] io.undertow.request                      : Timing out idle connection from /172.19.0.16:44488 
2026-04-20T19:22:36.344+08:00 DEBUG 151 --- [  XNIO-1 task-2] io.undertow.request.security             : Attempting to authenticate /api/ingestion/tasks/list, authentication required: false 
2026-04-20T19:22:36.344+08:00 DEBUG 151 --- [  XNIO-1 task-2] io.undertow.request.security             : Authentication outcome was NOT_ATTEMPTED with method io.undertow.security.impl.CachedAuthenticatedSessionMechanism@72916f2a for /api/ingestion/tasks/list 
2026-04-20T19:22:36.344+08:00 DEBUG 151 --- [  XNIO-1 task-2] io.undertow.request.security             : Authentication result was ATTEMPTED for /api/ingestion/tasks/list 
2026-04-20T19:22:36.347+08:00 DEBUG 151 --- [  XNIO-1 task-2] org.postgresql.jdbc.PgConnection         :   setReadOnly = true 
2026-04-20T19:22:36.348+08:00 DEBUG 151 --- [  XNIO-1 task-2] org.postgresql.jdbc.PgConnection         :   setAutoCommit = false 
2026-04-20T19:22:36.354+08:00 DEBUG 151 --- [  XNIO-1 task-2] org.postgresql.jdbc.PgConnection         :   setAutoCommit = true 
2026-04-20T19:22:36.354+08:00 DEBUG 151 --- [  XNIO-1 task-2] org.postgresql.jdbc.PgConnection         :   setReadOnly = false 
2026-04-20T19:22:36.361+08:00 DEBUG 151 --- [  XNIO-1 task-2] io.undertow.request.security             : Attempting to authenticate /api/ingestion/tasks/1/executions, authentication required: false 
2026-04-20T19:22:36.361+08:00 DEBUG 151 --- [  XNIO-1 task-2] io.undertow.request.security             : Authentication outcome was NOT_ATTEMPTED with method io.undertow.security.impl.CachedAuthenticatedSessionMechanism@72916f2a for /api/ingestion/tasks/1/executions 
2026-04-20T19:22:36.361+08:00 DEBUG 151 --- [  XNIO-1 task-2] io.undertow.request.security             : Authentication result was ATTEMPTED for /api/ingestion/tasks/1/executions 
2026-04-20T19:22:36.364+08:00 DEBUG 151 --- [  XNIO-1 task-2] org.postgresql.jdbc.PgConnection         :   setAutoCommit = false 
2026-04-20T19:22:36.369+08:00 DEBUG 151 --- [  XNIO-1 task-2] org.postgresql.jdbc.PgConnection         :   setAutoCommit = true 
2026-04-20T19:22:36.384+08:00 DEBUG 151 --- [  XNIO-1 task-2] io.undertow.request.security             : Attempting to authenticate /api/ingestion/tasks/2/executions, authentication required: false 
2026-04-20T19:22:36.385+08:00 DEBUG 151 --- [  XNIO-1 task-2] io.undertow.request.security             : Authentication outcome was NOT_ATTEMPTED with method io.undertow.security.impl.CachedAuthenticatedSessionMechanism@72916f2a for /api/ingestion/tasks/2/executions 
2026-04-20T19:22:36.385+08:00 DEBUG 151 --- [  XNIO-1 task-2] io.undertow.request.security             : Authentication result was ATTEMPTED for /api/ingestion/tasks/2/executions 
2026-04-20T19:22:36.388+08:00 DEBUG 151 --- [  XNIO-1 task-2] org.postgresql.jdbc.PgConnection         :   setAutoCommit = false 
2026-04-20T19:22:36.393+08:00 DEBUG 151 --- [  XNIO-1 task-2] org.postgresql.jdbc.PgConnection         :   setAutoCommit = true 
2026-04-20T19:22:36.407+08:00 DEBUG 151 --- [  XNIO-1 task-2] io.undertow.request.security             : Attempting to authenticate /api/ingestion/tasks/3/executions, authentication required: false 
2026-04-20T19:22:36.407+08:00 DEBUG 151 --- [  XNIO-1 task-2] io.undertow.request.security             : Authentication outcome was NOT_ATTEMPTED with method io.undertow.security.impl.CachedAuthenticatedSessionMechanism@72916f2a for /api/ingestion/tasks/3/executions 
2026-04-20T19:22:36.407+08:00 DEBUG 151 --- [  XNIO-1 task-2] io.undertow.request.security             : Authentication result was ATTEMPTED for /api/ingestion/tasks/3/executions 
2026-04-20T19:22:36.410+08:00 DEBUG 151 --- [  XNIO-1 task-2] org.postgresql.jdbc.PgConnection         :   setAutoCommit = false 
2026-04-20T19:22:36.415+08:00 DEBUG 151 --- [  XNIO-1 task-2] org.postgresql.jdbc.PgConnection         :   setAutoCommit = true 
2026-04-20T19:22:36.429+08:00 DEBUG 151 --- [  XNIO-1 task-2] io.undertow.request.security             : Attempting to authenticate /api/ingestion/tasks/4/executions, authentication required: false 
2026-04-20T19:22:36.429+08:00 DEBUG 151 --- [  XNIO-1 task-2] io.undertow.request.security             : Authentication outcome was NOT_ATTEMPTED with method io.undertow.security.impl.CachedAuthenticatedSessionMechanism@72916f2a for /api/ingestion/tasks/4/executions 
2026-04-20T19:22:36.429+08:00 DEBUG 151 --- [  XNIO-1 task-2] io.undertow.request.security             : Authentication result was ATTEMPTED for /api/ingestion/tasks/4/executions 
2026-04-20T19:22:36.432+08:00 DEBUG 151 --- [  XNIO-1 task-2] org.postgresql.jdbc.PgConnection         :   setAutoCommit = false 
2026-04-20T19:22:36.437+08:00 DEBUG 151 --- [  XNIO-1 task-2] org.postgresql.jdbc.PgConnection         :   setAutoCommit = true 
2026-04-20T19:22:36.452+08:00 DEBUG 151 --- [  XNIO-1 task-2] io.undertow.request.security             : Attempting to authenticate /api/ingestion/tasks/7/executions, authentication required: false 
2026-04-20T19:22:36.452+08:00 DEBUG 151 --- [  XNIO-1 task-2] io.undertow.request.security             : Authentication outcome was NOT_ATTEMPTED with method io.undertow.security.impl.CachedAuthenticatedSessionMechanism@72916f2a for /api/ingestion/tasks/7/executions 
2026-04-20T19:22:36.452+08:00 DEBUG 151 --- [  XNIO-1 task-2] io.undertow.request.security             : Authentication result was ATTEMPTED for /api/ingestion/tasks/7/executions 
2026-04-20T19:22:36.454+08:00 DEBUG 151 --- [  XNIO-1 task-2] org.postgresql.jdbc.PgConnection         :   setAutoCommit = false 
2026-04-20T19:22:36.458+08:00 DEBUG 151 --- [  XNIO-1 task-2] org.postgresql.jdbc.PgConnection         :   setAutoCommit = true 
2026-04-20T19:22:36.468+08:00 DEBUG 151 --- [  XNIO-1 task-2] io.undertow.request.security             : Attempting to authenticate /api/ingestion/tasks/6/executions, authentication required: false 
2026-04-20T19:22:36.468+08:00 DEBUG 151 --- [  XNIO-1 task-2] io.undertow.request.security             : Authentication outcome was NOT_ATTEMPTED with method io.undertow.security.impl.CachedAuthenticatedSessionMechanism@72916f2a for /api/ingestion/tasks/6/executions 
2026-04-20T19:22:36.468+08:00 DEBUG 151 --- [  XNIO-1 task-2] io.undertow.request.security             : Authentication result was ATTEMPTED for /api/ingestion/tasks/6/executions 
2026-04-20T19:22:36.470+08:00 DEBUG 151 --- [  XNIO-1 task-2] org.postgresql.jdbc.PgConnection         :   setAutoCommit = false 
2026-04-20T19:22:36.473+08:00 DEBUG 151 --- [  XNIO-1 task-2] org.postgresql.jdbc.PgConnection         :   setAutoCommit = true 
2026-04-20T19:22:36.480+08:00 DEBUG 151 --- [  XNIO-1 task-2] io.undertow.request.security             : Attempting to authenticate /api/ingestion/tasks/8/executions, authentication required: false 
2026-04-20T19:22:36.481+08:00 DEBUG 151 --- [  XNIO-1 task-2] io.undertow.request.security             : Authentication outcome was NOT_ATTEMPTED with method io.undertow.security.impl.CachedAuthenticatedSessionMechanism@72916f2a for /api/ingestion/tasks/8/executions 
2026-04-20T19:22:36.481+08:00 DEBUG 151 --- [  XNIO-1 task-2] io.undertow.request.security             : Authentication result was ATTEMPTED for /api/ingestion/tasks/8/executions 
2026-04-20T19:22:36.482+08:00 DEBUG 151 --- [  XNIO-1 task-2] org.postgresql.jdbc.PgConnection         :   setAutoCommit = false 
2026-04-20T19:22:36.485+08:00 DEBUG 151 --- [  XNIO-1 task-2] org.postgresql.jdbc.PgConnection         :   setAutoCommit = true 
2026-04-20T19:22:36.488+08:00 DEBUG 151 --- [  XNIO-1 task-2] io.undertow.request.security             : Attempting to authenticate /api/ingestion/tasks/9/executions, authentication required: false 
2026-04-20T19:22:36.488+08:00 DEBUG 151 --- [  XNIO-1 task-2] io.undertow.request.security             : Authentication outcome was NOT_ATTEMPTED with method io.undertow.security.impl.CachedAuthenticatedSessionMechanism@72916f2a for /api/ingestion/tasks/9/executions 
2026-04-20T19:22:36.488+08:00 DEBUG 151 --- [  XNIO-1 task-2] io.undertow.request.security             : Authentication result was ATTEMPTED for /api/ingestion/tasks/9/executions 
2026-04-20T19:22:36.488+08:00 DEBUG 151 --- [  XNIO-1 task-2] org.postgresql.jdbc.PgConnection         :   setAutoCommit = false 
2026-04-20T19:22:36.490+08:00 DEBUG 151 --- [  XNIO-1 task-2] org.postgresql.jdbc.PgConnection         :   setAutoCommit = true 
2026-04-20T19:22:37.065+08:00 DEBUG 151 --- [   scheduling-1] org.postgresql.jdbc.PgConnection         :   setAutoCommit = false 
2026-04-20T19:22:37.066+08:00 DEBUG 151 --- [   scheduling-1] org.postgresql.jdbc.PgConnection         :   setAutoCommit = true 
2026-04-20T19:22:45.708+08:00 DEBUG 151 --- [   scheduling-1] org.postgresql.jdbc.PgConnection         :   setAutoCommit = false 
2026-04-20T19:22:45.710+08:00 DEBUG 151 --- [   scheduling-1] org.postgresql.jdbc.PgConnection         :   setAutoCommit = true 
2026-04-20T19:22:52.067+08:00 DEBUG 151 --- [   scheduling-1] org.postgresql.jdbc.PgConnection         :   setAutoCommit = false 
2026-04-20T19:22:52.070+08:00 DEBUG 151 --- [   scheduling-1] org.postgresql.jdbc.PgConnection         :   setAutoCommit = true 
2026-04-20T19:23:07.071+08:00 DEBUG 151 --- [   scheduling-1] org.postgresql.jdbc.PgConnection         :   setAutoCommit = false 
2026-04-20T19:23:07.074+08:00 DEBUG 151 --- [   scheduling-1] org.postgresql.jdbc.PgConnection         :   setAutoCommit = true 
2026-04-20T19:23:15.711+08:00 DEBUG 151 --- [   scheduling-1] org.postgresql.jdbc.PgConnection         :   setAutoCommit = false 
2026-04-20T19:23:15.713+08:00 DEBUG 151 --- [   scheduling-1] org.postgresql.jdbc.PgConnection         :   setAutoCommit = true 
2026-04-20T19:23:22.075+08:00 DEBUG 151 --- [   scheduling-1] org.postgresql.jdbc.PgConnection         :   setAutoCommit = false 
2026-04-20T19:23:22.079+08:00 DEBUG 151 --- [   scheduling-1] org.postgresql.jdbc.PgConnection         :   setAutoCommit = true 
2026-04-20T19:23:36.492+08:00 DEBUG 151 --- [   XNIO-1 I/O-2] io.undertow.request                      : Timing out idle connection from /172.19.0.16:53282 
2026-04-20T19:23:37.079+08:00 DEBUG 151 --- [   scheduling-1] org.postgresql.jdbc.PgConnection         :   setAutoCommit = false 
2026-04-20T19:23:37.080+08:00 DEBUG 151 --- [   scheduling-1] org.postgresql.jdbc.PgConnection         :   setAutoCommit = true 
2026-04-20T19:23:37.321+08:00 DEBUG 151 --- [  XNIO-1 task-2] io.undertow.request.security             : Attempting to authenticate /api/ingestion/tasks/list, authentication required: false 
2026-04-20T19:23:37.321+08:00 DEBUG 151 --- [  XNIO-1 task-2] io.undertow.request.security             : Authentication outcome was NOT_ATTEMPTED with method io.undertow.security.impl.CachedAuthenticatedSessionMechanism@72916f2a for /api/ingestion/tasks/list 
2026-04-20T19:23:37.321+08:00 DEBUG 151 --- [  XNIO-1 task-2] io.undertow.request.security             : Authentication result was ATTEMPTED for /api/ingestion/tasks/list 
2026-04-20T19:23:37.325+08:00 DEBUG 151 --- [  XNIO-1 task-2] org.postgresql.jdbc.PgConnection         :   setReadOnly = true 
2026-04-20T19:23:37.325+08:00 DEBUG 151 --- [  XNIO-1 task-2] org.postgresql.jdbc.PgConnection         :   setAutoCommit = false 
2026-04-20T19:23:37.331+08:00 DEBUG 151 --- [  XNIO-1 task-2] org.postgresql.jdbc.PgConnection         :   setAutoCommit = true 
2026-04-20T19:23:37.331+08:00 DEBUG 151 --- [  XNIO-1 task-2] org.postgresql.jdbc.PgConnection         :   setReadOnly = false 
2026-04-20T19:23:37.338+08:00 DEBUG 151 --- [  XNIO-1 task-2] io.undertow.request.security             : Attempting to authenticate /api/ingestion/tasks/1/executions, authentication required: false 
2026-04-20T19:23:37.338+08:00 DEBUG 151 --- [  XNIO-1 task-2] io.undertow.request.security             : Authentication outcome was NOT_ATTEMPTED with method io.undertow.security.impl.CachedAuthenticatedSessionMechanism@72916f2a for /api/ingestion/tasks/1/executions 
2026-04-20T19:23:37.338+08:00 DEBUG 151 --- [  XNIO-1 task-2] io.undertow.request.security             : Authentication result was ATTEMPTED for /api/ingestion/tasks/1/executions 
2026-04-20T19:23:37.341+08:00 DEBUG 151 --- [  XNIO-1 task-2] org.postgresql.jdbc.PgConnection         :   setAutoCommit = false 
2026-04-20T19:23:37.347+08:00 DEBUG 151 --- [  XNIO-1 task-2] org.postgresql.jdbc.PgConnection         :   setAutoCommit = true 
2026-04-20T19:23:37.361+08:00 DEBUG 151 --- [  XNIO-1 task-2] io.undertow.request.security             : Attempting to authenticate /api/ingestion/tasks/2/executions, authentication required: false 
2026-04-20T19:23:37.362+08:00 DEBUG 151 --- [  XNIO-1 task-2] io.undertow.request.security             : Authentication outcome was NOT_ATTEMPTED with method io.undertow.security.impl.CachedAuthenticatedSessionMechanism@72916f2a for /api/ingestion/tasks/2/executions 
2026-04-20T19:23:37.362+08:00 DEBUG 151 --- [  XNIO-1 task-2] io.undertow.request.security             : Authentication result was ATTEMPTED for /api/ingestion/tasks/2/executions 
2026-04-20T19:23:37.365+08:00 DEBUG 151 --- [  XNIO-1 task-2] org.postgresql.jdbc.PgConnection         :   setAutoCommit = false 
2026-04-20T19:23:37.369+08:00 DEBUG 151 --- [  XNIO-1 task-2] org.postgresql.jdbc.PgConnection         :   setAutoCommit = true 
2026-04-20T19:23:37.383+08:00 DEBUG 151 --- [  XNIO-1 task-2] io.undertow.request.security             : Attempting to authenticate /api/ingestion/tasks/3/executions, authentication required: false 
2026-04-20T19:23:37.383+08:00 DEBUG 151 --- [  XNIO-1 task-2] io.undertow.request.security             : Authentication outcome was NOT_ATTEMPTED with method io.undertow.security.impl.CachedAuthenticatedSessionMechanism@72916f2a for /api/ingestion/tasks/3/executions 
2026-04-20T19:23:37.383+08:00 DEBUG 151 --- [  XNIO-1 task-2] io.undertow.request.security             : Authentication result was ATTEMPTED for /api/ingestion/tasks/3/executions 
2026-04-20T19:23:37.386+08:00 DEBUG 151 --- [  XNIO-1 task-2] org.postgresql.jdbc.PgConnection         :   setAutoCommit = false 
2026-04-20T19:23:37.391+08:00 DEBUG 151 --- [  XNIO-1 task-2] org.postgresql.jdbc.PgConnection         :   setAutoCommit = true 
2026-04-20T19:23:37.405+08:00 DEBUG 151 --- [  XNIO-1 task-2] io.undertow.request.security             : Attempting to authenticate /api/ingestion/tasks/4/executions, authentication required: false 
2026-04-20T19:23:37.406+08:00 DEBUG 151 --- [  XNIO-1 task-2] io.undertow.request.security             : Authentication outcome was NOT_ATTEMPTED with method io.undertow.security.impl.CachedAuthenticatedSessionMechanism@72916f2a for /api/ingestion/tasks/4/executions 
2026-04-20T19:23:37.406+08:00 DEBUG 151 --- [  XNIO-1 task-2] io.undertow.request.security             : Authentication result was ATTEMPTED for /api/ingestion/tasks/4/executions 
2026-04-20T19:23:37.409+08:00 DEBUG 151 --- [  XNIO-1 task-2] org.postgresql.jdbc.PgConnection         :   setAutoCommit = false 
2026-04-20T19:23:37.414+08:00 DEBUG 151 --- [  XNIO-1 task-2] org.postgresql.jdbc.PgConnection         :   setAutoCommit = true 
2026-04-20T19:23:37.428+08:00 DEBUG 151 --- [  XNIO-1 task-2] io.undertow.request.security             : Attempting to authenticate /api/ingestion/tasks/7/executions, authentication required: false 
2026-04-20T19:23:37.428+08:00 DEBUG 151 --- [  XNIO-1 task-2] io.undertow.request.security             : Authentication outcome was NOT_ATTEMPTED with method io.undertow.security.impl.CachedAuthenticatedSessionMechanism@72916f2a for /api/ingestion/tasks/7/executions 
2026-04-20T19:23:37.428+08:00 DEBUG 151 --- [  XNIO-1 task-2] io.undertow.request.security             : Authentication result was ATTEMPTED for /api/ingestion/tasks/7/executions 
2026-04-20T19:23:37.430+08:00 DEBUG 151 --- [  XNIO-1 task-2] org.postgresql.jdbc.PgConnection         :   setAutoCommit = false 
2026-04-20T19:23:37.434+08:00 DEBUG 151 --- [  XNIO-1 task-2] org.postgresql.jdbc.PgConnection         :   setAutoCommit = true 
2026-04-20T19:23:37.444+08:00 DEBUG 151 --- [  XNIO-1 task-2] io.undertow.request.security             : Attempting to authenticate /api/ingestion/tasks/6/executions, authentication required: false 
2026-04-20T19:23:37.444+08:00 DEBUG 151 --- [  XNIO-1 task-2] io.undertow.request.security             : Authentication outcome was NOT_ATTEMPTED with method io.undertow.security.impl.CachedAuthenticatedSessionMechanism@72916f2a for /api/ingestion/tasks/6/executions 
2026-04-20T19:23:37.444+08:00 DEBUG 151 --- [  XNIO-1 task-2] io.undertow.request.security             : Authentication result was ATTEMPTED for /api/ingestion/tasks/6/executions 
2026-04-20T19:23:37.446+08:00 DEBUG 151 --- [  XNIO-1 task-2] org.postgresql.jdbc.PgConnection         :   setAutoCommit = false 
2026-04-20T19:23:37.456+08:00 DEBUG 151 --- [  XNIO-1 task-2] org.postgresql.jdbc.PgConnection         :   setAutoCommit = true 
2026-04-20T19:23:37.461+08:00 DEBUG 151 --- [  XNIO-1 task-2] io.undertow.request.security             : Attempting to authenticate /api/ingestion/tasks/8/executions, authentication required: false 
2026-04-20T19:23:37.461+08:00 DEBUG 151 --- [  XNIO-1 task-2] io.undertow.request.security             : Authentication outcome was NOT_ATTEMPTED with method io.undertow.security.impl.CachedAuthenticatedSessionMechanism@72916f2a for /api/ingestion/tasks/8/executions 
2026-04-20T19:23:37.461+08:00 DEBUG 151 --- [  XNIO-1 task-2] io.undertow.request.security             : Authentication result was ATTEMPTED for /api/ingestion/tasks/8/executions 
2026-04-20T19:23:37.463+08:00 DEBUG 151 --- [  XNIO-1 task-2] org.postgresql.jdbc.PgConnection         :   setAutoCommit = false 
2026-04-20T19:23:37.465+08:00 DEBUG 151 --- [  XNIO-1 task-2] org.postgresql.jdbc.PgConnection         :   setAutoCommit = true 
2026-04-20T19:23:37.468+08:00 DEBUG 151 --- [  XNIO-1 task-2] io.undertow.request.security             : Attempting to authenticate /api/ingestion/tasks/9/executions, authentication required: false 
2026-04-20T19:23:37.468+08:00 DEBUG 151 --- [  XNIO-1 task-2] io.undertow.request.security             : Authentication outcome was NOT_ATTEMPTED with method io.undertow.security.impl.CachedAuthenticatedSessionMechanism@72916f2a for /api/ingestion/tasks/9/executions 
2026-04-20T19:23:37.468+08:00 DEBUG 151 --- [  XNIO-1 task-2] io.undertow.request.security             : Authentication result was ATTEMPTED for /api/ingestion/tasks/9/executions 
2026-04-20T19:23:37.469+08:00 DEBUG 151 --- [  XNIO-1 task-2] org.postgresql.jdbc.PgConnection         :   setAutoCommit = false 
2026-04-20T19:23:37.470+08:00 DEBUG 151 --- [  XNIO-1 task-2] org.postgresql.jdbc.PgConnection         :   setAutoCommit = true 
2026-04-20T19:23:45.714+08:00 DEBUG 151 --- [   scheduling-1] org.postgresql.jdbc.PgConnection         :   setAutoCommit = false 
2026-04-20T19:23:45.715+08:00 DEBUG 151 --- [   scheduling-1] org.postgresql.jdbc.PgConnection         :   setAutoCommit = true 
2026-04-20T19:23:52.081+08:00 DEBUG 151 --- [   scheduling-1] org.postgresql.jdbc.PgConnection         :   setAutoCommit = false 
2026-04-20T19:23:52.087+08:00 DEBUG 151 --- [   scheduling-1] org.postgresql.jdbc.PgConnection         :   setAutoCommit = true 
2026-04-20T19:24:07.088+08:00 DEBUG 151 --- [   scheduling-1] org.postgresql.jdbc.PgConnection         :   setAutoCommit = false 
2026-04-20T19:24:07.091+08:00 DEBUG 151 --- [   scheduling-1] org.postgresql.jdbc.PgConnection         :   setAutoCommit = true 
2026-04-20T19:24:15.716+08:00 DEBUG 151 --- [   scheduling-1] org.postgresql.jdbc.PgConnection         :   setAutoCommit = false 
2026-04-20T19:24:15.717+08:00 DEBUG 151 --- [   scheduling-1] org.postgresql.jdbc.PgConnection         :   setAutoCommit = true 
2026-04-20T19:24:22.092+08:00 DEBUG 151 --- [   scheduling-1] org.postgresql.jdbc.PgConnection         :   setAutoCommit = false 
2026-04-20T19:24:22.093+08:00 DEBUG 151 --- [   scheduling-1] org.postgresql.jdbc.PgConnection         :   setAutoCommit = true 
2026-04-20T19:24:37.094+08:00 DEBUG 151 --- [   scheduling-1] org.postgresql.jdbc.PgConnection         :   setAutoCommit = false 
2026-04-20T19:24:37.098+08:00 DEBUG 151 --- [   scheduling-1] org.postgresql.jdbc.PgConnection         :   setAutoCommit = true 
2026-04-20T19:24:37.472+08:00 DEBUG 151 --- [   XNIO-1 I/O-3] io.undertow.request                      : Timing out idle connection from /172.19.0.16:53784 
2026-04-20T19:24:38.264+08:00 DEBUG 151 --- [  XNIO-1 task-2] io.undertow.request.security             : Attempting to authenticate /api/ingestion/tasks/list, authentication required: false 
2026-04-20T19:24:38.265+08:00 DEBUG 151 --- [  XNIO-1 task-2] io.undertow.request.security             : Authentication outcome was NOT_ATTEMPTED with method io.undertow.security.impl.CachedAuthenticatedSessionMechanism@72916f2a for /api/ingestion/tasks/list 
2026-04-20T19:24:38.265+08:00 DEBUG 151 --- [  XNIO-1 task-2] io.undertow.request.security             : Authentication result was ATTEMPTED for /api/ingestion/tasks/list 
2026-04-20T19:24:38.266+08:00 DEBUG 151 --- [  XNIO-1 task-2] org.postgresql.jdbc.PgConnection         :   setReadOnly = true 
2026-04-20T19:24:38.266+08:00 DEBUG 151 --- [  XNIO-1 task-2] org.postgresql.jdbc.PgConnection         :   setAutoCommit = false 
2026-04-20T19:24:38.268+08:00 DEBUG 151 --- [  XNIO-1 task-2] org.postgresql.jdbc.PgConnection         :   setAutoCommit = true 
2026-04-20T19:24:38.268+08:00 DEBUG 151 --- [  XNIO-1 task-2] org.postgresql.jdbc.PgConnection         :   setReadOnly = false 
2026-04-20T19:24:38.270+08:00 DEBUG 151 --- [  XNIO-1 task-2] io.undertow.request.security             : Attempting to authenticate /api/ingestion/tasks/1/executions, authentication required: false 
2026-04-20T19:24:38.270+08:00 DEBUG 151 --- [  XNIO-1 task-2] io.undertow.request.security             : Authentication outcome was NOT_ATTEMPTED with method io.undertow.security.impl.CachedAuthenticatedSessionMechanism@72916f2a for /api/ingestion/tasks/1/executions 
2026-04-20T19:24:38.270+08:00 DEBUG 151 --- [  XNIO-1 task-2] io.undertow.request.security             : Authentication result was ATTEMPTED for /api/ingestion/tasks/1/executions 
2026-04-20T19:24:38.271+08:00 DEBUG 151 --- [  XNIO-1 task-2] org.postgresql.jdbc.PgConnection         :   setAutoCommit = false 
2026-04-20T19:24:38.273+08:00 DEBUG 151 --- [  XNIO-1 task-2] org.postgresql.jdbc.PgConnection         :   setAutoCommit = true 
2026-04-20T19:24:38.277+08:00 DEBUG 151 --- [  XNIO-1 task-2] io.undertow.request.security             : Attempting to authenticate /api/ingestion/tasks/2/executions, authentication required: false 
2026-04-20T19:24:38.277+08:00 DEBUG 151 --- [  XNIO-1 task-2] io.undertow.request.security             : Authentication outcome was NOT_ATTEMPTED with method io.undertow.security.impl.CachedAuthenticatedSessionMechanism@72916f2a for /api/ingestion/tasks/2/executions 
2026-04-20T19:24:38.277+08:00 DEBUG 151 --- [  XNIO-1 task-2] io.undertow.request.security             : Authentication result was ATTEMPTED for /api/ingestion/tasks/2/executions 
2026-04-20T19:24:38.278+08:00 DEBUG 151 --- [  XNIO-1 task-2] org.postgresql.jdbc.PgConnection         :   setAutoCommit = false 
2026-04-20T19:24:38.279+08:00 DEBUG 151 --- [  XNIO-1 task-2] org.postgresql.jdbc.PgConnection         :   setAutoCommit = true 
2026-04-20T19:24:38.283+08:00 DEBUG 151 --- [  XNIO-1 task-2] io.undertow.request.security             : Attempting to authenticate /api/ingestion/tasks/3/executions, authentication required: false 
2026-04-20T19:24:38.283+08:00 DEBUG 151 --- [  XNIO-1 task-2] io.undertow.request.security             : Authentication outcome was NOT_ATTEMPTED with method io.undertow.security.impl.CachedAuthenticatedSessionMechanism@72916f2a for /api/ingestion/tasks/3/executions 
2026-04-20T19:24:38.283+08:00 DEBUG 151 --- [  XNIO-1 task-2] io.undertow.request.security             : Authentication result was ATTEMPTED for /api/ingestion/tasks/3/executions 
2026-04-20T19:24:38.284+08:00 DEBUG 151 --- [  XNIO-1 task-2] org.postgresql.jdbc.PgConnection         :   setAutoCommit = false 
2026-04-20T19:24:38.285+08:00 DEBUG 151 --- [  XNIO-1 task-2] org.postgresql.jdbc.PgConnection         :   setAutoCommit = true 
2026-04-20T19:24:38.289+08:00 DEBUG 151 --- [  XNIO-1 task-2] io.undertow.request.security             : Attempting to authenticate /api/ingestion/tasks/4/executions, authentication required: false 
2026-04-20T19:24:38.289+08:00 DEBUG 151 --- [  XNIO-1 task-2] io.undertow.request.security             : Authentication outcome was NOT_ATTEMPTED with method io.undertow.security.impl.CachedAuthenticatedSessionMechanism@72916f2a for /api/ingestion/tasks/4/executions 
2026-04-20T19:24:38.289+08:00 DEBUG 151 --- [  XNIO-1 task-2] io.undertow.request.security             : Authentication result was ATTEMPTED for /api/ingestion/tasks/4/executions 
2026-04-20T19:24:38.289+08:00 DEBUG 151 --- [  XNIO-1 task-2] org.postgresql.jdbc.PgConnection         :   setAutoCommit = false 
2026-04-20T19:24:38.291+08:00 DEBUG 151 --- [  XNIO-1 task-2] org.postgresql.jdbc.PgConnection         :   setAutoCommit = true 
2026-04-20T19:24:38.294+08:00 DEBUG 151 --- [  XNIO-1 task-2] io.undertow.request.security             : Attempting to authenticate /api/ingestion/tasks/7/executions, authentication required: false 
2026-04-20T19:24:38.294+08:00 DEBUG 151 --- [  XNIO-1 task-2] io.undertow.request.security             : Authentication outcome was NOT_ATTEMPTED with method io.undertow.security.impl.CachedAuthenticatedSessionMechanism@72916f2a for /api/ingestion/tasks/7/executions 
2026-04-20T19:24:38.294+08:00 DEBUG 151 --- [  XNIO-1 task-2] io.undertow.request.security             : Authentication result was ATTEMPTED for /api/ingestion/tasks/7/executions 
2026-04-20T19:24:38.295+08:00 DEBUG 151 --- [  XNIO-1 task-2] org.postgresql.jdbc.PgConnection         :   setAutoCommit = false 
2026-04-20T19:24:38.296+08:00 DEBUG 151 --- [  XNIO-1 task-2] org.postgresql.jdbc.PgConnection         :   setAutoCommit = true 
2026-04-20T19:24:38.299+08:00 DEBUG 151 --- [  XNIO-1 task-2] io.undertow.request.security             : Attempting to authenticate /api/ingestion/tasks/6/executions, authentication required: false 
2026-04-20T19:24:38.299+08:00 DEBUG 151 --- [  XNIO-1 task-2] io.undertow.request.security             : Authentication outcome was NOT_ATTEMPTED with method io.undertow.security.impl.CachedAuthenticatedSessionMechanism@72916f2a for /api/ingestion/tasks/6/executions 
2026-04-20T19:24:38.299+08:00 DEBUG 151 --- [  XNIO-1 task-2] io.undertow.request.security             : Authentication result was ATTEMPTED for /api/ingestion/tasks/6/executions 
2026-04-20T19:24:38.300+08:00 DEBUG 151 --- [  XNIO-1 task-2] org.postgresql.jdbc.PgConnection         :   setAutoCommit = false 
2026-04-20T19:24:38.301+08:00 DEBUG 151 --- [  XNIO-1 task-2] org.postgresql.jdbc.PgConnection         :   setAutoCommit = true 
2026-04-20T19:24:38.304+08:00 DEBUG 151 --- [  XNIO-1 task-2] io.undertow.request.security             : Attempting to authenticate /api/ingestion/tasks/8/executions, authentication required: false 
2026-04-20T19:24:38.304+08:00 DEBUG 151 --- [  XNIO-1 task-2] io.undertow.request.security             : Authentication outcome was NOT_ATTEMPTED with method io.undertow.security.impl.CachedAuthenticatedSessionMechanism@72916f2a for /api/ingestion/tasks/8/executions 
2026-04-20T19:24:38.304+08:00 DEBUG 151 --- [  XNIO-1 task-2] io.undertow.request.security             : Authentication result was ATTEMPTED for /api/ingestion/tasks/8/executions 
2026-04-20T19:24:38.305+08:00 DEBUG 151 --- [  XNIO-1 task-2] org.postgresql.jdbc.PgConnection         :   setAutoCommit = false 
2026-04-20T19:24:38.306+08:00 DEBUG 151 --- [  XNIO-1 task-2] org.postgresql.jdbc.PgConnection         :   setAutoCommit = true 
2026-04-20T19:24:38.309+08:00 DEBUG 151 --- [  XNIO-1 task-2] io.undertow.request.security             : Attempting to authenticate /api/ingestion/tasks/9/executions, authentication required: false 
2026-04-20T19:24:38.309+08:00 DEBUG 151 --- [  XNIO-1 task-2] io.undertow.request.security             : Authentication outcome was NOT_ATTEMPTED with method io.undertow.security.impl.CachedAuthenticatedSessionMechanism@72916f2a for /api/ingestion/tasks/9/executions 
2026-04-20T19:24:38.309+08:00 DEBUG 151 --- [  XNIO-1 task-2] io.undertow.request.security             : Authentication result was ATTEMPTED for /api/ingestion/tasks/9/executions 
2026-04-20T19:24:38.309+08:00 DEBUG 151 --- [  XNIO-1 task-2] org.postgresql.jdbc.PgConnection         :   setAutoCommit = false 
2026-04-20T19:24:38.311+08:00 DEBUG 151 --- [  XNIO-1 task-2] org.postgresql.jdbc.PgConnection         :   setAutoCommit = true 
2026-04-20T19:24:45.717+08:00 DEBUG 151 --- [   scheduling-1] org.postgresql.jdbc.PgConnection         :   setAutoCommit = false 
2026-04-20T19:24:45.718+08:00 DEBUG 151 --- [   scheduling-1] org.postgresql.jdbc.PgConnection         :   setAutoCommit = true 
2026-04-20T19:24:52.099+08:00 DEBUG 151 --- [   scheduling-1] org.postgresql.jdbc.PgConnection         :   setAutoCommit = false 
2026-04-20T19:24:52.102+08:00 DEBUG 151 --- [   scheduling-1] org.postgresql.jdbc.PgConnection         :   setAutoCommit = true 
2026-04-20T19:25:07.103+08:00 DEBUG 151 --- [   scheduling-1] org.postgresql.jdbc.PgConnection         :   setAutoCommit = false 
2026-04-20T19:25:07.104+08:00 DEBUG 151 --- [   scheduling-1] org.postgresql.jdbc.PgConnection         :   setAutoCommit = true 
2026-04-20T19:25:15.718+08:00 DEBUG 151 --- [   scheduling-1] org.postgresql.jdbc.PgConnection         :   setAutoCommit = false 
2026-04-20T19:25:15.719+08:00 DEBUG 151 --- [   scheduling-1] org.postgresql.jdbc.PgConnection         :   setAutoCommit = true 
2026-04-20T19:25:22.105+08:00 DEBUG 151 --- [   scheduling-1] org.postgresql.jdbc.PgConnection         :   setAutoCommit = false 
2026-04-20T19:25:22.109+08:00 DEBUG 151 --- [   scheduling-1] org.postgresql.jdbc.PgConnection         :   setAutoCommit = true 
2026-04-20T19:25:37.110+08:00 DEBUG 151 --- [   scheduling-1] org.postgresql.jdbc.PgConnection         :   setAutoCommit = false 
2026-04-20T19:25:37.112+08:00 DEBUG 151 --- [   scheduling-1] org.postgresql.jdbc.PgConnection         :   setAutoCommit = true 
2026-04-20T19:25:38.369+08:00 DEBUG 151 --- [   XNIO-1 I/O-4] io.undertow.request                      : Timing out idle connection from /172.19.0.16:45518 
2026-04-20T19:25:39.119+08:00 DEBUG 151 --- [  XNIO-1 task-2] io.undertow.request.security             : Attempting to authenticate /api/ingestion/tasks/list, authentication required: false 
2026-04-20T19:25:39.120+08:00 DEBUG 151 --- [  XNIO-1 task-2] io.undertow.request.security             : Authentication outcome was NOT_ATTEMPTED with method io.undertow.security.impl.CachedAuthenticatedSessionMechanism@72916f2a for /api/ingestion/tasks/list 
2026-04-20T19:25:39.120+08:00 DEBUG 151 --- [  XNIO-1 task-2] io.undertow.request.security             : Authentication result was ATTEMPTED for /api/ingestion/tasks/list 
2026-04-20T19:25:39.122+08:00 DEBUG 151 --- [  XNIO-1 task-2] org.postgresql.jdbc.PgConnection         :   setReadOnly = true 
2026-04-20T19:25:39.123+08:00 DEBUG 151 --- [  XNIO-1 task-2] org.postgresql.jdbc.PgConnection         :   setAutoCommit = false 
2026-04-20T19:25:39.129+08:00 DEBUG 151 --- [  XNIO-1 task-2] org.postgresql.jdbc.PgConnection         :   setAutoCommit = true 
2026-04-20T19:25:39.129+08:00 DEBUG 151 --- [  XNIO-1 task-2] org.postgresql.jdbc.PgConnection         :   setReadOnly = false 
2026-04-20T19:25:39.136+08:00 DEBUG 151 --- [  XNIO-1 task-2] io.undertow.request.security             : Attempting to authenticate /api/ingestion/tasks/1/executions, authentication required: false 
2026-04-20T19:25:39.136+08:00 DEBUG 151 --- [  XNIO-1 task-2] io.undertow.request.security             : Authentication outcome was NOT_ATTEMPTED with method io.undertow.security.impl.CachedAuthenticatedSessionMechanism@72916f2a for /api/ingestion/tasks/1/executions 
2026-04-20T19:25:39.136+08:00 DEBUG 151 --- [  XNIO-1 task-2] io.undertow.request.security             : Authentication result was ATTEMPTED for /api/ingestion/tasks/1/executions 
2026-04-20T19:25:39.139+08:00 DEBUG 151 --- [  XNIO-1 task-2] org.postgresql.jdbc.PgConnection         :   setAutoCommit = false 
2026-04-20T19:25:39.144+08:00 DEBUG 151 --- [  XNIO-1 task-2] org.postgresql.jdbc.PgConnection         :   setAutoCommit = true 
2026-04-20T19:25:39.159+08:00 DEBUG 151 --- [  XNIO-1 task-2] io.undertow.request.security             : Attempting to authenticate /api/ingestion/tasks/2/executions, authentication required: false 
2026-04-20T19:25:39.159+08:00 DEBUG 151 --- [  XNIO-1 task-2] io.undertow.request.security             : Authentication outcome was NOT_ATTEMPTED with method io.undertow.security.impl.CachedAuthenticatedSessionMechanism@72916f2a for /api/ingestion/tasks/2/executions 
2026-04-20T19:25:39.159+08:00 DEBUG 151 --- [  XNIO-1 task-2] io.undertow.request.security             : Authentication result was ATTEMPTED for /api/ingestion/tasks/2/executions 
2026-04-20T19:25:39.162+08:00 DEBUG 151 --- [  XNIO-1 task-2] org.postgresql.jdbc.PgConnection         :   setAutoCommit = false 
2026-04-20T19:25:39.167+08:00 DEBUG 151 --- [  XNIO-1 task-2] org.postgresql.jdbc.PgConnection         :   setAutoCommit = true 
2026-04-20T19:25:39.178+08:00 DEBUG 151 --- [  XNIO-1 task-2] io.undertow.request.security             : Attempting to authenticate /api/ingestion/tasks/3/executions, authentication required: false 
2026-04-20T19:25:39.178+08:00 DEBUG 151 --- [  XNIO-1 task-2] io.undertow.request.security             : Authentication outcome was NOT_ATTEMPTED with method io.undertow.security.impl.CachedAuthenticatedSessionMechanism@72916f2a for /api/ingestion/tasks/3/executions 
2026-04-20T19:25:39.178+08:00 DEBUG 151 --- [  XNIO-1 task-2] io.undertow.request.security             : Authentication result was ATTEMPTED for /api/ingestion/tasks/3/executions 
2026-04-20T19:25:39.179+08:00 DEBUG 151 --- [  XNIO-1 task-2] org.postgresql.jdbc.PgConnection         :   setAutoCommit = false 
2026-04-20T19:25:39.182+08:00 DEBUG 151 --- [  XNIO-1 task-2] org.postgresql.jdbc.PgConnection         :   setAutoCommit = true 
2026-04-20T19:25:39.190+08:00 DEBUG 151 --- [  XNIO-1 task-2] io.undertow.request.security             : Attempting to authenticate /api/ingestion/tasks/4/executions, authentication required: false 
2026-04-20T19:25:39.190+08:00 DEBUG 151 --- [  XNIO-1 task-2] io.undertow.request.security             : Authentication outcome was NOT_ATTEMPTED with method io.undertow.security.impl.CachedAuthenticatedSessionMechanism@72916f2a for /api/ingestion/tasks/4/executions 
2026-04-20T19:25:39.190+08:00 DEBUG 151 --- [  XNIO-1 task-2] io.undertow.request.security             : Authentication result was ATTEMPTED for /api/ingestion/tasks/4/executions 
2026-04-20T19:25:39.191+08:00 DEBUG 151 --- [  XNIO-1 task-2] org.postgresql.jdbc.PgConnection         :   setAutoCommit = false 
2026-04-20T19:25:39.194+08:00 DEBUG 151 --- [  XNIO-1 task-2] org.postgresql.jdbc.PgConnection         :   setAutoCommit = true 
2026-04-20T19:25:39.200+08:00 DEBUG 151 --- [  XNIO-1 task-2] io.undertow.request.security             : Attempting to authenticate /api/ingestion/tasks/7/executions, authentication required: false 
2026-04-20T19:25:39.200+08:00 DEBUG 151 --- [  XNIO-1 task-2] io.undertow.request.security             : Authentication outcome was NOT_ATTEMPTED with method io.undertow.security.impl.CachedAuthenticatedSessionMechanism@72916f2a for /api/ingestion/tasks/7/executions 
2026-04-20T19:25:39.200+08:00 DEBUG 151 --- [  XNIO-1 task-2] io.undertow.request.security             : Authentication result was ATTEMPTED for /api/ingestion/tasks/7/executions 
2026-04-20T19:25:39.201+08:00 DEBUG 151 --- [  XNIO-1 task-2] org.postgresql.jdbc.PgConnection         :   setAutoCommit = false 
2026-04-20T19:25:39.202+08:00 DEBUG 151 --- [  XNIO-1 task-2] org.postgresql.jdbc.PgConnection         :   setAutoCommit = true 
2026-04-20T19:25:39.205+08:00 DEBUG 151 --- [  XNIO-1 task-2] io.undertow.request.security             : Attempting to authenticate /api/ingestion/tasks/6/executions, authentication required: false 
2026-04-20T19:25:39.205+08:00 DEBUG 151 --- [  XNIO-1 task-2] io.undertow.request.security             : Authentication outcome was NOT_ATTEMPTED with method io.undertow.security.impl.CachedAuthenticatedSessionMechanism@72916f2a for /api/ingestion/tasks/6/executions 
2026-04-20T19:25:39.205+08:00 DEBUG 151 --- [  XNIO-1 task-2] io.undertow.request.security             : Authentication result was ATTEMPTED for /api/ingestion/tasks/6/executions 
2026-04-20T19:25:39.206+08:00 DEBUG 151 --- [  XNIO-1 task-2] org.postgresql.jdbc.PgConnection         :   setAutoCommit = false 
2026-04-20T19:25:39.207+08:00 DEBUG 151 --- [  XNIO-1 task-2] org.postgresql.jdbc.PgConnection         :   setAutoCommit = true 
2026-04-20T19:25:39.210+08:00 DEBUG 151 --- [  XNIO-1 task-2] io.undertow.request.security             : Attempting to authenticate /api/ingestion/tasks/8/executions, authentication required: false 
2026-04-20T19:25:39.210+08:00 DEBUG 151 --- [  XNIO-1 task-2] io.undertow.request.security             : Authentication outcome was NOT_ATTEMPTED with method io.undertow.security.impl.CachedAuthenticatedSessionMechanism@72916f2a for /api/ingestion/tasks/8/executions 
2026-04-20T19:25:39.210+08:00 DEBUG 151 --- [  XNIO-1 task-2] io.undertow.request.security             : Authentication result was ATTEMPTED for /api/ingestion/tasks/8/executions 
2026-04-20T19:25:39.211+08:00 DEBUG 151 --- [  XNIO-1 task-2] org.postgresql.jdbc.PgConnection         :   setAutoCommit = false 
2026-04-20T19:25:39.212+08:00 DEBUG 151 --- [  XNIO-1 task-2] org.postgresql.jdbc.PgConnection         :   setAutoCommit = true 
2026-04-20T19:25:39.215+08:00 DEBUG 151 --- [  XNIO-1 task-2] io.undertow.request.security             : Attempting to authenticate /api/ingestion/tasks/9/executions, authentication required: false 
2026-04-20T19:25:39.215+08:00 DEBUG 151 --- [  XNIO-1 task-2] io.undertow.request.security             : Authentication outcome was NOT_ATTEMPTED with method io.undertow.security.impl.CachedAuthenticatedSessionMechanism@72916f2a for /api/ingestion/tasks/9/executions 
2026-04-20T19:25:39.215+08:00 DEBUG 151 --- [  XNIO-1 task-2] io.undertow.request.security             : Authentication result was ATTEMPTED for /api/ingestion/tasks/9/executions 
2026-04-20T19:25:39.216+08:00 DEBUG 151 --- [  XNIO-1 task-2] org.postgresql.jdbc.PgConnection         :   setAutoCommit = false 
2026-04-20T19:25:39.217+08:00 DEBUG 151 --- [  XNIO-1 task-2] org.postgresql.jdbc.PgConnection         :   setAutoCommit = true 
2026-04-20T19:25:45.720+08:00 DEBUG 151 --- [   scheduling-1] org.postgresql.jdbc.PgConnection         :   setAutoCommit = false 
2026-04-20T19:25:45.721+08:00 DEBUG 151 --- [   scheduling-1] org.postgresql.jdbc.PgConnection         :   setAutoCommit = true 
2026-04-20T19:25:52.113+08:00 DEBUG 151 --- [   scheduling-1] org.postgresql.jdbc.PgConnection         :   setAutoCommit = false 
2026-04-20T19:25:52.116+08:00 DEBUG 151 --- [   scheduling-1] org.postgresql.jdbc.PgConnection         :   setAutoCommit = true 
2026-04-20T19:26:07.118+08:00 DEBUG 151 --- [   scheduling-1] org.postgresql.jdbc.PgConnection         :   setAutoCommit = false 
2026-04-20T19:26:07.121+08:00 DEBUG 151 --- [   scheduling-1] org.postgresql.jdbc.PgConnection         :   setAutoCommit = true 
2026-04-20T19:26:15.721+08:00 DEBUG 151 --- [   scheduling-1] org.postgresql.jdbc.PgConnection         :   setAutoCommit = false 
2026-04-20T19:26:15.722+08:00 DEBUG 151 --- [   scheduling-1] org.postgresql.jdbc.PgConnection         :   setAutoCommit = true 
2026-04-20T19:26:22.122+08:00 DEBUG 151 --- [   scheduling-1] org.postgresql.jdbc.PgConnection         :   setAutoCommit = false 
2026-04-20T19:26:22.123+08:00 DEBUG 151 --- [   scheduling-1] org.postgresql.jdbc.PgConnection         :   setAutoCommit = true 
2026-04-20T19:26:37.123+08:00 DEBUG 151 --- [   scheduling-1] org.postgresql.jdbc.PgConnection         :   setAutoCommit = false 
2026-04-20T19:26:37.124+08:00 DEBUG 151 --- [   scheduling-1] org.postgresql.jdbc.PgConnection         :   setAutoCommit = true 
2026-04-20T19:26:39.270+08:00 DEBUG 151 --- [   XNIO-1 I/O-8] io.undertow.request                      : Timing out idle connection from /172.19.0.16:41828 
2026-04-20T19:26:39.994+08:00 DEBUG 151 --- [  XNIO-1 task-2] io.undertow.request.security             : Attempting to authenticate /api/ingestion/tasks/list, authentication required: false 
2026-04-20T19:26:39.994+08:00 DEBUG 151 --- [  XNIO-1 task-2] io.undertow.request.security             : Authentication outcome was NOT_ATTEMPTED with method io.undertow.security.impl.CachedAuthenticatedSessionMechanism@72916f2a for /api/ingestion/tasks/list 
2026-04-20T19:26:39.994+08:00 DEBUG 151 --- [  XNIO-1 task-2] io.undertow.request.security             : Authentication result was ATTEMPTED for /api/ingestion/tasks/list 
2026-04-20T19:26:39.997+08:00 DEBUG 151 --- [  XNIO-1 task-2] org.postgresql.jdbc.PgConnection         :   setReadOnly = true 
2026-04-20T19:26:39.997+08:00 DEBUG 151 --- [  XNIO-1 task-2] org.postgresql.jdbc.PgConnection         :   setAutoCommit = false 
2026-04-20T19:26:40.004+08:00 DEBUG 151 --- [  XNIO-1 task-2] org.postgresql.jdbc.PgConnection         :   setAutoCommit = true 
2026-04-20T19:26:40.004+08:00 DEBUG 151 --- [  XNIO-1 task-2] org.postgresql.jdbc.PgConnection         :   setReadOnly = false 
2026-04-20T19:26:40.011+08:00 DEBUG 151 --- [  XNIO-1 task-2] io.undertow.request.security             : Attempting to authenticate /api/ingestion/tasks/1/executions, authentication required: false 
2026-04-20T19:26:40.011+08:00 DEBUG 151 --- [  XNIO-1 task-2] io.undertow.request.security             : Authentication outcome was NOT_ATTEMPTED with method io.undertow.security.impl.CachedAuthenticatedSessionMechanism@72916f2a for /api/ingestion/tasks/1/executions 
2026-04-20T19:26:40.011+08:00 DEBUG 151 --- [  XNIO-1 task-2] io.undertow.request.security             : Authentication result was ATTEMPTED for /api/ingestion/tasks/1/executions 
2026-04-20T19:26:40.013+08:00 DEBUG 151 --- [  XNIO-1 task-2] org.postgresql.jdbc.PgConnection         :   setAutoCommit = false 
2026-04-20T19:26:40.018+08:00 DEBUG 151 --- [  XNIO-1 task-2] org.postgresql.jdbc.PgConnection         :   setAutoCommit = true 
2026-04-20T19:26:40.033+08:00 DEBUG 151 --- [  XNIO-1 task-2] io.undertow.request.security             : Attempting to authenticate /api/ingestion/tasks/2/executions, authentication required: false 
2026-04-20T19:26:40.033+08:00 DEBUG 151 --- [  XNIO-1 task-2] io.undertow.request.security             : Authentication outcome was NOT_ATTEMPTED with method io.undertow.security.impl.CachedAuthenticatedSessionMechanism@72916f2a for /api/ingestion/tasks/2/executions 
2026-04-20T19:26:40.034+08:00 DEBUG 151 --- [  XNIO-1 task-2] io.undertow.request.security             : Authentication result was ATTEMPTED for /api/ingestion/tasks/2/executions 
2026-04-20T19:26:40.036+08:00 DEBUG 151 --- [  XNIO-1 task-2] org.postgresql.jdbc.PgConnection         :   setAutoCommit = false 
2026-04-20T19:26:40.042+08:00 DEBUG 151 --- [  XNIO-1 task-2] org.postgresql.jdbc.PgConnection         :   setAutoCommit = true 
2026-04-20T19:26:40.052+08:00 DEBUG 151 --- [  XNIO-1 task-2] io.undertow.request.security             : Attempting to authenticate /api/ingestion/tasks/3/executions, authentication required: false 
2026-04-20T19:26:40.052+08:00 DEBUG 151 --- [  XNIO-1 task-2] io.undertow.request.security             : Authentication outcome was NOT_ATTEMPTED with method io.undertow.security.impl.CachedAuthenticatedSessionMechanism@72916f2a for /api/ingestion/tasks/3/executions 
2026-04-20T19:26:40.052+08:00 DEBUG 151 --- [  XNIO-1 task-2] io.undertow.request.security             : Authentication result was ATTEMPTED for /api/ingestion/tasks/3/executions 
2026-04-20T19:26:40.053+08:00 DEBUG 151 --- [  XNIO-1 task-2] org.postgresql.jdbc.PgConnection         :   setAutoCommit = false 
2026-04-20T19:26:40.054+08:00 DEBUG 151 --- [  XNIO-1 task-2] org.postgresql.jdbc.PgConnection         :   setAutoCommit = true 
2026-04-20T19:26:40.058+08:00 DEBUG 151 --- [  XNIO-1 task-2] io.undertow.request.security             : Attempting to authenticate /api/ingestion/tasks/4/executions, authentication required: false 
2026-04-20T19:26:40.058+08:00 DEBUG 151 --- [  XNIO-1 task-2] io.undertow.request.security             : Authentication outcome was NOT_ATTEMPTED with method io.undertow.security.impl.CachedAuthenticatedSessionMechanism@72916f2a for /api/ingestion/tasks/4/executions 
2026-04-20T19:26:40.058+08:00 DEBUG 151 --- [  XNIO-1 task-2] io.undertow.request.security             : Authentication result was ATTEMPTED for /api/ingestion/tasks/4/executions 
2026-04-20T19:26:40.059+08:00 DEBUG 151 --- [  XNIO-1 task-2] org.postgresql.jdbc.PgConnection         :   setAutoCommit = false 
2026-04-20T19:26:40.060+08:00 DEBUG 151 --- [  XNIO-1 task-2] org.postgresql.jdbc.PgConnection         :   setAutoCommit = true 
2026-04-20T19:26:40.064+08:00 DEBUG 151 --- [  XNIO-1 task-2] io.undertow.request.security             : Attempting to authenticate /api/ingestion/tasks/7/executions, authentication required: false 
2026-04-20T19:26:40.064+08:00 DEBUG 151 --- [  XNIO-1 task-2] io.undertow.request.security             : Authentication outcome was NOT_ATTEMPTED with method io.undertow.security.impl.CachedAuthenticatedSessionMechanism@72916f2a for /api/ingestion/tasks/7/executions 
2026-04-20T19:26:40.064+08:00 DEBUG 151 --- [  XNIO-1 task-2] io.undertow.request.security             : Authentication result was ATTEMPTED for /api/ingestion/tasks/7/executions 
2026-04-20T19:26:40.064+08:00 DEBUG 151 --- [  XNIO-1 task-2] org.postgresql.jdbc.PgConnection         :   setAutoCommit = false 
2026-04-20T19:26:40.066+08:00 DEBUG 151 --- [  XNIO-1 task-2] org.postgresql.jdbc.PgConnection         :   setAutoCommit = true 
2026-04-20T19:26:40.069+08:00 DEBUG 151 --- [  XNIO-1 task-2] io.undertow.request.security             : Attempting to authenticate /api/ingestion/tasks/6/executions, authentication required: false 
2026-04-20T19:26:40.069+08:00 DEBUG 151 --- [  XNIO-1 task-2] io.undertow.request.security             : Authentication outcome was NOT_ATTEMPTED with method io.undertow.security.impl.CachedAuthenticatedSessionMechanism@72916f2a for /api/ingestion/tasks/6/executions 
2026-04-20T19:26:40.069+08:00 DEBUG 151 --- [  XNIO-1 task-2] io.undertow.request.security             : Authentication result was ATTEMPTED for /api/ingestion/tasks/6/executions 
2026-04-20T19:26:40.070+08:00 DEBUG 151 --- [  XNIO-1 task-2] org.postgresql.jdbc.PgConnection         :   setAutoCommit = false 
2026-04-20T19:26:40.071+08:00 DEBUG 151 --- [  XNIO-1 task-2] org.postgresql.jdbc.PgConnection         :   setAutoCommit = true 
2026-04-20T19:26:40.074+08:00 DEBUG 151 --- [  XNIO-1 task-2] io.undertow.request.security             : Attempting to authenticate /api/ingestion/tasks/8/executions, authentication required: false 
2026-04-20T19:26:40.074+08:00 DEBUG 151 --- [  XNIO-1 task-2] io.undertow.request.security             : Authentication outcome was NOT_ATTEMPTED with method io.undertow.security.impl.CachedAuthenticatedSessionMechanism@72916f2a for /api/ingestion/tasks/8/executions 
2026-04-20T19:26:40.074+08:00 DEBUG 151 --- [  XNIO-1 task-2] io.undertow.request.security             : Authentication result was ATTEMPTED for /api/ingestion/tasks/8/executions 
2026-04-20T19:26:40.075+08:00 DEBUG 151 --- [  XNIO-1 task-2] org.postgresql.jdbc.PgConnection         :   setAutoCommit = false 
2026-04-20T19:26:40.076+08:00 DEBUG 151 --- [  XNIO-1 task-2] org.postgresql.jdbc.PgConnection         :   setAutoCommit = true 
2026-04-20T19:26:40.079+08:00 DEBUG 151 --- [  XNIO-1 task-2] io.undertow.request.security             : Attempting to authenticate /api/ingestion/tasks/9/executions, authentication required: false 
2026-04-20T19:26:40.079+08:00 DEBUG 151 --- [  XNIO-1 task-2] io.undertow.request.security             : Authentication outcome was NOT_ATTEMPTED with method io.undertow.security.impl.CachedAuthenticatedSessionMechanism@72916f2a for /api/ingestion/tasks/9/executions 
2026-04-20T19:26:40.079+08:00 DEBUG 151 --- [  XNIO-1 task-2] io.undertow.request.security             : Authentication result was ATTEMPTED for /api/ingestion/tasks/9/executions 
2026-04-20T19:26:40.080+08:00 DEBUG 151 --- [  XNIO-1 task-2] org.postgresql.jdbc.PgConnection         :   setAutoCommit = false 
2026-04-20T19:26:40.081+08:00 DEBUG 151 --- [  XNIO-1 task-2] org.postgresql.jdbc.PgConnection         :   setAutoCommit = true 
2026-04-20T19:26:45.723+08:00 DEBUG 151 --- [   scheduling-1] org.postgresql.jdbc.PgConnection         :   setAutoCommit = false 
2026-04-20T19:26:45.725+08:00 DEBUG 151 --- [   scheduling-1] org.postgresql.jdbc.PgConnection         :   setAutoCommit = true 
2026-04-20T19:26:52.125+08:00 DEBUG 151 --- [   scheduling-1] org.postgresql.jdbc.PgConnection         :   setAutoCommit = false 
2026-04-20T19:26:52.128+08:00 DEBUG 151 --- [   scheduling-1] org.postgresql.jdbc.PgConnection         :   setAutoCommit = true 
2026-04-20T19:27:07.129+08:00 DEBUG 151 --- [   scheduling-1] org.postgresql.jdbc.PgConnection         :   setAutoCommit = false 
2026-04-20T19:27:07.129+08:00 DEBUG 151 --- [   scheduling-1] org.postgresql.jdbc.PgConnection         :   setAutoCommit = true 
2026-04-20T19:27:15.726+08:00 DEBUG 151 --- [   scheduling-1] org.postgresql.jdbc.PgConnection         :   setAutoCommit = false 
2026-04-20T19:27:15.726+08:00 DEBUG 151 --- [   scheduling-1] org.postgresql.jdbc.PgConnection         :   setAutoCommit = true 
2026-04-20T19:27:22.130+08:00 DEBUG 151 --- [   scheduling-1] org.postgresql.jdbc.PgConnection         :   setAutoCommit = false 
2026-04-20T19:27:22.131+08:00 DEBUG 151 --- [   scheduling-1] org.postgresql.jdbc.PgConnection         :   setAutoCommit = true 
2026-04-20T19:27:37.131+08:00 DEBUG 151 --- [   scheduling-1] org.postgresql.jdbc.PgConnection         :   setAutoCommit = false 
2026-04-20T19:27:37.132+08:00 DEBUG 151 --- [   scheduling-1] org.postgresql.jdbc.PgConnection         :   setAutoCommit = true 
2026-04-20T19:27:40.138+08:00 DEBUG 151 --- [  XNIO-1 I/O-11] io.undertow.request                      : Timing out idle connection from /172.19.0.16:47622 
2026-04-20T19:27:40.897+08:00 DEBUG 151 --- [  XNIO-1 task-2] io.undertow.request.security             : Attempting to authenticate /api/ingestion/tasks/list, authentication required: false 
2026-04-20T19:27:40.898+08:00 DEBUG 151 --- [  XNIO-1 task-2] io.undertow.request.security             : Authentication outcome was NOT_ATTEMPTED with method io.undertow.security.impl.CachedAuthenticatedSessionMechanism@72916f2a for /api/ingestion/tasks/list 
2026-04-20T19:27:40.898+08:00 DEBUG 151 --- [  XNIO-1 task-2] io.undertow.request.security             : Authentication result was ATTEMPTED for /api/ingestion/tasks/list 
2026-04-20T19:27:40.901+08:00 DEBUG 151 --- [  XNIO-1 task-2] org.postgresql.jdbc.PgConnection         :   setReadOnly = true 
2026-04-20T19:27:40.901+08:00 DEBUG 151 --- [  XNIO-1 task-2] org.postgresql.jdbc.PgConnection         :   setAutoCommit = false 
2026-04-20T19:27:40.907+08:00 DEBUG 151 --- [  XNIO-1 task-2] org.postgresql.jdbc.PgConnection         :   setAutoCommit = true 
2026-04-20T19:27:40.907+08:00 DEBUG 151 --- [  XNIO-1 task-2] org.postgresql.jdbc.PgConnection         :   setReadOnly = false 
2026-04-20T19:27:40.912+08:00 DEBUG 151 --- [  XNIO-1 task-2] io.undertow.request.security             : Attempting to authenticate /api/ingestion/tasks/1/executions, authentication required: false 
2026-04-20T19:27:40.912+08:00 DEBUG 151 --- [  XNIO-1 task-2] io.undertow.request.security             : Authentication outcome was NOT_ATTEMPTED with method io.undertow.security.impl.CachedAuthenticatedSessionMechanism@72916f2a for /api/ingestion/tasks/1/executions 
2026-04-20T19:27:40.912+08:00 DEBUG 151 --- [  XNIO-1 task-2] io.undertow.request.security             : Authentication result was ATTEMPTED for /api/ingestion/tasks/1/executions 
2026-04-20T19:27:40.913+08:00 DEBUG 151 --- [  XNIO-1 task-2] org.postgresql.jdbc.PgConnection         :   setAutoCommit = false 
2026-04-20T19:27:40.914+08:00 DEBUG 151 --- [  XNIO-1 task-2] org.postgresql.jdbc.PgConnection         :   setAutoCommit = true 
2026-04-20T19:27:40.918+08:00 DEBUG 151 --- [  XNIO-1 task-2] io.undertow.request.security             : Attempting to authenticate /api/ingestion/tasks/2/executions, authentication required: false 
2026-04-20T19:27:40.918+08:00 DEBUG 151 --- [  XNIO-1 task-2] io.undertow.request.security             : Authentication outcome was NOT_ATTEMPTED with method io.undertow.security.impl.CachedAuthenticatedSessionMechanism@72916f2a for /api/ingestion/tasks/2/executions 
2026-04-20T19:27:40.918+08:00 DEBUG 151 --- [  XNIO-1 task-2] io.undertow.request.security             : Authentication result was ATTEMPTED for /api/ingestion/tasks/2/executions 
2026-04-20T19:27:40.918+08:00 DEBUG 151 --- [  XNIO-1 task-2] org.postgresql.jdbc.PgConnection         :   setAutoCommit = false 
2026-04-20T19:27:40.919+08:00 DEBUG 151 --- [  XNIO-1 task-2] org.postgresql.jdbc.PgConnection         :   setAutoCommit = true 
2026-04-20T19:27:40.922+08:00 DEBUG 151 --- [  XNIO-1 task-2] io.undertow.request.security             : Attempting to authenticate /api/ingestion/tasks/3/executions, authentication required: false 
2026-04-20T19:27:40.922+08:00 DEBUG 151 --- [  XNIO-1 task-2] io.undertow.request.security             : Authentication outcome was NOT_ATTEMPTED with method io.undertow.security.impl.CachedAuthenticatedSessionMechanism@72916f2a for /api/ingestion/tasks/3/executions 
2026-04-20T19:27:40.922+08:00 DEBUG 151 --- [  XNIO-1 task-2] io.undertow.request.security             : Authentication result was ATTEMPTED for /api/ingestion/tasks/3/executions 
2026-04-20T19:27:40.923+08:00 DEBUG 151 --- [  XNIO-1 task-2] org.postgresql.jdbc.PgConnection         :   setAutoCommit = false 
2026-04-20T19:27:40.924+08:00 DEBUG 151 --- [  XNIO-1 task-2] org.postgresql.jdbc.PgConnection         :   setAutoCommit = true 
2026-04-20T19:27:40.928+08:00 DEBUG 151 --- [  XNIO-1 task-2] io.undertow.request.security             : Attempting to authenticate /api/ingestion/tasks/4/executions, authentication required: false 
2026-04-20T19:27:40.928+08:00 DEBUG 151 --- [  XNIO-1 task-2] io.undertow.request.security             : Authentication outcome was NOT_ATTEMPTED with method io.undertow.security.impl.CachedAuthenticatedSessionMechanism@72916f2a for /api/ingestion/tasks/4/executions 
2026-04-20T19:27:40.928+08:00 DEBUG 151 --- [  XNIO-1 task-2] io.undertow.request.security             : Authentication result was ATTEMPTED for /api/ingestion/tasks/4/executions 
2026-04-20T19:27:40.928+08:00 DEBUG 151 --- [  XNIO-1 task-2] org.postgresql.jdbc.PgConnection         :   setAutoCommit = false 
2026-04-20T19:27:40.929+08:00 DEBUG 151 --- [  XNIO-1 task-2] org.postgresql.jdbc.PgConnection         :   setAutoCommit = true 
2026-04-20T19:27:40.933+08:00 DEBUG 151 --- [  XNIO-1 task-2] io.undertow.request.security             : Attempting to authenticate /api/ingestion/tasks/7/executions, authentication required: false 
2026-04-20T19:27:40.933+08:00 DEBUG 151 --- [  XNIO-1 task-2] io.undertow.request.security             : Authentication outcome was NOT_ATTEMPTED with method io.undertow.security.impl.CachedAuthenticatedSessionMechanism@72916f2a for /api/ingestion/tasks/7/executions 
2026-04-20T19:27:40.933+08:00 DEBUG 151 --- [  XNIO-1 task-2] io.undertow.request.security             : Authentication result was ATTEMPTED for /api/ingestion/tasks/7/executions 
2026-04-20T19:27:40.933+08:00 DEBUG 151 --- [  XNIO-1 task-2] org.postgresql.jdbc.PgConnection         :   setAutoCommit = false 
2026-04-20T19:27:40.934+08:00 DEBUG 151 --- [  XNIO-1 task-2] org.postgresql.jdbc.PgConnection         :   setAutoCommit = true 
2026-04-20T19:27:40.938+08:00 DEBUG 151 --- [  XNIO-1 task-2] io.undertow.request.security             : Attempting to authenticate /api/ingestion/tasks/6/executions, authentication required: false 
2026-04-20T19:27:40.938+08:00 DEBUG 151 --- [  XNIO-1 task-2] io.undertow.request.security             : Authentication outcome was NOT_ATTEMPTED with method io.undertow.security.impl.CachedAuthenticatedSessionMechanism@72916f2a for /api/ingestion/tasks/6/executions 
2026-04-20T19:27:40.938+08:00 DEBUG 151 --- [  XNIO-1 task-2] io.undertow.request.security             : Authentication result was ATTEMPTED for /api/ingestion/tasks/6/executions 
2026-04-20T19:27:40.938+08:00 DEBUG 151 --- [  XNIO-1 task-2] org.postgresql.jdbc.PgConnection         :   setAutoCommit = false 
2026-04-20T19:27:40.939+08:00 DEBUG 151 --- [  XNIO-1 task-2] org.postgresql.jdbc.PgConnection         :   setAutoCommit = true 
2026-04-20T19:27:40.943+08:00 DEBUG 151 --- [  XNIO-1 task-2] io.undertow.request.security             : Attempting to authenticate /api/ingestion/tasks/8/executions, authentication required: false 
2026-04-20T19:27:40.943+08:00 DEBUG 151 --- [  XNIO-1 task-2] io.undertow.request.security             : Authentication outcome was NOT_ATTEMPTED with method io.undertow.security.impl.CachedAuthenticatedSessionMechanism@72916f2a for /api/ingestion/tasks/8/executions 
2026-04-20T19:27:40.943+08:00 DEBUG 151 --- [  XNIO-1 task-2] io.undertow.request.security             : Authentication result was ATTEMPTED for /api/ingestion/tasks/8/executions 
2026-04-20T19:27:40.943+08:00 DEBUG 151 --- [  XNIO-1 task-2] org.postgresql.jdbc.PgConnection         :   setAutoCommit = false 
2026-04-20T19:27:40.945+08:00 DEBUG 151 --- [  XNIO-1 task-2] org.postgresql.jdbc.PgConnection         :   setAutoCommit = true 
2026-04-20T19:27:40.948+08:00 DEBUG 151 --- [  XNIO-1 task-2] io.undertow.request.security             : Attempting to authenticate /api/ingestion/tasks/9/executions, authentication required: false 
2026-04-20T19:27:40.948+08:00 DEBUG 151 --- [  XNIO-1 task-2] io.undertow.request.security             : Authentication outcome was NOT_ATTEMPTED with method io.undertow.security.impl.CachedAuthenticatedSessionMechanism@72916f2a for /api/ingestion/tasks/9/executions 
2026-04-20T19:27:40.948+08:00 DEBUG 151 --- [  XNIO-1 task-2] io.undertow.request.security             : Authentication result was ATTEMPTED for /api/ingestion/tasks/9/executions 
2026-04-20T19:27:40.948+08:00 DEBUG 151 --- [  XNIO-1 task-2] org.postgresql.jdbc.PgConnection         :   setAutoCommit = false 
2026-04-20T19:27:40.950+08:00 DEBUG 151 --- [  XNIO-1 task-2] org.postgresql.jdbc.PgConnection         :   setAutoCommit = true 
2026-04-20T19:27:45.727+08:00 DEBUG 151 --- [   scheduling-1] org.postgresql.jdbc.PgConnection         :   setAutoCommit = false 
2026-04-20T19:27:45.727+08:00 DEBUG 151 --- [   scheduling-1] org.postgresql.jdbc.PgConnection         :   setAutoCommit = true 
2026-04-20T19:27:52.133+08:00 DEBUG 151 --- [   scheduling-1] org.postgresql.jdbc.PgConnection         :   setAutoCommit = false 
2026-04-20T19:27:52.134+08:00 DEBUG 151 --- [   scheduling-1] org.postgresql.jdbc.PgConnection         :   setAutoCommit = true 
2026-04-20T19:28:07.134+08:00 DEBUG 151 --- [   scheduling-1] org.postgresql.jdbc.PgConnection         :   setAutoCommit = false 
2026-04-20T19:28:07.135+08:00 DEBUG 151 --- [   scheduling-1] org.postgresql.jdbc.PgConnection         :   setAutoCommit = true 
2026-04-20T19:28:15.728+08:00 DEBUG 151 --- [   scheduling-1] org.postgresql.jdbc.PgConnection         :   setAutoCommit = false 
2026-04-20T19:28:15.730+08:00 DEBUG 151 --- [   scheduling-1] org.postgresql.jdbc.PgConnection         :   setAutoCommit = true 
2026-04-20T19:28:22.136+08:00 DEBUG 151 --- [   scheduling-1] org.postgresql.jdbc.PgConnection         :   setAutoCommit = false 
2026-04-20T19:28:22.140+08:00 DEBUG 151 --- [   scheduling-1] org.postgresql.jdbc.PgConnection         :   setAutoCommit = true 
2026-04-20T19:28:37.140+08:00 DEBUG 151 --- [   scheduling-1] org.postgresql.jdbc.PgConnection         :   setAutoCommit = false 
2026-04-20T19:28:37.141+08:00 DEBUG 151 --- [   scheduling-1] org.postgresql.jdbc.PgConnection         :   setAutoCommit = true 
2026-04-20T19:28:41.031+08:00 DEBUG 151 --- [   XNIO-1 I/O-6] io.undertow.request                      : Timing out idle connection from /172.19.0.16:35412 
2026-04-20T19:28:42.176+08:00 DEBUG 151 --- [  XNIO-1 task-2] io.undertow.request.security             : Attempting to authenticate /api/ingestion/tasks/list, authentication required: false 
2026-04-20T19:28:42.177+08:00 DEBUG 151 --- [  XNIO-1 task-2] io.undertow.request.security             : Authentication outcome was NOT_ATTEMPTED with method io.undertow.security.impl.CachedAuthenticatedSessionMechanism@72916f2a for /api/ingestion/tasks/list 
2026-04-20T19:28:42.177+08:00 DEBUG 151 --- [  XNIO-1 task-2] io.undertow.request.security             : Authentication result was ATTEMPTED for /api/ingestion/tasks/list 
2026-04-20T19:28:42.180+08:00 DEBUG 151 --- [  XNIO-1 task-2] org.postgresql.jdbc.PgConnection         :   setReadOnly = true 
2026-04-20T19:28:42.180+08:00 DEBUG 151 --- [  XNIO-1 task-2] org.postgresql.jdbc.PgConnection         :   setAutoCommit = false 
2026-04-20T19:28:42.186+08:00 DEBUG 151 --- [  XNIO-1 task-2] org.postgresql.jdbc.PgConnection         :   setAutoCommit = true 
2026-04-20T19:28:42.186+08:00 DEBUG 151 --- [  XNIO-1 task-2] org.postgresql.jdbc.PgConnection         :   setReadOnly = false 
2026-04-20T19:28:42.193+08:00 DEBUG 151 --- [  XNIO-1 task-2] io.undertow.request.security             : Attempting to authenticate /api/ingestion/tasks/1/executions, authentication required: false 
2026-04-20T19:28:42.193+08:00 DEBUG 151 --- [  XNIO-1 task-2] io.undertow.request.security             : Authentication outcome was NOT_ATTEMPTED with method io.undertow.security.impl.CachedAuthenticatedSessionMechanism@72916f2a for /api/ingestion/tasks/1/executions 
2026-04-20T19:28:42.193+08:00 DEBUG 151 --- [  XNIO-1 task-2] io.undertow.request.security             : Authentication result was ATTEMPTED for /api/ingestion/tasks/1/executions 
2026-04-20T19:28:42.196+08:00 DEBUG 151 --- [  XNIO-1 task-2] org.postgresql.jdbc.PgConnection         :   setAutoCommit = false 
2026-04-20T19:28:42.201+08:00 DEBUG 151 --- [  XNIO-1 task-2] org.postgresql.jdbc.PgConnection         :   setAutoCommit = true 
2026-04-20T19:28:42.216+08:00 DEBUG 151 --- [  XNIO-1 task-2] io.undertow.request.security             : Attempting to authenticate /api/ingestion/tasks/2/executions, authentication required: false 
2026-04-20T19:28:42.216+08:00 DEBUG 151 --- [  XNIO-1 task-2] io.undertow.request.security             : Authentication outcome was NOT_ATTEMPTED with method io.undertow.security.impl.CachedAuthenticatedSessionMechanism@72916f2a for /api/ingestion/tasks/2/executions 
2026-04-20T19:28:42.216+08:00 DEBUG 151 --- [  XNIO-1 task-2] io.undertow.request.security             : Authentication result was ATTEMPTED for /api/ingestion/tasks/2/executions 
2026-04-20T19:28:42.219+08:00 DEBUG 151 --- [  XNIO-1 task-2] org.postgresql.jdbc.PgConnection         :   setAutoCommit = false 
2026-04-20T19:28:42.224+08:00 DEBUG 151 --- [  XNIO-1 task-2] org.postgresql.jdbc.PgConnection         :   setAutoCommit = true 
2026-04-20T19:28:42.238+08:00 DEBUG 151 --- [  XNIO-1 task-2] io.undertow.request.security             : Attempting to authenticate /api/ingestion/tasks/3/executions, authentication required: false 
2026-04-20T19:28:42.238+08:00 DEBUG 151 --- [  XNIO-1 task-2] io.undertow.request.security             : Authentication outcome was NOT_ATTEMPTED with method io.undertow.security.impl.CachedAuthenticatedSessionMechanism@72916f2a for /api/ingestion/tasks/3/executions 
2026-04-20T19:28:42.238+08:00 DEBUG 151 --- [  XNIO-1 task-2] io.undertow.request.security             : Authentication result was ATTEMPTED for /api/ingestion/tasks/3/executions 
2026-04-20T19:28:42.241+08:00 DEBUG 151 --- [  XNIO-1 task-2] org.postgresql.jdbc.PgConnection         :   setAutoCommit = false 
2026-04-20T19:28:42.246+08:00 DEBUG 151 --- [  XNIO-1 task-2] org.postgresql.jdbc.PgConnection         :   setAutoCommit = true 
2026-04-20T19:28:42.256+08:00 DEBUG 151 --- [  XNIO-1 task-2] io.undertow.request.security             : Attempting to authenticate /api/ingestion/tasks/4/executions, authentication required: false 
2026-04-20T19:28:42.257+08:00 DEBUG 151 --- [  XNIO-1 task-2] io.undertow.request.security             : Authentication outcome was NOT_ATTEMPTED with method io.undertow.security.impl.CachedAuthenticatedSessionMechanism@72916f2a for /api/ingestion/tasks/4/executions 
2026-04-20T19:28:42.257+08:00 DEBUG 151 --- [  XNIO-1 task-2] io.undertow.request.security             : Authentication result was ATTEMPTED for /api/ingestion/tasks/4/executions 
2026-04-20T19:28:42.257+08:00 DEBUG 151 --- [  XNIO-1 task-2] org.postgresql.jdbc.PgConnection         :   setAutoCommit = false 
2026-04-20T19:28:42.258+08:00 DEBUG 151 --- [  XNIO-1 task-2] org.postgresql.jdbc.PgConnection         :   setAutoCommit = true 
2026-04-20T19:28:42.262+08:00 DEBUG 151 --- [  XNIO-1 task-2] io.undertow.request.security             : Attempting to authenticate /api/ingestion/tasks/7/executions, authentication required: false 
2026-04-20T19:28:42.262+08:00 DEBUG 151 --- [  XNIO-1 task-2] io.undertow.request.security             : Authentication outcome was NOT_ATTEMPTED with method io.undertow.security.impl.CachedAuthenticatedSessionMechanism@72916f2a for /api/ingestion/tasks/7/executions 
2026-04-20T19:28:42.262+08:00 DEBUG 151 --- [  XNIO-1 task-2] io.undertow.request.security             : Authentication result was ATTEMPTED for /api/ingestion/tasks/7/executions 
2026-04-20T19:28:42.263+08:00 DEBUG 151 --- [  XNIO-1 task-2] org.postgresql.jdbc.PgConnection         :   setAutoCommit = false 
2026-04-20T19:28:42.264+08:00 DEBUG 151 --- [  XNIO-1 task-2] org.postgresql.jdbc.PgConnection         :   setAutoCommit = true 
2026-04-20T19:28:42.267+08:00 DEBUG 151 --- [  XNIO-1 task-2] io.undertow.request.security             : Attempting to authenticate /api/ingestion/tasks/6/executions, authentication required: false 
2026-04-20T19:28:42.267+08:00 DEBUG 151 --- [  XNIO-1 task-2] io.undertow.request.security             : Authentication outcome was NOT_ATTEMPTED with method io.undertow.security.impl.CachedAuthenticatedSessionMechanism@72916f2a for /api/ingestion/tasks/6/executions 
2026-04-20T19:28:42.267+08:00 DEBUG 151 --- [  XNIO-1 task-2] io.undertow.request.security             : Authentication result was ATTEMPTED for /api/ingestion/tasks/6/executions 
2026-04-20T19:28:42.268+08:00 DEBUG 151 --- [  XNIO-1 task-2] org.postgresql.jdbc.PgConnection         :   setAutoCommit = false 
2026-04-20T19:28:42.270+08:00 DEBUG 151 --- [  XNIO-1 task-2] org.postgresql.jdbc.PgConnection         :   setAutoCommit = true 
2026-04-20T19:28:42.273+08:00 DEBUG 151 --- [  XNIO-1 task-2] io.undertow.request.security             : Attempting to authenticate /api/ingestion/tasks/8/executions, authentication required: false 
2026-04-20T19:28:42.273+08:00 DEBUG 151 --- [  XNIO-1 task-2] io.undertow.request.security             : Authentication outcome was NOT_ATTEMPTED with method io.undertow.security.impl.CachedAuthenticatedSessionMechanism@72916f2a for /api/ingestion/tasks/8/executions 
2026-04-20T19:28:42.273+08:00 DEBUG 151 --- [  XNIO-1 task-2] io.undertow.request.security             : Authentication result was ATTEMPTED for /api/ingestion/tasks/8/executions 
2026-04-20T19:28:42.273+08:00 DEBUG 151 --- [  XNIO-1 task-2] org.postgresql.jdbc.PgConnection         :   setAutoCommit = false 
2026-04-20T19:28:42.275+08:00 DEBUG 151 --- [  XNIO-1 task-2] org.postgresql.jdbc.PgConnection         :   setAutoCommit = true 
2026-04-20T19:28:42.278+08:00 DEBUG 151 --- [  XNIO-1 task-2] io.undertow.request.security             : Attempting to authenticate /api/ingestion/tasks/9/executions, authentication required: false 
2026-04-20T19:28:42.278+08:00 DEBUG 151 --- [  XNIO-1 task-2] io.undertow.request.security             : Authentication outcome was NOT_ATTEMPTED with method io.undertow.security.impl.CachedAuthenticatedSessionMechanism@72916f2a for /api/ingestion/tasks/9/executions 
2026-04-20T19:28:42.278+08:00 DEBUG 151 --- [  XNIO-1 task-2] io.undertow.request.security             : Authentication result was ATTEMPTED for /api/ingestion/tasks/9/executions 
2026-04-20T19:28:42.279+08:00 DEBUG 151 --- [  XNIO-1 task-2] org.postgresql.jdbc.PgConnection         :   setAutoCommit = false 
2026-04-20T19:28:42.280+08:00 DEBUG 151 --- [  XNIO-1 task-2] org.postgresql.jdbc.PgConnection         :   setAutoCommit = true 
2026-04-20T19:28:45.731+08:00 DEBUG 151 --- [   scheduling-1] org.postgresql.jdbc.PgConnection         :   setAutoCommit = false 
2026-04-20T19:28:45.731+08:00 DEBUG 151 --- [   scheduling-1] org.postgresql.jdbc.PgConnection         :   setAutoCommit = true 
2026-04-20T19:28:52.142+08:00 DEBUG 151 --- [   scheduling-1] org.postgresql.jdbc.PgConnection         :   setAutoCommit = false 
2026-04-20T19:28:52.143+08:00 DEBUG 151 --- [   scheduling-1] org.postgresql.jdbc.PgConnection         :   setAutoCommit = true 
2026-04-20T19:29:07.144+08:00 DEBUG 151 --- [   scheduling-1] org.postgresql.jdbc.PgConnection         :   setAutoCommit = false 
2026-04-20T19:29:07.147+08:00 DEBUG 151 --- [   scheduling-1] org.postgresql.jdbc.PgConnection         :   setAutoCommit = true 
2026-04-20T19:29:15.731+08:00 DEBUG 151 --- [   scheduling-1] org.postgresql.jdbc.PgConnection         :   setAutoCommit = false 
2026-04-20T19:29:15.732+08:00 DEBUG 151 --- [   scheduling-1] org.postgresql.jdbc.PgConnection         :   setAutoCommit = true 
2026-04-20T19:29:22.148+08:00 DEBUG 151 --- [   scheduling-1] org.postgresql.jdbc.PgConnection         :   setAutoCommit = false 
2026-04-20T19:29:22.149+08:00 DEBUG 151 --- [   scheduling-1] org.postgresql.jdbc.PgConnection         :   setAutoCommit = true 
2026-04-20T19:29:37.150+08:00 DEBUG 151 --- [   scheduling-1] org.postgresql.jdbc.PgConnection         :   setAutoCommit = false 
2026-04-20T19:29:37.151+08:00 DEBUG 151 --- [   scheduling-1] org.postgresql.jdbc.PgConnection         :   setAutoCommit = true 
2026-04-20T19:29:42.326+08:00 DEBUG 151 --- [  XNIO-1 I/O-16] io.undertow.request                      : Timing out idle connection from /172.19.0.16:48470 
2026-04-20T19:29:43.069+08:00 DEBUG 151 --- [  XNIO-1 task-2] io.undertow.request.security             : Attempting to authenticate /api/ingestion/tasks/list, authentication required: false 
2026-04-20T19:29:43.069+08:00 DEBUG 151 --- [  XNIO-1 task-2] io.undertow.request.security             : Authentication outcome was NOT_ATTEMPTED with method io.undertow.security.impl.CachedAuthenticatedSessionMechanism@72916f2a for /api/ingestion/tasks/list 
2026-04-20T19:29:43.069+08:00 DEBUG 151 --- [  XNIO-1 task-2] io.undertow.request.security             : Authentication result was ATTEMPTED for /api/ingestion/tasks/list 
2026-04-20T19:29:43.070+08:00 DEBUG 151 --- [  XNIO-1 task-2] org.postgresql.jdbc.PgConnection         :   setReadOnly = true 
2026-04-20T19:29:43.070+08:00 DEBUG 151 --- [  XNIO-1 task-2] org.postgresql.jdbc.PgConnection         :   setAutoCommit = false 
2026-04-20T19:29:43.071+08:00 DEBUG 151 --- [  XNIO-1 task-2] org.postgresql.jdbc.PgConnection         :   setAutoCommit = true 
2026-04-20T19:29:43.071+08:00 DEBUG 151 --- [  XNIO-1 task-2] org.postgresql.jdbc.PgConnection         :   setReadOnly = false 
2026-04-20T19:29:43.073+08:00 DEBUG 151 --- [  XNIO-1 task-2] io.undertow.request.security             : Attempting to authenticate /api/ingestion/tasks/1/executions, authentication required: false 
2026-04-20T19:29:43.074+08:00 DEBUG 151 --- [  XNIO-1 task-2] io.undertow.request.security             : Authentication outcome was NOT_ATTEMPTED with method io.undertow.security.impl.CachedAuthenticatedSessionMechanism@72916f2a for /api/ingestion/tasks/1/executions 
2026-04-20T19:29:43.074+08:00 DEBUG 151 --- [  XNIO-1 task-2] io.undertow.request.security             : Authentication result was ATTEMPTED for /api/ingestion/tasks/1/executions 
2026-04-20T19:29:43.074+08:00 DEBUG 151 --- [  XNIO-1 task-2] org.postgresql.jdbc.PgConnection         :   setAutoCommit = false 
2026-04-20T19:29:43.076+08:00 DEBUG 151 --- [  XNIO-1 task-2] org.postgresql.jdbc.PgConnection         :   setAutoCommit = true 
2026-04-20T19:29:43.080+08:00 DEBUG 151 --- [  XNIO-1 task-2] io.undertow.request.security             : Attempting to authenticate /api/ingestion/tasks/2/executions, authentication required: false 
2026-04-20T19:29:43.080+08:00 DEBUG 151 --- [  XNIO-1 task-2] io.undertow.request.security             : Authentication outcome was NOT_ATTEMPTED with method io.undertow.security.impl.CachedAuthenticatedSessionMechanism@72916f2a for /api/ingestion/tasks/2/executions 
2026-04-20T19:29:43.080+08:00 DEBUG 151 --- [  XNIO-1 task-2] io.undertow.request.security             : Authentication result was ATTEMPTED for /api/ingestion/tasks/2/executions 
2026-04-20T19:29:43.080+08:00 DEBUG 151 --- [  XNIO-1 task-2] org.postgresql.jdbc.PgConnection         :   setAutoCommit = false 
2026-04-20T19:29:43.082+08:00 DEBUG 151 --- [  XNIO-1 task-2] org.postgresql.jdbc.PgConnection         :   setAutoCommit = true 
2026-04-20T19:29:43.085+08:00 DEBUG 151 --- [  XNIO-1 task-2] io.undertow.request.security             : Attempting to authenticate /api/ingestion/tasks/3/executions, authentication required: false 
2026-04-20T19:29:43.085+08:00 DEBUG 151 --- [  XNIO-1 task-2] io.undertow.request.security             : Authentication outcome was NOT_ATTEMPTED with method io.undertow.security.impl.CachedAuthenticatedSessionMechanism@72916f2a for /api/ingestion/tasks/3/executions 
2026-04-20T19:29:43.085+08:00 DEBUG 151 --- [  XNIO-1 task-2] io.undertow.request.security             : Authentication result was ATTEMPTED for /api/ingestion/tasks/3/executions 
2026-04-20T19:29:43.086+08:00 DEBUG 151 --- [  XNIO-1 task-2] org.postgresql.jdbc.PgConnection         :   setAutoCommit = false 
2026-04-20T19:29:43.087+08:00 DEBUG 151 --- [  XNIO-1 task-2] org.postgresql.jdbc.PgConnection         :   setAutoCommit = true 
2026-04-20T19:29:43.091+08:00 DEBUG 151 --- [  XNIO-1 task-2] io.undertow.request.security             : Attempting to authenticate /api/ingestion/tasks/4/executions, authentication required: false 
2026-04-20T19:29:43.091+08:00 DEBUG 151 --- [  XNIO-1 task-2] io.undertow.request.security             : Authentication outcome was NOT_ATTEMPTED with method io.undertow.security.impl.CachedAuthenticatedSessionMechanism@72916f2a for /api/ingestion/tasks/4/executions 
2026-04-20T19:29:43.091+08:00 DEBUG 151 --- [  XNIO-1 task-2] io.undertow.request.security             : Authentication result was ATTEMPTED for /api/ingestion/tasks/4/executions 
2026-04-20T19:29:43.092+08:00 DEBUG 151 --- [  XNIO-1 task-2] org.postgresql.jdbc.PgConnection         :   setAutoCommit = false 
2026-04-20T19:29:43.093+08:00 DEBUG 151 --- [  XNIO-1 task-2] org.postgresql.jdbc.PgConnection         :   setAutoCommit = true 
2026-04-20T19:29:43.097+08:00 DEBUG 151 --- [  XNIO-1 task-2] io.undertow.request.security             : Attempting to authenticate /api/ingestion/tasks/7/executions, authentication required: false 
2026-04-20T19:29:43.097+08:00 DEBUG 151 --- [  XNIO-1 task-2] io.undertow.request.security             : Authentication outcome was NOT_ATTEMPTED with method io.undertow.security.impl.CachedAuthenticatedSessionMechanism@72916f2a for /api/ingestion/tasks/7/executions 
2026-04-20T19:29:43.097+08:00 DEBUG 151 --- [  XNIO-1 task-2] io.undertow.request.security             : Authentication result was ATTEMPTED for /api/ingestion/tasks/7/executions 
2026-04-20T19:29:43.097+08:00 DEBUG 151 --- [  XNIO-1 task-2] org.postgresql.jdbc.PgConnection         :   setAutoCommit = false 
2026-04-20T19:29:43.099+08:00 DEBUG 151 --- [  XNIO-1 task-2] org.postgresql.jdbc.PgConnection         :   setAutoCommit = true 
2026-04-20T19:29:43.102+08:00 DEBUG 151 --- [  XNIO-1 task-2] io.undertow.request.security             : Attempting to authenticate /api/ingestion/tasks/6/executions, authentication required: false 
2026-04-20T19:29:43.102+08:00 DEBUG 151 --- [  XNIO-1 task-2] io.undertow.request.security             : Authentication outcome was NOT_ATTEMPTED with method io.undertow.security.impl.CachedAuthenticatedSessionMechanism@72916f2a for /api/ingestion/tasks/6/executions 
2026-04-20T19:29:43.102+08:00 DEBUG 151 --- [  XNIO-1 task-2] io.undertow.request.security             : Authentication result was ATTEMPTED for /api/ingestion/tasks/6/executions 
2026-04-20T19:29:43.103+08:00 DEBUG 151 --- [  XNIO-1 task-2] org.postgresql.jdbc.PgConnection         :   setAutoCommit = false 
2026-04-20T19:29:43.104+08:00 DEBUG 151 --- [  XNIO-1 task-2] org.postgresql.jdbc.PgConnection         :   setAutoCommit = true 
2026-04-20T19:29:43.107+08:00 DEBUG 151 --- [  XNIO-1 task-2] io.undertow.request.security             : Attempting to authenticate /api/ingestion/tasks/8/executions, authentication required: false 
2026-04-20T19:29:43.107+08:00 DEBUG 151 --- [  XNIO-1 task-2] io.undertow.request.security             : Authentication outcome was NOT_ATTEMPTED with method io.undertow.security.impl.CachedAuthenticatedSessionMechanism@72916f2a for /api/ingestion/tasks/8/executions 
2026-04-20T19:29:43.107+08:00 DEBUG 151 --- [  XNIO-1 task-2] io.undertow.request.security             : Authentication result was ATTEMPTED for /api/ingestion/tasks/8/executions 
2026-04-20T19:29:43.108+08:00 DEBUG 151 --- [  XNIO-1 task-2] org.postgresql.jdbc.PgConnection         :   setAutoCommit = false 
2026-04-20T19:29:43.109+08:00 DEBUG 151 --- [  XNIO-1 task-2] org.postgresql.jdbc.PgConnection         :   setAutoCommit = true 
2026-04-20T19:29:43.112+08:00 DEBUG 151 --- [  XNIO-1 task-2] io.undertow.request.security             : Attempting to authenticate /api/ingestion/tasks/9/executions, authentication required: false 
2026-04-20T19:29:43.112+08:00 DEBUG 151 --- [  XNIO-1 task-2] io.undertow.request.security             : Authentication outcome was NOT_ATTEMPTED with method io.undertow.security.impl.CachedAuthenticatedSessionMechanism@72916f2a for /api/ingestion/tasks/9/executions 
2026-04-20T19:29:43.112+08:00 DEBUG 151 --- [  XNIO-1 task-2] io.undertow.request.security             : Authentication result was ATTEMPTED for /api/ingestion/tasks/9/executions 
2026-04-20T19:29:43.113+08:00 DEBUG 151 --- [  XNIO-1 task-2] org.postgresql.jdbc.PgConnection         :   setAutoCommit = false 
2026-04-20T19:29:43.114+08:00 DEBUG 151 --- [  XNIO-1 task-2] org.postgresql.jdbc.PgConnection         :   setAutoCommit = true 
2026-04-20T19:29:45.733+08:00 DEBUG 151 --- [   scheduling-1] org.postgresql.jdbc.PgConnection         :   setAutoCommit = false 
2026-04-20T19:29:45.735+08:00 DEBUG 151 --- [   scheduling-1] org.postgresql.jdbc.PgConnection         :   setAutoCommit = true 
2026-04-20T19:29:52.152+08:00 DEBUG 151 --- [   scheduling-1] org.postgresql.jdbc.PgConnection         :   setAutoCommit = false 
2026-04-20T19:29:52.155+08:00 DEBUG 151 --- [   scheduling-1] org.postgresql.jdbc.PgConnection         :   setAutoCommit = true 
2026-04-20T19:30:07.156+08:00 DEBUG 151 --- [   scheduling-1] org.postgresql.jdbc.PgConnection         :   setAutoCommit = false 
2026-04-20T19:30:07.159+08:00 DEBUG 151 --- [   scheduling-1] org.postgresql.jdbc.PgConnection         :   setAutoCommit = true 
2026-04-20T19:30:15.736+08:00 DEBUG 151 --- [   scheduling-1] org.postgresql.jdbc.PgConnection         :   setAutoCommit = false 
2026-04-20T19:30:15.738+08:00 DEBUG 151 --- [   scheduling-1] org.postgresql.jdbc.PgConnection         :   setAutoCommit = true 
2026-04-20T19:30:22.160+08:00 DEBUG 151 --- [   scheduling-1] org.postgresql.jdbc.PgConnection         :   setAutoCommit = false 
2026-04-20T19:30:22.164+08:00 DEBUG 151 --- [   scheduling-1] org.postgresql.jdbc.PgConnection         :   setAutoCommit = true 
2026-04-20T19:30:37.165+08:00 DEBUG 151 --- [   scheduling-1] org.postgresql.jdbc.PgConnection         :   setAutoCommit = false 
2026-04-20T19:30:37.168+08:00 DEBUG 151 --- [   scheduling-1] org.postgresql.jdbc.PgConnection         :   setAutoCommit = true 
2026-04-20T19:30:43.219+08:00 DEBUG 151 --- [  XNIO-1 I/O-10] io.undertow.request                      : Timing out idle connection from /172.19.0.16:55478 
2026-04-20T19:30:43.966+08:00 DEBUG 151 --- [  XNIO-1 task-2] io.undertow.request.security             : Attempting to authenticate /api/ingestion/tasks/list, authentication required: false 
2026-04-20T19:30:43.966+08:00 DEBUG 151 --- [  XNIO-1 task-2] io.undertow.request.security             : Authentication outcome was NOT_ATTEMPTED with method io.undertow.security.impl.CachedAuthenticatedSessionMechanism@72916f2a for /api/ingestion/tasks/list 
2026-04-20T19:30:43.966+08:00 DEBUG 151 --- [  XNIO-1 task-2] io.undertow.request.security             : Authentication result was ATTEMPTED for /api/ingestion/tasks/list 
2026-04-20T19:30:43.967+08:00 DEBUG 151 --- [  XNIO-1 task-2] org.postgresql.jdbc.PgConnection         :   setReadOnly = true 
2026-04-20T19:30:43.967+08:00 DEBUG 151 --- [  XNIO-1 task-2] org.postgresql.jdbc.PgConnection         :   setAutoCommit = false 
2026-04-20T19:30:43.969+08:00 DEBUG 151 --- [  XNIO-1 task-2] org.postgresql.jdbc.PgConnection         :   setAutoCommit = true 
2026-04-20T19:30:43.969+08:00 DEBUG 151 --- [  XNIO-1 task-2] org.postgresql.jdbc.PgConnection         :   setReadOnly = false 
2026-04-20T19:30:43.971+08:00 DEBUG 151 --- [  XNIO-1 task-2] io.undertow.request.security             : Attempting to authenticate /api/ingestion/tasks/1/executions, authentication required: false 
2026-04-20T19:30:43.971+08:00 DEBUG 151 --- [  XNIO-1 task-2] io.undertow.request.security             : Authentication outcome was NOT_ATTEMPTED with method io.undertow.security.impl.CachedAuthenticatedSessionMechanism@72916f2a for /api/ingestion/tasks/1/executions 
2026-04-20T19:30:43.971+08:00 DEBUG 151 --- [  XNIO-1 task-2] io.undertow.request.security             : Authentication result was ATTEMPTED for /api/ingestion/tasks/1/executions 
2026-04-20T19:30:43.971+08:00 DEBUG 151 --- [  XNIO-1 task-2] org.postgresql.jdbc.PgConnection         :   setAutoCommit = false 
2026-04-20T19:30:43.973+08:00 DEBUG 151 --- [  XNIO-1 task-2] org.postgresql.jdbc.PgConnection         :   setAutoCommit = true 
2026-04-20T19:30:43.977+08:00 DEBUG 151 --- [  XNIO-1 task-2] io.undertow.request.security             : Attempting to authenticate /api/ingestion/tasks/2/executions, authentication required: false 
2026-04-20T19:30:43.977+08:00 DEBUG 151 --- [  XNIO-1 task-2] io.undertow.request.security             : Authentication outcome was NOT_ATTEMPTED with method io.undertow.security.impl.CachedAuthenticatedSessionMechanism@72916f2a for /api/ingestion/tasks/2/executions 
2026-04-20T19:30:43.977+08:00 DEBUG 151 --- [  XNIO-1 task-2] io.undertow.request.security             : Authentication result was ATTEMPTED for /api/ingestion/tasks/2/executions 
2026-04-20T19:30:43.978+08:00 DEBUG 151 --- [  XNIO-1 task-2] org.postgresql.jdbc.PgConnection         :   setAutoCommit = false 
2026-04-20T19:30:43.979+08:00 DEBUG 151 --- [  XNIO-1 task-2] org.postgresql.jdbc.PgConnection         :   setAutoCommit = true 
2026-04-20T19:30:43.983+08:00 DEBUG 151 --- [  XNIO-1 task-2] io.undertow.request.security             : Attempting to authenticate /api/ingestion/tasks/3/executions, authentication required: false 
2026-04-20T19:30:43.983+08:00 DEBUG 151 --- [  XNIO-1 task-2] io.undertow.request.security             : Authentication outcome was NOT_ATTEMPTED with method io.undertow.security.impl.CachedAuthenticatedSessionMechanism@72916f2a for /api/ingestion/tasks/3/executions 
2026-04-20T19:30:43.983+08:00 DEBUG 151 --- [  XNIO-1 task-2] io.undertow.request.security             : Authentication result was ATTEMPTED for /api/ingestion/tasks/3/executions 
2026-04-20T19:30:43.983+08:00 DEBUG 151 --- [  XNIO-1 task-2] org.postgresql.jdbc.PgConnection         :   setAutoCommit = false 
2026-04-20T19:30:43.985+08:00 DEBUG 151 --- [  XNIO-1 task-2] org.postgresql.jdbc.PgConnection         :   setAutoCommit = true 
2026-04-20T19:30:43.988+08:00 DEBUG 151 --- [  XNIO-1 task-2] io.undertow.request.security             : Attempting to authenticate /api/ingestion/tasks/4/executions, authentication required: false 
2026-04-20T19:30:43.988+08:00 DEBUG 151 --- [  XNIO-1 task-2] io.undertow.request.security             : Authentication outcome was NOT_ATTEMPTED with method io.undertow.security.impl.CachedAuthenticatedSessionMechanism@72916f2a for /api/ingestion/tasks/4/executions 
2026-04-20T19:30:43.988+08:00 DEBUG 151 --- [  XNIO-1 task-2] io.undertow.request.security             : Authentication result was ATTEMPTED for /api/ingestion/tasks/4/executions 
2026-04-20T19:30:43.989+08:00 DEBUG 151 --- [  XNIO-1 task-2] org.postgresql.jdbc.PgConnection         :   setAutoCommit = false 
2026-04-20T19:30:43.990+08:00 DEBUG 151 --- [  XNIO-1 task-2] org.postgresql.jdbc.PgConnection         :   setAutoCommit = true 
2026-04-20T19:30:43.993+08:00 DEBUG 151 --- [  XNIO-1 task-2] io.undertow.request.security             : Attempting to authenticate /api/ingestion/tasks/7/executions, authentication required: false 
2026-04-20T19:30:43.993+08:00 DEBUG 151 --- [  XNIO-1 task-2] io.undertow.request.security             : Authentication outcome was NOT_ATTEMPTED with method io.undertow.security.impl.CachedAuthenticatedSessionMechanism@72916f2a for /api/ingestion/tasks/7/executions 
2026-04-20T19:30:43.993+08:00 DEBUG 151 --- [  XNIO-1 task-2] io.undertow.request.security             : Authentication result was ATTEMPTED for /api/ingestion/tasks/7/executions 
2026-04-20T19:30:43.994+08:00 DEBUG 151 --- [  XNIO-1 task-2] org.postgresql.jdbc.PgConnection         :   setAutoCommit = false 
2026-04-20T19:30:43.995+08:00 DEBUG 151 --- [  XNIO-1 task-2] org.postgresql.jdbc.PgConnection         :   setAutoCommit = true 
2026-04-20T19:30:43.998+08:00 DEBUG 151 --- [  XNIO-1 task-2] io.undertow.request.security             : Attempting to authenticate /api/ingestion/tasks/6/executions, authentication required: false 
2026-04-20T19:30:43.998+08:00 DEBUG 151 --- [  XNIO-1 task-2] io.undertow.request.security             : Authentication outcome was NOT_ATTEMPTED with method io.undertow.security.impl.CachedAuthenticatedSessionMechanism@72916f2a for /api/ingestion/tasks/6/executions 
2026-04-20T19:30:43.998+08:00 DEBUG 151 --- [  XNIO-1 task-2] io.undertow.request.security             : Authentication result was ATTEMPTED for /api/ingestion/tasks/6/executions 
2026-04-20T19:30:43.999+08:00 DEBUG 151 --- [  XNIO-1 task-2] org.postgresql.jdbc.PgConnection         :   setAutoCommit = false 
2026-04-20T19:30:44.000+08:00 DEBUG 151 --- [  XNIO-1 task-2] org.postgresql.jdbc.PgConnection         :   setAutoCommit = true 
2026-04-20T19:30:44.004+08:00 DEBUG 151 --- [  XNIO-1 task-2] io.undertow.request.security             : Attempting to authenticate /api/ingestion/tasks/8/executions, authentication required: false 
2026-04-20T19:30:44.004+08:00 DEBUG 151 --- [  XNIO-1 task-2] io.undertow.request.security             : Authentication outcome was NOT_ATTEMPTED with method io.undertow.security.impl.CachedAuthenticatedSessionMechanism@72916f2a for /api/ingestion/tasks/8/executions 
2026-04-20T19:30:44.004+08:00 DEBUG 151 --- [  XNIO-1 task-2] io.undertow.request.security             : Authentication result was ATTEMPTED for /api/ingestion/tasks/8/executions 
2026-04-20T19:30:44.004+08:00 DEBUG 151 --- [  XNIO-1 task-2] org.postgresql.jdbc.PgConnection         :   setAutoCommit = false 
2026-04-20T19:30:44.006+08:00 DEBUG 151 --- [  XNIO-1 task-2] org.postgresql.jdbc.PgConnection         :   setAutoCommit = true 
2026-04-20T19:30:44.009+08:00 DEBUG 151 --- [  XNIO-1 task-2] io.undertow.request.security             : Attempting to authenticate /api/ingestion/tasks/9/executions, authentication required: false 
2026-04-20T19:30:44.009+08:00 DEBUG 151 --- [  XNIO-1 task-2] io.undertow.request.security             : Authentication outcome was NOT_ATTEMPTED with method io.undertow.security.impl.CachedAuthenticatedSessionMechanism@72916f2a for /api/ingestion/tasks/9/executions 
2026-04-20T19:30:44.009+08:00 DEBUG 151 --- [  XNIO-1 task-2] io.undertow.request.security             : Authentication result was ATTEMPTED for /api/ingestion/tasks/9/executions 
2026-04-20T19:30:44.009+08:00 DEBUG 151 --- [  XNIO-1 task-2] org.postgresql.jdbc.PgConnection         :   setAutoCommit = false 
2026-04-20T19:30:44.011+08:00 DEBUG 151 --- [  XNIO-1 task-2] org.postgresql.jdbc.PgConnection         :   setAutoCommit = true 
2026-04-20T19:30:45.739+08:00 DEBUG 151 --- [   scheduling-1] org.postgresql.jdbc.PgConnection         :   setAutoCommit = false 
2026-04-20T19:30:45.741+08:00 DEBUG 151 --- [   scheduling-1] org.postgresql.jdbc.PgConnection         :   setAutoCommit = true 
2026-04-20T19:30:52.169+08:00 DEBUG 151 --- [   scheduling-1] org.postgresql.jdbc.PgConnection         :   setAutoCommit = false 
2026-04-20T19:30:52.173+08:00 DEBUG 151 --- [   scheduling-1] org.postgresql.jdbc.PgConnection         :   setAutoCommit = true 
2026-04-20T19:31:07.173+08:00 DEBUG 151 --- [   scheduling-1] org.postgresql.jdbc.PgConnection         :   setAutoCommit = false 
2026-04-20T19:31:07.174+08:00 DEBUG 151 --- [   scheduling-1] org.postgresql.jdbc.PgConnection         :   setAutoCommit = true 
2026-04-20T19:31:15.742+08:00 DEBUG 151 --- [   scheduling-1] org.postgresql.jdbc.PgConnection         :   setAutoCommit = false 
2026-04-20T19:31:15.743+08:00 DEBUG 151 --- [   scheduling-1] org.postgresql.jdbc.PgConnection         :   setAutoCommit = true 
2026-04-20T19:31:22.175+08:00 DEBUG 151 --- [   scheduling-1] org.postgresql.jdbc.PgConnection         :   setAutoCommit = false 
2026-04-20T19:31:22.176+08:00 DEBUG 151 --- [   scheduling-1] org.postgresql.jdbc.PgConnection         :   setAutoCommit = true 
2026-04-20T19:31:37.177+08:00 DEBUG 151 --- [   scheduling-1] org.postgresql.jdbc.PgConnection         :   setAutoCommit = false 
2026-04-20T19:31:37.180+08:00 DEBUG 151 --- [   scheduling-1] org.postgresql.jdbc.PgConnection         :   setAutoCommit = true 
2026-04-20T19:31:44.071+08:00 DEBUG 151 --- [   XNIO-1 I/O-1] io.undertow.request                      : Timing out idle connection from /172.19.0.16:35244 
2026-04-20T19:31:44.858+08:00 DEBUG 151 --- [  XNIO-1 task-2] io.undertow.request.security             : Attempting to authenticate /api/ingestion/tasks/list, authentication required: false 
2026-04-20T19:31:44.858+08:00 DEBUG 151 --- [  XNIO-1 task-2] io.undertow.request.security             : Authentication outcome was NOT_ATTEMPTED with method io.undertow.security.impl.CachedAuthenticatedSessionMechanism@72916f2a for /api/ingestion/tasks/list 
2026-04-20T19:31:44.858+08:00 DEBUG 151 --- [  XNIO-1 task-2] io.undertow.request.security             : Authentication result was ATTEMPTED for /api/ingestion/tasks/list 
2026-04-20T19:31:44.860+08:00 DEBUG 151 --- [  XNIO-1 task-2] org.postgresql.jdbc.PgConnection         :   setReadOnly = true 
2026-04-20T19:31:44.861+08:00 DEBUG 151 --- [  XNIO-1 task-2] org.postgresql.jdbc.PgConnection         :   setAutoCommit = false 
2026-04-20T19:31:44.866+08:00 DEBUG 151 --- [  XNIO-1 task-2] org.postgresql.jdbc.PgConnection         :   setAutoCommit = true 
2026-04-20T19:31:44.867+08:00 DEBUG 151 --- [  XNIO-1 task-2] org.postgresql.jdbc.PgConnection         :   setReadOnly = false 
2026-04-20T19:31:44.875+08:00 DEBUG 151 --- [  XNIO-1 task-2] io.undertow.request.security             : Attempting to authenticate /api/ingestion/tasks/1/executions, authentication required: false 
2026-04-20T19:31:44.875+08:00 DEBUG 151 --- [  XNIO-1 task-2] io.undertow.request.security             : Authentication outcome was NOT_ATTEMPTED with method io.undertow.security.impl.CachedAuthenticatedSessionMechanism@72916f2a for /api/ingestion/tasks/1/executions 
2026-04-20T19:31:44.875+08:00 DEBUG 151 --- [  XNIO-1 task-2] io.undertow.request.security             : Authentication result was ATTEMPTED for /api/ingestion/tasks/1/executions 
2026-04-20T19:31:44.878+08:00 DEBUG 151 --- [  XNIO-1 task-2] org.postgresql.jdbc.PgConnection         :   setAutoCommit = false 
2026-04-20T19:31:44.882+08:00 DEBUG 151 --- [  XNIO-1 task-2] org.postgresql.jdbc.PgConnection         :   setAutoCommit = true 
2026-04-20T19:31:44.889+08:00 DEBUG 151 --- [  XNIO-1 task-2] io.undertow.request.security             : Attempting to authenticate /api/ingestion/tasks/2/executions, authentication required: false 
2026-04-20T19:31:44.890+08:00 DEBUG 151 --- [  XNIO-1 task-2] io.undertow.request.security             : Authentication outcome was NOT_ATTEMPTED with method io.undertow.security.impl.CachedAuthenticatedSessionMechanism@72916f2a for /api/ingestion/tasks/2/executions 
2026-04-20T19:31:44.890+08:00 DEBUG 151 --- [  XNIO-1 task-2] io.undertow.request.security             : Authentication result was ATTEMPTED for /api/ingestion/tasks/2/executions 
2026-04-20T19:31:44.890+08:00 DEBUG 151 --- [  XNIO-1 task-2] org.postgresql.jdbc.PgConnection         :   setAutoCommit = false 
2026-04-20T19:31:44.892+08:00 DEBUG 151 --- [  XNIO-1 task-2] org.postgresql.jdbc.PgConnection         :   setAutoCommit = true 
2026-04-20T19:31:44.895+08:00 DEBUG 151 --- [  XNIO-1 task-2] io.undertow.request.security             : Attempting to authenticate /api/ingestion/tasks/3/executions, authentication required: false 
2026-04-20T19:31:44.895+08:00 DEBUG 151 --- [  XNIO-1 task-2] io.undertow.request.security             : Authentication outcome was NOT_ATTEMPTED with method io.undertow.security.impl.CachedAuthenticatedSessionMechanism@72916f2a for /api/ingestion/tasks/3/executions 
2026-04-20T19:31:44.895+08:00 DEBUG 151 --- [  XNIO-1 task-2] io.undertow.request.security             : Authentication result was ATTEMPTED for /api/ingestion/tasks/3/executions 
2026-04-20T19:31:44.896+08:00 DEBUG 151 --- [  XNIO-1 task-2] org.postgresql.jdbc.PgConnection         :   setAutoCommit = false 
2026-04-20T19:31:44.897+08:00 DEBUG 151 --- [  XNIO-1 task-2] org.postgresql.jdbc.PgConnection         :   setAutoCommit = true 
2026-04-20T19:31:44.900+08:00 DEBUG 151 --- [  XNIO-1 task-2] io.undertow.request.security             : Attempting to authenticate /api/ingestion/tasks/4/executions, authentication required: false 
2026-04-20T19:31:44.900+08:00 DEBUG 151 --- [  XNIO-1 task-2] io.undertow.request.security             : Authentication outcome was NOT_ATTEMPTED with method io.undertow.security.impl.CachedAuthenticatedSessionMechanism@72916f2a for /api/ingestion/tasks/4/executions 
2026-04-20T19:31:44.900+08:00 DEBUG 151 --- [  XNIO-1 task-2] io.undertow.request.security             : Authentication result was ATTEMPTED for /api/ingestion/tasks/4/executions 
2026-04-20T19:31:44.901+08:00 DEBUG 151 --- [  XNIO-1 task-2] org.postgresql.jdbc.PgConnection         :   setAutoCommit = false 
2026-04-20T19:31:44.902+08:00 DEBUG 151 --- [  XNIO-1 task-2] org.postgresql.jdbc.PgConnection         :   setAutoCommit = true 
2026-04-20T19:31:44.905+08:00 DEBUG 151 --- [  XNIO-1 task-2] io.undertow.request.security             : Attempting to authenticate /api/ingestion/tasks/7/executions, authentication required: false 
2026-04-20T19:31:44.906+08:00 DEBUG 151 --- [  XNIO-1 task-2] io.undertow.request.security             : Authentication outcome was NOT_ATTEMPTED with method io.undertow.security.impl.CachedAuthenticatedSessionMechanism@72916f2a for /api/ingestion/tasks/7/executions 
2026-04-20T19:31:44.906+08:00 DEBUG 151 --- [  XNIO-1 task-2] io.undertow.request.security             : Authentication result was ATTEMPTED for /api/ingestion/tasks/7/executions 
2026-04-20T19:31:44.906+08:00 DEBUG 151 --- [  XNIO-1 task-2] org.postgresql.jdbc.PgConnection         :   setAutoCommit = false 
2026-04-20T19:31:44.908+08:00 DEBUG 151 --- [  XNIO-1 task-2] org.postgresql.jdbc.PgConnection         :   setAutoCommit = true 
2026-04-20T19:31:44.911+08:00 DEBUG 151 --- [  XNIO-1 task-2] io.undertow.request.security             : Attempting to authenticate /api/ingestion/tasks/6/executions, authentication required: false 
2026-04-20T19:31:44.911+08:00 DEBUG 151 --- [  XNIO-1 task-2] io.undertow.request.security             : Authentication outcome was NOT_ATTEMPTED with method io.undertow.security.impl.CachedAuthenticatedSessionMechanism@72916f2a for /api/ingestion/tasks/6/executions 
2026-04-20T19:31:44.911+08:00 DEBUG 151 --- [  XNIO-1 task-2] io.undertow.request.security             : Authentication result was ATTEMPTED for /api/ingestion/tasks/6/executions 
2026-04-20T19:31:44.912+08:00 DEBUG 151 --- [  XNIO-1 task-2] org.postgresql.jdbc.PgConnection         :   setAutoCommit = false 
2026-04-20T19:31:44.913+08:00 DEBUG 151 --- [  XNIO-1 task-2] org.postgresql.jdbc.PgConnection         :   setAutoCommit = true 
2026-04-20T19:31:44.917+08:00 DEBUG 151 --- [  XNIO-1 task-2] io.undertow.request.security             : Attempting to authenticate /api/ingestion/tasks/8/executions, authentication required: false 
2026-04-20T19:31:44.917+08:00 DEBUG 151 --- [  XNIO-1 task-2] io.undertow.request.security             : Authentication outcome was NOT_ATTEMPTED with method io.undertow.security.impl.CachedAuthenticatedSessionMechanism@72916f2a for /api/ingestion/tasks/8/executions 
2026-04-20T19:31:44.917+08:00 DEBUG 151 --- [  XNIO-1 task-2] io.undertow.request.security             : Authentication result was ATTEMPTED for /api/ingestion/tasks/8/executions 
2026-04-20T19:31:44.918+08:00 DEBUG 151 --- [  XNIO-1 task-2] org.postgresql.jdbc.PgConnection         :   setAutoCommit = false 
2026-04-20T19:31:44.919+08:00 DEBUG 151 --- [  XNIO-1 task-2] org.postgresql.jdbc.PgConnection         :   setAutoCommit = true 
2026-04-20T19:31:44.923+08:00 DEBUG 151 --- [  XNIO-1 task-2] io.undertow.request.security             : Attempting to authenticate /api/ingestion/tasks/9/executions, authentication required: false 
2026-04-20T19:31:44.923+08:00 DEBUG 151 --- [  XNIO-1 task-2] io.undertow.request.security             : Authentication outcome was NOT_ATTEMPTED with method io.undertow.security.impl.CachedAuthenticatedSessionMechanism@72916f2a for /api/ingestion/tasks/9/executions 
2026-04-20T19:31:44.923+08:00 DEBUG 151 --- [  XNIO-1 task-2] io.undertow.request.security             : Authentication result was ATTEMPTED for /api/ingestion/tasks/9/executions 
2026-04-20T19:31:44.923+08:00 DEBUG 151 --- [  XNIO-1 task-2] org.postgresql.jdbc.PgConnection         :   setAutoCommit = false 
2026-04-20T19:31:44.925+08:00 DEBUG 151 --- [  XNIO-1 task-2] org.postgresql.jdbc.PgConnection         :   setAutoCommit = true 
2026-04-20T19:31:45.744+08:00 DEBUG 151 --- [   scheduling-1] org.postgresql.jdbc.PgConnection         :   setAutoCommit = false 
2026-04-20T19:31:45.744+08:00 DEBUG 151 --- [   scheduling-1] org.postgresql.jdbc.PgConnection         :   setAutoCommit = true 
2026-04-20T19:31:52.181+08:00 DEBUG 151 --- [   scheduling-1] org.postgresql.jdbc.PgConnection         :   setAutoCommit = false 
2026-04-20T19:31:52.185+08:00 DEBUG 151 --- [   scheduling-1] org.postgresql.jdbc.PgConnection         :   setAutoCommit = true 
2026-04-20T19:32:07.186+08:00 DEBUG 151 --- [   scheduling-1] org.postgresql.jdbc.PgConnection         :   setAutoCommit = false 
2026-04-20T19:32:07.189+08:00 DEBUG 151 --- [   scheduling-1] org.postgresql.jdbc.PgConnection         :   setAutoCommit = true 
2026-04-20T19:32:15.745+08:00 DEBUG 151 --- [   scheduling-1] org.postgresql.jdbc.PgConnection         :   setAutoCommit = false 
2026-04-20T19:32:15.745+08:00 DEBUG 151 --- [   scheduling-1] org.postgresql.jdbc.PgConnection         :   setAutoCommit = true 
2026-04-20T19:32:22.190+08:00 DEBUG 151 --- [   scheduling-1] org.postgresql.jdbc.PgConnection         :   setAutoCommit = false 
2026-04-20T19:32:22.193+08:00 DEBUG 151 --- [   scheduling-1] org.postgresql.jdbc.PgConnection         :   setAutoCommit = true 
2026-04-20T19:32:37.193+08:00 DEBUG 151 --- [   scheduling-1] org.postgresql.jdbc.PgConnection         :   setAutoCommit = false 
2026-04-20T19:32:37.194+08:00 DEBUG 151 --- [   scheduling-1] org.postgresql.jdbc.PgConnection         :   setAutoCommit = true 
2026-04-20T19:32:45.008+08:00 DEBUG 151 --- [  XNIO-1 I/O-12] io.undertow.request                      : Timing out idle connection from /172.19.0.16:36926 
2026-04-20T19:32:45.746+08:00 DEBUG 151 --- [   scheduling-1] org.postgresql.jdbc.PgConnection         :   setAutoCommit = false 
2026-04-20T19:32:45.748+08:00 DEBUG 151 --- [   scheduling-1] org.postgresql.jdbc.PgConnection         :   setAutoCommit = true 
2026-04-20T19:32:45.777+08:00 DEBUG 151 --- [  XNIO-1 task-2] io.undertow.request.security             : Attempting to authenticate /api/ingestion/tasks/list, authentication required: false 
2026-04-20T19:32:45.778+08:00 DEBUG 151 --- [  XNIO-1 task-2] io.undertow.request.security             : Authentication outcome was NOT_ATTEMPTED with method io.undertow.security.impl.CachedAuthenticatedSessionMechanism@72916f2a for /api/ingestion/tasks/list 
2026-04-20T19:32:45.778+08:00 DEBUG 151 --- [  XNIO-1 task-2] io.undertow.request.security             : Authentication result was ATTEMPTED for /api/ingestion/tasks/list 
2026-04-20T19:32:45.779+08:00 DEBUG 151 --- [  XNIO-1 task-2] org.postgresql.jdbc.PgConnection         :   setReadOnly = true 
2026-04-20T19:32:45.779+08:00 DEBUG 151 --- [  XNIO-1 task-2] org.postgresql.jdbc.PgConnection         :   setAutoCommit = false 
2026-04-20T19:32:45.783+08:00 DEBUG 151 --- [  XNIO-1 task-2] org.postgresql.jdbc.PgConnection         :   setAutoCommit = true 
2026-04-20T19:32:45.783+08:00 DEBUG 151 --- [  XNIO-1 task-2] org.postgresql.jdbc.PgConnection         :   setReadOnly = false 
2026-04-20T19:32:45.785+08:00 DEBUG 151 --- [  XNIO-1 task-2] io.undertow.request.security             : Attempting to authenticate /api/ingestion/tasks/1/executions, authentication required: false 
2026-04-20T19:32:45.785+08:00 DEBUG 151 --- [  XNIO-1 task-2] io.undertow.request.security             : Authentication outcome was NOT_ATTEMPTED with method io.undertow.security.impl.CachedAuthenticatedSessionMechanism@72916f2a for /api/ingestion/tasks/1/executions 
2026-04-20T19:32:45.785+08:00 DEBUG 151 --- [  XNIO-1 task-2] io.undertow.request.security             : Authentication result was ATTEMPTED for /api/ingestion/tasks/1/executions 
2026-04-20T19:32:45.786+08:00 DEBUG 151 --- [  XNIO-1 task-2] org.postgresql.jdbc.PgConnection         :   setAutoCommit = false 
2026-04-20T19:32:45.787+08:00 DEBUG 151 --- [  XNIO-1 task-2] org.postgresql.jdbc.PgConnection         :   setAutoCommit = true 
2026-04-20T19:32:45.791+08:00 DEBUG 151 --- [  XNIO-1 task-2] io.undertow.request.security             : Attempting to authenticate /api/ingestion/tasks/2/executions, authentication required: false 
2026-04-20T19:32:45.791+08:00 DEBUG 151 --- [  XNIO-1 task-2] io.undertow.request.security             : Authentication outcome was NOT_ATTEMPTED with method io.undertow.security.impl.CachedAuthenticatedSessionMechanism@72916f2a for /api/ingestion/tasks/2/executions 
2026-04-20T19:32:45.791+08:00 DEBUG 151 --- [  XNIO-1 task-2] io.undertow.request.security             : Authentication result was ATTEMPTED for /api/ingestion/tasks/2/executions 
2026-04-20T19:32:45.792+08:00 DEBUG 151 --- [  XNIO-1 task-2] org.postgresql.jdbc.PgConnection         :   setAutoCommit = false 
2026-04-20T19:32:45.793+08:00 DEBUG 151 --- [  XNIO-1 task-2] org.postgresql.jdbc.PgConnection         :   setAutoCommit = true 
2026-04-20T19:32:45.796+08:00 DEBUG 151 --- [  XNIO-1 task-2] io.undertow.request.security             : Attempting to authenticate /api/ingestion/tasks/3/executions, authentication required: false 
2026-04-20T19:32:45.796+08:00 DEBUG 151 --- [  XNIO-1 task-2] io.undertow.request.security             : Authentication outcome was NOT_ATTEMPTED with method io.undertow.security.impl.CachedAuthenticatedSessionMechanism@72916f2a for /api/ingestion/tasks/3/executions 
2026-04-20T19:32:45.796+08:00 DEBUG 151 --- [  XNIO-1 task-2] io.undertow.request.security             : Authentication result was ATTEMPTED for /api/ingestion/tasks/3/executions 
2026-04-20T19:32:45.797+08:00 DEBUG 151 --- [  XNIO-1 task-2] org.postgresql.jdbc.PgConnection         :   setAutoCommit = false 
2026-04-20T19:32:45.799+08:00 DEBUG 151 --- [  XNIO-1 task-2] org.postgresql.jdbc.PgConnection         :   setAutoCommit = true 
2026-04-20T19:32:45.802+08:00 DEBUG 151 --- [  XNIO-1 task-2] io.undertow.request.security             : Attempting to authenticate /api/ingestion/tasks/4/executions, authentication required: false 
2026-04-20T19:32:45.802+08:00 DEBUG 151 --- [  XNIO-1 task-2] io.undertow.request.security             : Authentication outcome was NOT_ATTEMPTED with method io.undertow.security.impl.CachedAuthenticatedSessionMechanism@72916f2a for /api/ingestion/tasks/4/executions 
2026-04-20T19:32:45.802+08:00 DEBUG 151 --- [  XNIO-1 task-2] io.undertow.request.security             : Authentication result was ATTEMPTED for /api/ingestion/tasks/4/executions 
2026-04-20T19:32:45.803+08:00 DEBUG 151 --- [  XNIO-1 task-2] org.postgresql.jdbc.PgConnection         :   setAutoCommit = false 
2026-04-20T19:32:45.804+08:00 DEBUG 151 --- [  XNIO-1 task-2] org.postgresql.jdbc.PgConnection         :   setAutoCommit = true 
2026-04-20T19:32:45.808+08:00 DEBUG 151 --- [  XNIO-1 task-2] io.undertow.request.security             : Attempting to authenticate /api/ingestion/tasks/7/executions, authentication required: false 
2026-04-20T19:32:45.808+08:00 DEBUG 151 --- [  XNIO-1 task-2] io.undertow.request.security             : Authentication outcome was NOT_ATTEMPTED with method io.undertow.security.impl.CachedAuthenticatedSessionMechanism@72916f2a for /api/ingestion/tasks/7/executions 
2026-04-20T19:32:45.808+08:00 DEBUG 151 --- [  XNIO-1 task-2] io.undertow.request.security             : Authentication result was ATTEMPTED for /api/ingestion/tasks/7/executions 
2026-04-20T19:32:45.808+08:00 DEBUG 151 --- [  XNIO-1 task-2] org.postgresql.jdbc.PgConnection         :   setAutoCommit = false 
2026-04-20T19:32:45.810+08:00 DEBUG 151 --- [  XNIO-1 task-2] org.postgresql.jdbc.PgConnection         :   setAutoCommit = true 
2026-04-20T19:32:45.813+08:00 DEBUG 151 --- [  XNIO-1 task-2] io.undertow.request.security             : Attempting to authenticate /api/ingestion/tasks/6/executions, authentication required: false 
2026-04-20T19:32:45.813+08:00 DEBUG 151 --- [  XNIO-1 task-2] io.undertow.request.security             : Authentication outcome was NOT_ATTEMPTED with method io.undertow.security.impl.CachedAuthenticatedSessionMechanism@72916f2a for /api/ingestion/tasks/6/executions 
2026-04-20T19:32:45.813+08:00 DEBUG 151 --- [  XNIO-1 task-2] io.undertow.request.security             : Authentication result was ATTEMPTED for /api/ingestion/tasks/6/executions 
2026-04-20T19:32:45.814+08:00 DEBUG 151 --- [  XNIO-1 task-2] org.postgresql.jdbc.PgConnection         :   setAutoCommit = false 
2026-04-20T19:32:45.815+08:00 DEBUG 151 --- [  XNIO-1 task-2] org.postgresql.jdbc.PgConnection         :   setAutoCommit = true 
2026-04-20T19:32:45.818+08:00 DEBUG 151 --- [  XNIO-1 task-2] io.undertow.request.security             : Attempting to authenticate /api/ingestion/tasks/8/executions, authentication required: false 
2026-04-20T19:32:45.818+08:00 DEBUG 151 --- [  XNIO-1 task-2] io.undertow.request.security             : Authentication outcome was NOT_ATTEMPTED with method io.undertow.security.impl.CachedAuthenticatedSessionMechanism@72916f2a for /api/ingestion/tasks/8/executions 
2026-04-20T19:32:45.818+08:00 DEBUG 151 --- [  XNIO-1 task-2] io.undertow.request.security             : Authentication result was ATTEMPTED for /api/ingestion/tasks/8/executions 
2026-04-20T19:32:45.819+08:00 DEBUG 151 --- [  XNIO-1 task-2] org.postgresql.jdbc.PgConnection         :   setAutoCommit = false 
2026-04-20T19:32:45.820+08:00 DEBUG 151 --- [  XNIO-1 task-2] org.postgresql.jdbc.PgConnection         :   setAutoCommit = true 
2026-04-20T19:32:45.824+08:00 DEBUG 151 --- [  XNIO-1 task-2] io.undertow.request.security             : Attempting to authenticate /api/ingestion/tasks/9/executions, authentication required: false 
2026-04-20T19:32:45.824+08:00 DEBUG 151 --- [  XNIO-1 task-2] io.undertow.request.security             : Authentication outcome was NOT_ATTEMPTED with method io.undertow.security.impl.CachedAuthenticatedSessionMechanism@72916f2a for /api/ingestion/tasks/9/executions 
2026-04-20T19:32:45.824+08:00 DEBUG 151 --- [  XNIO-1 task-2] io.undertow.request.security             : Authentication result was ATTEMPTED for /api/ingestion/tasks/9/executions 
2026-04-20T19:32:45.825+08:00 DEBUG 151 --- [  XNIO-1 task-2] org.postgresql.jdbc.PgConnection         :   setAutoCommit = false 
2026-04-20T19:32:45.826+08:00 DEBUG 151 --- [  XNIO-1 task-2] org.postgresql.jdbc.PgConnection         :   setAutoCommit = true 
2026-04-20T19:32:52.195+08:00 DEBUG 151 --- [   scheduling-1] org.postgresql.jdbc.PgConnection         :   setAutoCommit = false 
2026-04-20T19:32:52.198+08:00 DEBUG 151 --- [   scheduling-1] org.postgresql.jdbc.PgConnection         :   setAutoCommit = true 
2026-04-20T19:32:58.204+08:00 DEBUG 151 --- [onnection adder] org.postgresql.Driver                    : Connecting with URL: jdbc:postgresql://dts-pg:5432/dts_platform 
2026-04-20T19:32:58.204+08:00 DEBUG 151 --- [onnection adder] org.postgresql.jdbc.PgConnection         : PostgreSQL JDBC Driver 42.7.5 
2026-04-20T19:32:58.205+08:00 DEBUG 151 --- [onnection adder] org.postgresql.jdbc.PgConnection         :   setDefaultFetchSize = 0 
2026-04-20T19:32:58.205+08:00 DEBUG 151 --- [onnection adder] org.postgresql.jdbc.PgConnection         :   setPrepareThreshold = 5 
2026-04-20T19:32:58.205+08:00 DEBUG 151 --- [onnection adder] o.p.core.v3.ConnectionFactoryImpl        : Trying to establish a protocol version 3 connection to dts-pg:5432 
2026-04-20T19:32:58.207+08:00 DEBUG 151 --- [onnection adder] o.p.core.v3.ConnectionFactoryImpl        : Receive Buffer Size is 65,536 
2026-04-20T19:32:58.207+08:00 DEBUG 151 --- [onnection adder] o.p.core.v3.ConnectionFactoryImpl        : Send Buffer Size is 43,520 
2026-04-20T19:33:07.199+08:00 DEBUG 151 --- [   scheduling-1] org.postgresql.jdbc.PgConnection         :   setAutoCommit = false 
2026-04-20T19:33:07.203+08:00 DEBUG 151 --- [   scheduling-1] org.postgresql.jdbc.PgConnection         :   setAutoCommit = true 
2026-04-20T19:33:15.749+08:00 DEBUG 151 --- [   scheduling-1] org.postgresql.jdbc.PgConnection         :   setAutoCommit = false 
2026-04-20T19:33:15.752+08:00 DEBUG 151 --- [   scheduling-1] org.postgresql.jdbc.PgConnection         :   setAutoCommit = true 
2026-04-20T19:33:21.777+08:00 DEBUG 151 --- [onnection adder] org.postgresql.Driver                    : Connecting with URL: jdbc:postgresql://dts-pg:5432/dts_platform 
2026-04-20T19:33:21.777+08:00 DEBUG 151 --- [onnection adder] org.postgresql.jdbc.PgConnection         : PostgreSQL JDBC Driver 42.7.5 
2026-04-20T19:33:21.777+08:00 DEBUG 151 --- [onnection adder] org.postgresql.jdbc.PgConnection         :   setDefaultFetchSize = 0 
2026-04-20T19:33:21.777+08:00 DEBUG 151 --- [onnection adder] org.postgresql.jdbc.PgConnection         :   setPrepareThreshold = 5 
2026-04-20T19:33:21.777+08:00 DEBUG 151 --- [onnection adder] o.p.core.v3.ConnectionFactoryImpl        : Trying to establish a protocol version 3 connection to dts-pg:5432 
2026-04-20T19:33:21.778+08:00 DEBUG 151 --- [onnection adder] o.p.core.v3.ConnectionFactoryImpl        : Receive Buffer Size is 65,536 
2026-04-20T19:33:21.778+08:00 DEBUG 151 --- [onnection adder] o.p.core.v3.ConnectionFactoryImpl        : Send Buffer Size is 43,520 
2026-04-20T19:33:22.203+08:00 DEBUG 151 --- [   scheduling-1] org.postgresql.jdbc.PgConnection         :   setAutoCommit = false 
2026-04-20T19:33:22.208+08:00 DEBUG 151 --- [   scheduling-1] org.postgresql.jdbc.PgConnection         :   setAutoCommit = true 
2026-04-20T19:33:37.209+08:00 DEBUG 151 --- [   scheduling-1] org.postgresql.jdbc.PgConnection         :   setAutoCommit = false 
2026-04-20T19:33:37.213+08:00 DEBUG 151 --- [   scheduling-1] org.postgresql.jdbc.PgConnection         :   setAutoCommit = true 
2026-04-20T19:33:45.753+08:00 DEBUG 151 --- [   scheduling-1] org.postgresql.jdbc.PgConnection         :   setAutoCommit = false 
2026-04-20T19:33:45.757+08:00 DEBUG 151 --- [   scheduling-1] org.postgresql.jdbc.PgConnection         :   setAutoCommit = true 
2026-04-20T19:33:45.928+08:00 DEBUG 151 --- [  XNIO-1 I/O-13] io.undertow.request                      : Timing out idle connection from /172.19.0.16:33652 
2026-04-20T19:33:46.725+08:00 DEBUG 151 --- [  XNIO-1 task-2] io.undertow.request.security             : Attempting to authenticate /api/ingestion/tasks/list, authentication required: false 
2026-04-20T19:33:46.725+08:00 DEBUG 151 --- [  XNIO-1 task-2] io.undertow.request.security             : Authentication outcome was NOT_ATTEMPTED with method io.undertow.security.impl.CachedAuthenticatedSessionMechanism@72916f2a for /api/ingestion/tasks/list 
2026-04-20T19:33:46.725+08:00 DEBUG 151 --- [  XNIO-1 task-2] io.undertow.request.security             : Authentication result was ATTEMPTED for /api/ingestion/tasks/list 
2026-04-20T19:33:46.728+08:00 DEBUG 151 --- [  XNIO-1 task-2] org.postgresql.jdbc.PgConnection         :   setReadOnly = true 
2026-04-20T19:33:46.728+08:00 DEBUG 151 --- [  XNIO-1 task-2] org.postgresql.jdbc.PgConnection         :   setAutoCommit = false 
2026-04-20T19:33:46.740+08:00 DEBUG 151 --- [  XNIO-1 task-2] org.postgresql.jdbc.PgConnection         :   setAutoCommit = true 
2026-04-20T19:33:46.740+08:00 DEBUG 151 --- [  XNIO-1 task-2] org.postgresql.jdbc.PgConnection         :   setReadOnly = false 
2026-04-20T19:33:46.747+08:00 DEBUG 151 --- [  XNIO-1 task-2] io.undertow.request.security             : Attempting to authenticate /api/ingestion/tasks/1/executions, authentication required: false 
2026-04-20T19:33:46.747+08:00 DEBUG 151 --- [  XNIO-1 task-2] io.undertow.request.security             : Authentication outcome was NOT_ATTEMPTED with method io.undertow.security.impl.CachedAuthenticatedSessionMechanism@72916f2a for /api/ingestion/tasks/1/executions 
2026-04-20T19:33:46.747+08:00 DEBUG 151 --- [  XNIO-1 task-2] io.undertow.request.security             : Authentication result was ATTEMPTED for /api/ingestion/tasks/1/executions 
2026-04-20T19:33:46.749+08:00 DEBUG 151 --- [  XNIO-1 task-2] org.postgresql.jdbc.PgConnection         :   setAutoCommit = false 
2026-04-20T19:33:46.755+08:00 DEBUG 151 --- [  XNIO-1 task-2] org.postgresql.jdbc.PgConnection         :   setAutoCommit = true 
2026-04-20T19:33:46.765+08:00 DEBUG 151 --- [  XNIO-1 task-2] io.undertow.request.security             : Attempting to authenticate /api/ingestion/tasks/2/executions, authentication required: false 
2026-04-20T19:33:46.765+08:00 DEBUG 151 --- [  XNIO-1 task-2] io.undertow.request.security             : Authentication outcome was NOT_ATTEMPTED with method io.undertow.security.impl.CachedAuthenticatedSessionMechanism@72916f2a for /api/ingestion/tasks/2/executions 
2026-04-20T19:33:46.765+08:00 DEBUG 151 --- [  XNIO-1 task-2] io.undertow.request.security             : Authentication result was ATTEMPTED for /api/ingestion/tasks/2/executions 
2026-04-20T19:33:46.766+08:00 DEBUG 151 --- [  XNIO-1 task-2] org.postgresql.jdbc.PgConnection         :   setAutoCommit = false 
2026-04-20T19:33:46.767+08:00 DEBUG 151 --- [  XNIO-1 task-2] org.postgresql.jdbc.PgConnection         :   setAutoCommit = true 
2026-04-20T19:33:46.771+08:00 DEBUG 151 --- [  XNIO-1 task-2] io.undertow.request.security             : Attempting to authenticate /api/ingestion/tasks/3/executions, authentication required: false 
2026-04-20T19:33:46.771+08:00 DEBUG 151 --- [  XNIO-1 task-2] io.undertow.request.security             : Authentication outcome was NOT_ATTEMPTED with method io.undertow.security.impl.CachedAuthenticatedSessionMechanism@72916f2a for /api/ingestion/tasks/3/executions 
2026-04-20T19:33:46.771+08:00 DEBUG 151 --- [  XNIO-1 task-2] io.undertow.request.security             : Authentication result was ATTEMPTED for /api/ingestion/tasks/3/executions 
2026-04-20T19:33:46.772+08:00 DEBUG 151 --- [  XNIO-1 task-2] org.postgresql.jdbc.PgConnection         :   setAutoCommit = false 
2026-04-20T19:33:46.773+08:00 DEBUG 151 --- [  XNIO-1 task-2] org.postgresql.jdbc.PgConnection         :   setAutoCommit = true 
2026-04-20T19:33:46.777+08:00 DEBUG 151 --- [  XNIO-1 task-2] io.undertow.request.security             : Attempting to authenticate /api/ingestion/tasks/4/executions, authentication required: false 
2026-04-20T19:33:46.777+08:00 DEBUG 151 --- [  XNIO-1 task-2] io.undertow.request.security             : Authentication outcome was NOT_ATTEMPTED with method io.undertow.security.impl.CachedAuthenticatedSessionMechanism@72916f2a for /api/ingestion/tasks/4/executions 
2026-04-20T19:33:46.777+08:00 DEBUG 151 --- [  XNIO-1 task-2] io.undertow.request.security             : Authentication result was ATTEMPTED for /api/ingestion/tasks/4/executions 
2026-04-20T19:33:46.778+08:00 DEBUG 151 --- [  XNIO-1 task-2] org.postgresql.jdbc.PgConnection         :   setAutoCommit = false 
2026-04-20T19:33:46.779+08:00 DEBUG 151 --- [  XNIO-1 task-2] org.postgresql.jdbc.PgConnection         :   setAutoCommit = true 
2026-04-20T19:33:46.783+08:00 DEBUG 151 --- [  XNIO-1 task-2] io.undertow.request.security             : Attempting to authenticate /api/ingestion/tasks/7/executions, authentication required: false 
2026-04-20T19:33:46.783+08:00 DEBUG 151 --- [  XNIO-1 task-2] io.undertow.request.security             : Authentication outcome was NOT_ATTEMPTED with method io.undertow.security.impl.CachedAuthenticatedSessionMechanism@72916f2a for /api/ingestion/tasks/7/executions 
2026-04-20T19:33:46.783+08:00 DEBUG 151 --- [  XNIO-1 task-2] io.undertow.request.security             : Authentication result was ATTEMPTED for /api/ingestion/tasks/7/executions 
2026-04-20T19:33:46.784+08:00 DEBUG 151 --- [  XNIO-1 task-2] org.postgresql.jdbc.PgConnection         :   setAutoCommit = false 
2026-04-20T19:33:46.785+08:00 DEBUG 151 --- [  XNIO-1 task-2] org.postgresql.jdbc.PgConnection         :   setAutoCommit = true 
2026-04-20T19:33:46.789+08:00 DEBUG 151 --- [  XNIO-1 task-2] io.undertow.request.security             : Attempting to authenticate /api/ingestion/tasks/6/executions, authentication required: false 
2026-04-20T19:33:46.789+08:00 DEBUG 151 --- [  XNIO-1 task-2] io.undertow.request.security             : Authentication outcome was NOT_ATTEMPTED with method io.undertow.security.impl.CachedAuthenticatedSessionMechanism@72916f2a for /api/ingestion/tasks/6/executions 
2026-04-20T19:33:46.789+08:00 DEBUG 151 --- [  XNIO-1 task-2] io.undertow.request.security             : Authentication result was ATTEMPTED for /api/ingestion/tasks/6/executions 
2026-04-20T19:33:46.789+08:00 DEBUG 151 --- [  XNIO-1 task-2] org.postgresql.jdbc.PgConnection         :   setAutoCommit = false 
2026-04-20T19:33:46.791+08:00 DEBUG 151 --- [  XNIO-1 task-2] org.postgresql.jdbc.PgConnection         :   setAutoCommit = true 
2026-04-20T19:33:46.794+08:00 DEBUG 151 --- [  XNIO-1 task-2] io.undertow.request.security             : Attempting to authenticate /api/ingestion/tasks/8/executions, authentication required: false 
2026-04-20T19:33:46.794+08:00 DEBUG 151 --- [  XNIO-1 task-2] io.undertow.request.security             : Authentication outcome was NOT_ATTEMPTED with method io.undertow.security.impl.CachedAuthenticatedSessionMechanism@72916f2a for /api/ingestion/tasks/8/executions 
2026-04-20T19:33:46.794+08:00 DEBUG 151 --- [  XNIO-1 task-2] io.undertow.request.security             : Authentication result was ATTEMPTED for /api/ingestion/tasks/8/executions 
2026-04-20T19:33:46.795+08:00 DEBUG 151 --- [  XNIO-1 task-2] org.postgresql.jdbc.PgConnection         :   setAutoCommit = false 
2026-04-20T19:33:46.796+08:00 DEBUG 151 --- [  XNIO-1 task-2] org.postgresql.jdbc.PgConnection         :   setAutoCommit = true 
2026-04-20T19:33:46.800+08:00 DEBUG 151 --- [  XNIO-1 task-2] io.undertow.request.security             : Attempting to authenticate /api/ingestion/tasks/9/executions, authentication required: false 
2026-04-20T19:33:46.800+08:00 DEBUG 151 --- [  XNIO-1 task-2] io.undertow.request.security             : Authentication outcome was NOT_ATTEMPTED with method io.undertow.security.impl.CachedAuthenticatedSessionMechanism@72916f2a for /api/ingestion/tasks/9/executions 
2026-04-20T19:33:46.800+08:00 DEBUG 151 --- [  XNIO-1 task-2] io.undertow.request.security             : Authentication result was ATTEMPTED for /api/ingestion/tasks/9/executions 
2026-04-20T19:33:46.801+08:00 DEBUG 151 --- [  XNIO-1 task-2] org.postgresql.jdbc.PgConnection         :   setAutoCommit = false 
2026-04-20T19:33:46.802+08:00 DEBUG 151 --- [  XNIO-1 task-2] org.postgresql.jdbc.PgConnection         :   setAutoCommit = true 
2026-04-20T19:33:52.214+08:00 DEBUG 151 --- [   scheduling-1] org.postgresql.jdbc.PgConnection         :   setAutoCommit = false 
2026-04-20T19:33:52.215+08:00 DEBUG 151 --- [   scheduling-1] org.postgresql.jdbc.PgConnection         :   setAutoCommit = true 
2026-04-20T19:33:57.316+08:00 DEBUG 151 --- [onnection adder] org.postgresql.Driver                    : Connecting with URL: jdbc:postgresql://dts-pg:5432/dts_platform 
2026-04-20T19:33:57.317+08:00 DEBUG 151 --- [onnection adder] org.postgresql.jdbc.PgConnection         : PostgreSQL JDBC Driver 42.7.5 
2026-04-20T19:33:57.317+08:00 DEBUG 151 --- [onnection adder] org.postgresql.jdbc.PgConnection         :   setDefaultFetchSize = 0 
2026-04-20T19:33:57.317+08:00 DEBUG 151 --- [onnection adder] org.postgresql.jdbc.PgConnection         :   setPrepareThreshold = 5 
2026-04-20T19:33:57.317+08:00 DEBUG 151 --- [onnection adder] o.p.core.v3.ConnectionFactoryImpl        : Trying to establish a protocol version 3 connection to dts-pg:5432 
2026-04-20T19:33:57.318+08:00 DEBUG 151 --- [onnection adder] o.p.core.v3.ConnectionFactoryImpl        : Receive Buffer Size is 65,536 
2026-04-20T19:33:57.318+08:00 DEBUG 151 --- [onnection adder] o.p.core.v3.ConnectionFactoryImpl        : Send Buffer Size is 43,520 
2026-04-20T19:34:07.215+08:00 DEBUG 151 --- [   scheduling-1] org.postgresql.jdbc.PgConnection         :   setAutoCommit = false 
2026-04-20T19:34:07.219+08:00 DEBUG 151 --- [   scheduling-1] org.postgresql.jdbc.PgConnection         :   setAutoCommit = true 
2026-04-20T19:34:13.855+08:00 DEBUG 151 --- [onnection adder] org.postgresql.Driver                    : Connecting with URL: jdbc:postgresql://dts-pg:5432/dts_platform 
2026-04-20T19:34:13.855+08:00 DEBUG 151 --- [onnection adder] org.postgresql.jdbc.PgConnection         : PostgreSQL JDBC Driver 42.7.5 
2026-04-20T19:34:13.856+08:00 DEBUG 151 --- [onnection adder] org.postgresql.jdbc.PgConnection         :   setDefaultFetchSize = 0 
2026-04-20T19:34:13.856+08:00 DEBUG 151 --- [onnection adder] org.postgresql.jdbc.PgConnection         :   setPrepareThreshold = 5 
2026-04-20T19:34:13.856+08:00 DEBUG 151 --- [onnection adder] o.p.core.v3.ConnectionFactoryImpl        : Trying to establish a protocol version 3 connection to dts-pg:5432 
2026-04-20T19:34:13.857+08:00 DEBUG 151 --- [onnection adder] o.p.core.v3.ConnectionFactoryImpl        : Receive Buffer Size is 65,536 
2026-04-20T19:34:13.857+08:00 DEBUG 151 --- [onnection adder] o.p.core.v3.ConnectionFactoryImpl        : Send Buffer Size is 43,520 
2026-04-20T19:34:15.758+08:00 DEBUG 151 --- [   scheduling-1] org.postgresql.jdbc.PgConnection         :   setAutoCommit = false 
2026-04-20T19:34:15.762+08:00 DEBUG 151 --- [   scheduling-1] org.postgresql.jdbc.PgConnection         :   setAutoCommit = true 
2026-04-20T19:34:22.219+08:00 DEBUG 151 --- [   scheduling-1] org.postgresql.jdbc.PgConnection         :   setAutoCommit = false 
2026-04-20T19:34:22.221+08:00 DEBUG 151 --- [   scheduling-1] org.postgresql.jdbc.PgConnection         :   setAutoCommit = true 
2026-04-20T19:34:23.834+08:00 DEBUG 151 --- [onnection adder] org.postgresql.Driver                    : Connecting with URL: jdbc:postgresql://dts-pg:5432/dts_platform 
2026-04-20T19:34:23.834+08:00 DEBUG 151 --- [onnection adder] org.postgresql.jdbc.PgConnection         : PostgreSQL JDBC Driver 42.7.5 
2026-04-20T19:34:23.834+08:00 DEBUG 151 --- [onnection adder] org.postgresql.jdbc.PgConnection         :   setDefaultFetchSize = 0 
2026-04-20T19:34:23.834+08:00 DEBUG 151 --- [onnection adder] org.postgresql.jdbc.PgConnection         :   setPrepareThreshold = 5 
2026-04-20T19:34:23.834+08:00 DEBUG 151 --- [onnection adder] o.p.core.v3.ConnectionFactoryImpl        : Trying to establish a protocol version 3 connection to dts-pg:5432 
2026-04-20T19:34:23.834+08:00 DEBUG 151 --- [onnection adder] o.p.core.v3.ConnectionFactoryImpl        : Receive Buffer Size is 65,536 
2026-04-20T19:34:23.834+08:00 DEBUG 151 --- [onnection adder] o.p.core.v3.ConnectionFactoryImpl        : Send Buffer Size is 43,520 
2026-04-20T19:34:24.701+08:00 DEBUG 151 --- [onnection adder] org.postgresql.Driver                    : Connecting with URL: jdbc:postgresql://dts-pg:5432/dts_platform 
2026-04-20T19:34:24.701+08:00 DEBUG 151 --- [onnection adder] org.postgresql.jdbc.PgConnection         : PostgreSQL JDBC Driver 42.7.5 
2026-04-20T19:34:24.701+08:00 DEBUG 151 --- [onnection adder] org.postgresql.jdbc.PgConnection         :   setDefaultFetchSize = 0 
2026-04-20T19:34:24.702+08:00 DEBUG 151 --- [onnection adder] org.postgresql.jdbc.PgConnection         :   setPrepareThreshold = 5 
2026-04-20T19:34:24.702+08:00 DEBUG 151 --- [onnection adder] o.p.core.v3.ConnectionFactoryImpl        : Trying to establish a protocol version 3 connection to dts-pg:5432 
2026-04-20T19:34:24.703+08:00 DEBUG 151 --- [onnection adder] o.p.core.v3.ConnectionFactoryImpl        : Receive Buffer Size is 65,536 
2026-04-20T19:34:24.703+08:00 DEBUG 151 --- [onnection adder] o.p.core.v3.ConnectionFactoryImpl        : Send Buffer Size is 43,520 
2026-04-20T19:34:31.917+08:00 DEBUG 151 --- [onnection adder] org.postgresql.Driver                    : Connecting with URL: jdbc:postgresql://dts-pg:5432/dts_platform 
2026-04-20T19:34:31.918+08:00 DEBUG 151 --- [onnection adder] org.postgresql.jdbc.PgConnection         : PostgreSQL JDBC Driver 42.7.5 
2026-04-20T19:34:31.918+08:00 DEBUG 151 --- [onnection adder] org.postgresql.jdbc.PgConnection         :   setDefaultFetchSize = 0 
2026-04-20T19:34:31.918+08:00 DEBUG 151 --- [onnection adder] org.postgresql.jdbc.PgConnection         :   setPrepareThreshold = 5 
2026-04-20T19:34:31.918+08:00 DEBUG 151 --- [onnection adder] o.p.core.v3.ConnectionFactoryImpl        : Trying to establish a protocol version 3 connection to dts-pg:5432 
2026-04-20T19:34:31.919+08:00 DEBUG 151 --- [onnection adder] o.p.core.v3.ConnectionFactoryImpl        : Receive Buffer Size is 65,536 
2026-04-20T19:34:31.920+08:00 DEBUG 151 --- [onnection adder] o.p.core.v3.ConnectionFactoryImpl        : Send Buffer Size is 43,520 
2026-04-20T19:34:37.221+08:00 DEBUG 151 --- [   scheduling-1] org.postgresql.jdbc.PgConnection         :   setAutoCommit = false 
2026-04-20T19:34:37.224+08:00 DEBUG 151 --- [   scheduling-1] org.postgresql.jdbc.PgConnection         :   setAutoCommit = true 
2026-04-20T19:34:45.763+08:00 DEBUG 151 --- [   scheduling-1] org.postgresql.jdbc.PgConnection         :   setAutoCommit = false 
2026-04-20T19:34:45.766+08:00 DEBUG 151 --- [   scheduling-1] org.postgresql.jdbc.PgConnection         :   setAutoCommit = true 
2026-04-20T19:34:46.807+08:00 DEBUG 151 --- [   XNIO-1 I/O-1] io.undertow.request                      : Timing out idle connection from /172.19.0.16:36222 
2026-04-20T19:34:47.618+08:00 DEBUG 151 --- [  XNIO-1 task-2] io.undertow.request.security             : Attempting to authenticate /api/ingestion/tasks/list, authentication required: false 
2026-04-20T19:34:47.619+08:00 DEBUG 151 --- [  XNIO-1 task-2] io.undertow.request.security             : Authentication outcome was NOT_ATTEMPTED with method io.undertow.security.impl.CachedAuthenticatedSessionMechanism@72916f2a for /api/ingestion/tasks/list 
2026-04-20T19:34:47.619+08:00 DEBUG 151 --- [  XNIO-1 task-2] io.undertow.request.security             : Authentication result was ATTEMPTED for /api/ingestion/tasks/list 
2026-04-20T19:34:47.621+08:00 DEBUG 151 --- [  XNIO-1 task-2] org.postgresql.jdbc.PgConnection         :   setReadOnly = true 
2026-04-20T19:34:47.621+08:00 DEBUG 151 --- [  XNIO-1 task-2] org.postgresql.jdbc.PgConnection         :   setAutoCommit = false 
2026-04-20T19:34:47.624+08:00 DEBUG 151 --- [  XNIO-1 task-2] org.postgresql.jdbc.PgConnection         :   setAutoCommit = true 
2026-04-20T19:34:47.624+08:00 DEBUG 151 --- [  XNIO-1 task-2] org.postgresql.jdbc.PgConnection         :   setReadOnly = false 
2026-04-20T19:34:47.625+08:00 DEBUG 151 --- [  XNIO-1 task-2] io.undertow.request.security             : Attempting to authenticate /api/ingestion/tasks/1/executions, authentication required: false 
2026-04-20T19:34:47.625+08:00 DEBUG 151 --- [  XNIO-1 task-2] io.undertow.request.security             : Authentication outcome was NOT_ATTEMPTED with method io.undertow.security.impl.CachedAuthenticatedSessionMechanism@72916f2a for /api/ingestion/tasks/1/executions 
2026-04-20T19:34:47.625+08:00 DEBUG 151 --- [  XNIO-1 task-2] io.undertow.request.security             : Authentication result was ATTEMPTED for /api/ingestion/tasks/1/executions 
2026-04-20T19:34:47.626+08:00 DEBUG 151 --- [  XNIO-1 task-2] org.postgresql.jdbc.PgConnection         :   setAutoCommit = false 
2026-04-20T19:34:47.627+08:00 DEBUG 151 --- [  XNIO-1 task-2] org.postgresql.jdbc.PgConnection         :   setAutoCommit = true 
2026-04-20T19:34:47.631+08:00 DEBUG 151 --- [  XNIO-1 task-2] io.undertow.request.security             : Attempting to authenticate /api/ingestion/tasks/2/executions, authentication required: false 
2026-04-20T19:34:47.631+08:00 DEBUG 151 --- [  XNIO-1 task-2] io.undertow.request.security             : Authentication outcome was NOT_ATTEMPTED with method io.undertow.security.impl.CachedAuthenticatedSessionMechanism@72916f2a for /api/ingestion/tasks/2/executions 
2026-04-20T19:34:47.631+08:00 DEBUG 151 --- [  XNIO-1 task-2] io.undertow.request.security             : Authentication result was ATTEMPTED for /api/ingestion/tasks/2/executions 
2026-04-20T19:34:47.632+08:00 DEBUG 151 --- [  XNIO-1 task-2] org.postgresql.jdbc.PgConnection         :   setAutoCommit = false 
2026-04-20T19:34:47.633+08:00 DEBUG 151 --- [  XNIO-1 task-2] org.postgresql.jdbc.PgConnection         :   setAutoCommit = true 
2026-04-20T19:34:47.638+08:00 DEBUG 151 --- [  XNIO-1 task-2] io.undertow.request.security             : Attempting to authenticate /api/ingestion/tasks/3/executions, authentication required: false 
2026-04-20T19:34:47.638+08:00 DEBUG 151 --- [  XNIO-1 task-2] io.undertow.request.security             : Authentication outcome was NOT_ATTEMPTED with method io.undertow.security.impl.CachedAuthenticatedSessionMechanism@72916f2a for /api/ingestion/tasks/3/executions 
2026-04-20T19:34:47.638+08:00 DEBUG 151 --- [  XNIO-1 task-2] io.undertow.request.security             : Authentication result was ATTEMPTED for /api/ingestion/tasks/3/executions 
2026-04-20T19:34:47.639+08:00 DEBUG 151 --- [  XNIO-1 task-2] org.postgresql.jdbc.PgConnection         :   setAutoCommit = false 
2026-04-20T19:34:47.640+08:00 DEBUG 151 --- [  XNIO-1 task-2] org.postgresql.jdbc.PgConnection         :   setAutoCommit = true 
2026-04-20T19:34:47.643+08:00 DEBUG 151 --- [  XNIO-1 task-2] io.undertow.request.security             : Attempting to authenticate /api/ingestion/tasks/4/executions, authentication required: false 
2026-04-20T19:34:47.643+08:00 DEBUG 151 --- [  XNIO-1 task-2] io.undertow.request.security             : Authentication outcome was NOT_ATTEMPTED with method io.undertow.security.impl.CachedAuthenticatedSessionMechanism@72916f2a for /api/ingestion/tasks/4/executions 
2026-04-20T19:34:47.643+08:00 DEBUG 151 --- [  XNIO-1 task-2] io.undertow.request.security             : Authentication result was ATTEMPTED for /api/ingestion/tasks/4/executions 
2026-04-20T19:34:47.644+08:00 DEBUG 151 --- [  XNIO-1 task-2] org.postgresql.jdbc.PgConnection         :   setAutoCommit = false 
2026-04-20T19:34:47.645+08:00 DEBUG 151 --- [  XNIO-1 task-2] org.postgresql.jdbc.PgConnection         :   setAutoCommit = true 
2026-04-20T19:34:47.649+08:00 DEBUG 151 --- [  XNIO-1 task-2] io.undertow.request.security             : Attempting to authenticate /api/ingestion/tasks/7/executions, authentication required: false 
2026-04-20T19:34:47.649+08:00 DEBUG 151 --- [  XNIO-1 task-2] io.undertow.request.security             : Authentication outcome was NOT_ATTEMPTED with method io.undertow.security.impl.CachedAuthenticatedSessionMechanism@72916f2a for /api/ingestion/tasks/7/executions 
2026-04-20T19:34:47.649+08:00 DEBUG 151 --- [  XNIO-1 task-2] io.undertow.request.security             : Authentication result was ATTEMPTED for /api/ingestion/tasks/7/executions 
2026-04-20T19:34:47.650+08:00 DEBUG 151 --- [  XNIO-1 task-2] org.postgresql.jdbc.PgConnection         :   setAutoCommit = false 
2026-04-20T19:34:47.651+08:00 DEBUG 151 --- [  XNIO-1 task-2] org.postgresql.jdbc.PgConnection         :   setAutoCommit = true 
2026-04-20T19:34:47.655+08:00 DEBUG 151 --- [  XNIO-1 task-2] io.undertow.request.security             : Attempting to authenticate /api/ingestion/tasks/6/executions, authentication required: false 
2026-04-20T19:34:47.655+08:00 DEBUG 151 --- [  XNIO-1 task-2] io.undertow.request.security             : Authentication outcome was NOT_ATTEMPTED with method io.undertow.security.impl.CachedAuthenticatedSessionMechanism@72916f2a for /api/ingestion/tasks/6/executions 
2026-04-20T19:34:47.655+08:00 DEBUG 151 --- [  XNIO-1 task-2] io.undertow.request.security             : Authentication result was ATTEMPTED for /api/ingestion/tasks/6/executions 
2026-04-20T19:34:47.656+08:00 DEBUG 151 --- [  XNIO-1 task-2] org.postgresql.jdbc.PgConnection         :   setAutoCommit = false 
2026-04-20T19:34:47.657+08:00 DEBUG 151 --- [  XNIO-1 task-2] org.postgresql.jdbc.PgConnection         :   setAutoCommit = true 
2026-04-20T19:34:47.660+08:00 DEBUG 151 --- [  XNIO-1 task-2] io.undertow.request.security             : Attempting to authenticate /api/ingestion/tasks/8/executions, authentication required: false 
2026-04-20T19:34:47.660+08:00 DEBUG 151 --- [  XNIO-1 task-2] io.undertow.request.security             : Authentication outcome was NOT_ATTEMPTED with method io.undertow.security.impl.CachedAuthenticatedSessionMechanism@72916f2a for /api/ingestion/tasks/8/executions 
2026-04-20T19:34:47.660+08:00 DEBUG 151 --- [  XNIO-1 task-2] io.undertow.request.security             : Authentication result was ATTEMPTED for /api/ingestion/tasks/8/executions 
2026-04-20T19:34:47.661+08:00 DEBUG 151 --- [  XNIO-1 task-2] org.postgresql.jdbc.PgConnection         :   setAutoCommit = false 
2026-04-20T19:34:47.663+08:00 DEBUG 151 --- [  XNIO-1 task-2] org.postgresql.jdbc.PgConnection         :   setAutoCommit = true 
2026-04-20T19:34:47.666+08:00 DEBUG 151 --- [  XNIO-1 task-2] io.undertow.request.security             : Attempting to authenticate /api/ingestion/tasks/9/executions, authentication required: false 
2026-04-20T19:34:47.666+08:00 DEBUG 151 --- [  XNIO-1 task-2] io.undertow.request.security             : Authentication outcome was NOT_ATTEMPTED with method io.undertow.security.impl.CachedAuthenticatedSessionMechanism@72916f2a for /api/ingestion/tasks/9/executions 
2026-04-20T19:34:47.666+08:00 DEBUG 151 --- [  XNIO-1 task-2] io.undertow.request.security             : Authentication result was ATTEMPTED for /api/ingestion/tasks/9/executions 
2026-04-20T19:34:47.666+08:00 DEBUG 151 --- [  XNIO-1 task-2] org.postgresql.jdbc.PgConnection         :   setAutoCommit = false 
2026-04-20T19:34:47.668+08:00 DEBUG 151 --- [  XNIO-1 task-2] org.postgresql.jdbc.PgConnection         :   setAutoCommit = true 
2026-04-20T19:34:52.224+08:00 DEBUG 151 --- [   scheduling-1] org.postgresql.jdbc.PgConnection         :   setAutoCommit = false 
2026-04-20T19:34:52.226+08:00 DEBUG 151 --- [   scheduling-1] org.postgresql.jdbc.PgConnection         :   setAutoCommit = true 
2026-04-20T19:34:53.765+08:00 DEBUG 151 --- [onnection adder] org.postgresql.Driver                    : Connecting with URL: jdbc:postgresql://dts-pg:5432/dts_platform 
2026-04-20T19:34:53.765+08:00 DEBUG 151 --- [onnection adder] org.postgresql.jdbc.PgConnection         : PostgreSQL JDBC Driver 42.7.5 
2026-04-20T19:34:53.765+08:00 DEBUG 151 --- [onnection adder] org.postgresql.jdbc.PgConnection         :   setDefaultFetchSize = 0 
2026-04-20T19:34:53.765+08:00 DEBUG 151 --- [onnection adder] org.postgresql.jdbc.PgConnection         :   setPrepareThreshold = 5 
2026-04-20T19:34:53.765+08:00 DEBUG 151 --- [onnection adder] o.p.core.v3.ConnectionFactoryImpl        : Trying to establish a protocol version 3 connection to dts-pg:5432 
2026-04-20T19:34:53.766+08:00 DEBUG 151 --- [onnection adder] o.p.core.v3.ConnectionFactoryImpl        : Receive Buffer Size is 65,536 
2026-04-20T19:34:53.766+08:00 DEBUG 151 --- [onnection adder] o.p.core.v3.ConnectionFactoryImpl        : Send Buffer Size is 43,520 
2026-04-20T19:35:07.226+08:00 DEBUG 151 --- [   scheduling-1] org.postgresql.jdbc.PgConnection         :   setAutoCommit = false 
2026-04-20T19:35:07.228+08:00 DEBUG 151 --- [   scheduling-1] org.postgresql.jdbc.PgConnection         :   setAutoCommit = true 
2026-04-20T19:35:15.767+08:00 DEBUG 151 --- [   scheduling-1] org.postgresql.jdbc.PgConnection         :   setAutoCommit = false 
2026-04-20T19:35:15.769+08:00 DEBUG 151 --- [   scheduling-1] org.postgresql.jdbc.PgConnection         :   setAutoCommit = true 
2026-04-20T19:35:16.644+08:00 DEBUG 151 --- [onnection adder] org.postgresql.Driver                    : Connecting with URL: jdbc:postgresql://dts-pg:5432/dts_platform 
2026-04-20T19:35:16.645+08:00 DEBUG 151 --- [onnection adder] org.postgresql.jdbc.PgConnection         : PostgreSQL JDBC Driver 42.7.5 
2026-04-20T19:35:16.645+08:00 DEBUG 151 --- [onnection adder] org.postgresql.jdbc.PgConnection         :   setDefaultFetchSize = 0 
2026-04-20T19:35:16.645+08:00 DEBUG 151 --- [onnection adder] org.postgresql.jdbc.PgConnection         :   setPrepareThreshold = 5 
2026-04-20T19:35:16.645+08:00 DEBUG 151 --- [onnection adder] o.p.core.v3.ConnectionFactoryImpl        : Trying to establish a protocol version 3 connection to dts-pg:5432 
2026-04-20T19:35:16.647+08:00 DEBUG 151 --- [onnection adder] o.p.core.v3.ConnectionFactoryImpl        : Receive Buffer Size is 65,536 
2026-04-20T19:35:16.647+08:00 DEBUG 151 --- [onnection adder] o.p.core.v3.ConnectionFactoryImpl        : Send Buffer Size is 43,520 
2026-04-20T19:35:22.230+08:00 DEBUG 151 --- [   scheduling-1] org.postgresql.jdbc.PgConnection         :   setAutoCommit = false 
2026-04-20T19:35:22.240+08:00 DEBUG 151 --- [   scheduling-1] org.postgresql.jdbc.PgConnection         :   setAutoCommit = true 
2026-04-20T19:35:37.241+08:00 DEBUG 151 --- [   scheduling-1] org.postgresql.jdbc.PgConnection         :   setAutoCommit = false 
2026-04-20T19:35:37.242+08:00 DEBUG 151 --- [   scheduling-1] org.postgresql.jdbc.PgConnection         :   setAutoCommit = true 
2026-04-20T19:35:42.006+08:00 DEBUG 151 --- [onnection adder] org.postgresql.Driver                    : Connecting with URL: jdbc:postgresql://dts-pg:5432/dts_platform 
2026-04-20T19:35:42.006+08:00 DEBUG 151 --- [onnection adder] org.postgresql.jdbc.PgConnection         : PostgreSQL JDBC Driver 42.7.5 
2026-04-20T19:35:42.006+08:00 DEBUG 151 --- [onnection adder] org.postgresql.jdbc.PgConnection         :   setDefaultFetchSize = 0 
2026-04-20T19:35:42.006+08:00 DEBUG 151 --- [onnection adder] org.postgresql.jdbc.PgConnection         :   setPrepareThreshold = 5 
2026-04-20T19:35:42.006+08:00 DEBUG 151 --- [onnection adder] o.p.core.v3.ConnectionFactoryImpl        : Trying to establish a protocol version 3 connection to dts-pg:5432 
2026-04-20T19:35:42.007+08:00 DEBUG 151 --- [onnection adder] o.p.core.v3.ConnectionFactoryImpl        : Receive Buffer Size is 65,536 
2026-04-20T19:35:42.007+08:00 DEBUG 151 --- [onnection adder] o.p.core.v3.ConnectionFactoryImpl        : Send Buffer Size is 43,520 
2026-04-20T19:35:45.770+08:00 DEBUG 151 --- [   scheduling-1] org.postgresql.jdbc.PgConnection         :   setAutoCommit = false 
2026-04-20T19:35:45.777+08:00 DEBUG 151 --- [   scheduling-1] org.postgresql.jdbc.PgConnection         :   setAutoCommit = true 
2026-04-20T19:35:47.769+08:00 DEBUG 151 --- [   XNIO-1 I/O-4] io.undertow.request                      : Timing out idle connection from /172.19.0.16:48500 
2026-04-20T19:35:48.527+08:00 DEBUG 151 --- [  XNIO-1 task-2] io.undertow.request.security             : Attempting to authenticate /api/ingestion/tasks/list, authentication required: false 
2026-04-20T19:35:48.527+08:00 DEBUG 151 --- [  XNIO-1 task-2] io.undertow.request.security             : Authentication outcome was NOT_ATTEMPTED with method io.undertow.security.impl.CachedAuthenticatedSessionMechanism@72916f2a for /api/ingestion/tasks/list 
2026-04-20T19:35:48.527+08:00 DEBUG 151 --- [  XNIO-1 task-2] io.undertow.request.security             : Authentication result was ATTEMPTED for /api/ingestion/tasks/list 
2026-04-20T19:35:48.528+08:00 DEBUG 151 --- [  XNIO-1 task-2] org.postgresql.jdbc.PgConnection         :   setReadOnly = true 
2026-04-20T19:35:48.528+08:00 DEBUG 151 --- [  XNIO-1 task-2] org.postgresql.jdbc.PgConnection         :   setAutoCommit = false 
2026-04-20T19:35:48.535+08:00 DEBUG 151 --- [  XNIO-1 task-2] org.postgresql.jdbc.PgConnection         :   setAutoCommit = true 
2026-04-20T19:35:48.535+08:00 DEBUG 151 --- [  XNIO-1 task-2] org.postgresql.jdbc.PgConnection         :   setReadOnly = false 
2026-04-20T19:35:48.537+08:00 DEBUG 151 --- [  XNIO-1 task-2] io.undertow.request.security             : Attempting to authenticate /api/ingestion/tasks/1/executions, authentication required: false 
2026-04-20T19:35:48.537+08:00 DEBUG 151 --- [  XNIO-1 task-2] io.undertow.request.security             : Authentication outcome was NOT_ATTEMPTED with method io.undertow.security.impl.CachedAuthenticatedSessionMechanism@72916f2a for /api/ingestion/tasks/1/executions 
2026-04-20T19:35:48.537+08:00 DEBUG 151 --- [  XNIO-1 task-2] io.undertow.request.security             : Authentication result was ATTEMPTED for /api/ingestion/tasks/1/executions 
2026-04-20T19:35:48.538+08:00 DEBUG 151 --- [  XNIO-1 task-2] org.postgresql.jdbc.PgConnection         :   setAutoCommit = false 
2026-04-20T19:35:48.539+08:00 DEBUG 151 --- [  XNIO-1 task-2] org.postgresql.jdbc.PgConnection         :   setAutoCommit = true 
2026-04-20T19:35:48.544+08:00 DEBUG 151 --- [  XNIO-1 task-2] io.undertow.request.security             : Attempting to authenticate /api/ingestion/tasks/2/executions, authentication required: false 
2026-04-20T19:35:48.544+08:00 DEBUG 151 --- [  XNIO-1 task-2] io.undertow.request.security             : Authentication outcome was NOT_ATTEMPTED with method io.undertow.security.impl.CachedAuthenticatedSessionMechanism@72916f2a for /api/ingestion/tasks/2/executions 
2026-04-20T19:35:48.544+08:00 DEBUG 151 --- [  XNIO-1 task-2] io.undertow.request.security             : Authentication result was ATTEMPTED for /api/ingestion/tasks/2/executions 
2026-04-20T19:35:48.544+08:00 DEBUG 151 --- [  XNIO-1 task-2] org.postgresql.jdbc.PgConnection         :   setAutoCommit = false 
2026-04-20T19:35:48.546+08:00 DEBUG 151 --- [  XNIO-1 task-2] org.postgresql.jdbc.PgConnection         :   setAutoCommit = true 
2026-04-20T19:35:48.549+08:00 DEBUG 151 --- [  XNIO-1 task-2] io.undertow.request.security             : Attempting to authenticate /api/ingestion/tasks/3/executions, authentication required: false 
2026-04-20T19:35:48.549+08:00 DEBUG 151 --- [  XNIO-1 task-2] io.undertow.request.security             : Authentication outcome was NOT_ATTEMPTED with method io.undertow.security.impl.CachedAuthenticatedSessionMechanism@72916f2a for /api/ingestion/tasks/3/executions 
2026-04-20T19:35:48.549+08:00 DEBUG 151 --- [  XNIO-1 task-2] io.undertow.request.security             : Authentication result was ATTEMPTED for /api/ingestion/tasks/3/executions 
2026-04-20T19:35:48.550+08:00 DEBUG 151 --- [  XNIO-1 task-2] org.postgresql.jdbc.PgConnection         :   setAutoCommit = false 
2026-04-20T19:35:48.551+08:00 DEBUG 151 --- [  XNIO-1 task-2] org.postgresql.jdbc.PgConnection         :   setAutoCommit = true 
2026-04-20T19:35:48.555+08:00 DEBUG 151 --- [  XNIO-1 task-2] io.undertow.request.security             : Attempting to authenticate /api/ingestion/tasks/4/executions, authentication required: false 
2026-04-20T19:35:48.555+08:00 DEBUG 151 --- [  XNIO-1 task-2] io.undertow.request.security             : Authentication outcome was NOT_ATTEMPTED with method io.undertow.security.impl.CachedAuthenticatedSessionMechanism@72916f2a for /api/ingestion/tasks/4/executions 
2026-04-20T19:35:48.555+08:00 DEBUG 151 --- [  XNIO-1 task-2] io.undertow.request.security             : Authentication result was ATTEMPTED for /api/ingestion/tasks/4/executions 
2026-04-20T19:35:48.556+08:00 DEBUG 151 --- [  XNIO-1 task-2] org.postgresql.jdbc.PgConnection         :   setAutoCommit = false 
2026-04-20T19:35:48.557+08:00 DEBUG 151 --- [  XNIO-1 task-2] org.postgresql.jdbc.PgConnection         :   setAutoCommit = true 
2026-04-20T19:35:48.561+08:00 DEBUG 151 --- [  XNIO-1 task-2] io.undertow.request.security             : Attempting to authenticate /api/ingestion/tasks/7/executions, authentication required: false 
2026-04-20T19:35:48.561+08:00 DEBUG 151 --- [  XNIO-1 task-2] io.undertow.request.security             : Authentication outcome was NOT_ATTEMPTED with method io.undertow.security.impl.CachedAuthenticatedSessionMechanism@72916f2a for /api/ingestion/tasks/7/executions 
2026-04-20T19:35:48.561+08:00 DEBUG 151 --- [  XNIO-1 task-2] io.undertow.request.security             : Authentication result was ATTEMPTED for /api/ingestion/tasks/7/executions 
2026-04-20T19:35:48.561+08:00 DEBUG 151 --- [  XNIO-1 task-2] org.postgresql.jdbc.PgConnection         :   setAutoCommit = false 
2026-04-20T19:35:48.563+08:00 DEBUG 151 --- [  XNIO-1 task-2] org.postgresql.jdbc.PgConnection         :   setAutoCommit = true 
2026-04-20T19:35:48.566+08:00 DEBUG 151 --- [  XNIO-1 task-2] io.undertow.request.security             : Attempting to authenticate /api/ingestion/tasks/6/executions, authentication required: false 
2026-04-20T19:35:48.566+08:00 DEBUG 151 --- [  XNIO-1 task-2] io.undertow.request.security             : Authentication outcome was NOT_ATTEMPTED with method io.undertow.security.impl.CachedAuthenticatedSessionMechanism@72916f2a for /api/ingestion/tasks/6/executions 
2026-04-20T19:35:48.566+08:00 DEBUG 151 --- [  XNIO-1 task-2] io.undertow.request.security             : Authentication result was ATTEMPTED for /api/ingestion/tasks/6/executions 
2026-04-20T19:35:48.567+08:00 DEBUG 151 --- [  XNIO-1 task-2] org.postgresql.jdbc.PgConnection         :   setAutoCommit = false 
2026-04-20T19:35:48.568+08:00 DEBUG 151 --- [  XNIO-1 task-2] org.postgresql.jdbc.PgConnection         :   setAutoCommit = true 
2026-04-20T19:35:48.571+08:00 DEBUG 151 --- [  XNIO-1 task-2] io.undertow.request.security             : Attempting to authenticate /api/ingestion/tasks/8/executions, authentication required: false 
2026-04-20T19:35:48.571+08:00 DEBUG 151 --- [  XNIO-1 task-2] io.undertow.request.security             : Authentication outcome was NOT_ATTEMPTED with method io.undertow.security.impl.CachedAuthenticatedSessionMechanism@72916f2a for /api/ingestion/tasks/8/executions 
2026-04-20T19:35:48.571+08:00 DEBUG 151 --- [  XNIO-1 task-2] io.undertow.request.security             : Authentication result was ATTEMPTED for /api/ingestion/tasks/8/executions 
2026-04-20T19:35:48.572+08:00 DEBUG 151 --- [  XNIO-1 task-2] org.postgresql.jdbc.PgConnection         :   setAutoCommit = false 
2026-04-20T19:35:48.573+08:00 DEBUG 151 --- [  XNIO-1 task-2] org.postgresql.jdbc.PgConnection         :   setAutoCommit = true 
2026-04-20T19:35:48.576+08:00 DEBUG 151 --- [  XNIO-1 task-2] io.undertow.request.security             : Attempting to authenticate /api/ingestion/tasks/9/executions, authentication required: false 
2026-04-20T19:35:48.576+08:00 DEBUG 151 --- [  XNIO-1 task-2] io.undertow.request.security             : Authentication outcome was NOT_ATTEMPTED with method io.undertow.security.impl.CachedAuthenticatedSessionMechanism@72916f2a for /api/ingestion/tasks/9/executions 
2026-04-20T19:35:48.576+08:00 DEBUG 151 --- [  XNIO-1 task-2] io.undertow.request.security             : Authentication result was ATTEMPTED for /api/ingestion/tasks/9/executions 
2026-04-20T19:35:48.577+08:00 DEBUG 151 --- [  XNIO-1 task-2] org.postgresql.jdbc.PgConnection         :   setAutoCommit = false 
2026-04-20T19:35:48.578+08:00 DEBUG 151 --- [  XNIO-1 task-2] org.postgresql.jdbc.PgConnection         :   setAutoCommit = true 
2026-04-20T19:35:52.243+08:00 DEBUG 151 --- [   scheduling-1] org.postgresql.jdbc.PgConnection         :   setAutoCommit = false 
2026-04-20T19:35:52.244+08:00 DEBUG 151 --- [   scheduling-1] org.postgresql.jdbc.PgConnection         :   setAutoCommit = true 
2026-04-20T19:36:07.245+08:00 DEBUG 151 --- [   scheduling-1] org.postgresql.jdbc.PgConnection         :   setAutoCommit = false 
2026-04-20T19:36:07.246+08:00 DEBUG 151 --- [   scheduling-1] org.postgresql.jdbc.PgConnection         :   setAutoCommit = true 
2026-04-20T19:36:15.777+08:00 DEBUG 151 --- [   scheduling-1] org.postgresql.jdbc.PgConnection         :   setAutoCommit = false 
2026-04-20T19:36:15.778+08:00 DEBUG 151 --- [   scheduling-1] org.postgresql.jdbc.PgConnection         :   setAutoCommit = true 
2026-04-20T19:36:22.247+08:00 DEBUG 151 --- [   scheduling-1] org.postgresql.jdbc.PgConnection         :   setAutoCommit = false 
2026-04-20T19:36:22.252+08:00 DEBUG 151 --- [   scheduling-1] org.postgresql.jdbc.PgConnection         :   setAutoCommit = true 
2026-04-20T19:36:37.254+08:00 DEBUG 151 --- [   scheduling-1] org.postgresql.jdbc.PgConnection         :   setAutoCommit = false 
2026-04-20T19:36:37.258+08:00 DEBUG 151 --- [   scheduling-1] org.postgresql.jdbc.PgConnection         :   setAutoCommit = true 
2026-04-20T19:36:45.779+08:00 DEBUG 151 --- [   scheduling-1] org.postgresql.jdbc.PgConnection         :   setAutoCommit = false 
2026-04-20T19:36:45.780+08:00 DEBUG 151 --- [   scheduling-1] org.postgresql.jdbc.PgConnection         :   setAutoCommit = true 
2026-04-20T19:36:48.677+08:00 DEBUG 151 --- [   XNIO-1 I/O-4] io.undertow.request                      : Timing out idle connection from /172.19.0.16:38902 
2026-04-20T19:36:49.439+08:00 DEBUG 151 --- [  XNIO-1 task-2] io.undertow.request.security             : Attempting to authenticate /api/ingestion/tasks/list, authentication required: false 
2026-04-20T19:36:49.439+08:00 DEBUG 151 --- [  XNIO-1 task-2] io.undertow.request.security             : Authentication outcome was NOT_ATTEMPTED with method io.undertow.security.impl.CachedAuthenticatedSessionMechanism@72916f2a for /api/ingestion/tasks/list 
2026-04-20T19:36:49.439+08:00 DEBUG 151 --- [  XNIO-1 task-2] io.undertow.request.security             : Authentication result was ATTEMPTED for /api/ingestion/tasks/list 
2026-04-20T19:36:49.440+08:00 DEBUG 151 --- [  XNIO-1 task-2] org.postgresql.jdbc.PgConnection         :   setReadOnly = true 
2026-04-20T19:36:49.440+08:00 DEBUG 151 --- [  XNIO-1 task-2] org.postgresql.jdbc.PgConnection         :   setAutoCommit = false 
2026-04-20T19:36:49.444+08:00 DEBUG 151 --- [  XNIO-1 task-2] org.postgresql.jdbc.PgConnection         :   setAutoCommit = true 
2026-04-20T19:36:49.444+08:00 DEBUG 151 --- [  XNIO-1 task-2] org.postgresql.jdbc.PgConnection         :   setReadOnly = false 
2026-04-20T19:36:49.446+08:00 DEBUG 151 --- [  XNIO-1 task-2] io.undertow.request.security             : Attempting to authenticate /api/ingestion/tasks/1/executions, authentication required: false 
2026-04-20T19:36:49.446+08:00 DEBUG 151 --- [  XNIO-1 task-2] io.undertow.request.security             : Authentication outcome was NOT_ATTEMPTED with method io.undertow.security.impl.CachedAuthenticatedSessionMechanism@72916f2a for /api/ingestion/tasks/1/executions 
2026-04-20T19:36:49.446+08:00 DEBUG 151 --- [  XNIO-1 task-2] io.undertow.request.security             : Authentication result was ATTEMPTED for /api/ingestion/tasks/1/executions 
2026-04-20T19:36:49.447+08:00 DEBUG 151 --- [  XNIO-1 task-2] org.postgresql.jdbc.PgConnection         :   setAutoCommit = false 
2026-04-20T19:36:49.448+08:00 DEBUG 151 --- [  XNIO-1 task-2] org.postgresql.jdbc.PgConnection         :   setAutoCommit = true 
2026-04-20T19:36:49.453+08:00 DEBUG 151 --- [  XNIO-1 task-2] io.undertow.request.security             : Attempting to authenticate /api/ingestion/tasks/2/executions, authentication required: false 
2026-04-20T19:36:49.453+08:00 DEBUG 151 --- [  XNIO-1 task-2] io.undertow.request.security             : Authentication outcome was NOT_ATTEMPTED with method io.undertow.security.impl.CachedAuthenticatedSessionMechanism@72916f2a for /api/ingestion/tasks/2/executions 
2026-04-20T19:36:49.453+08:00 DEBUG 151 --- [  XNIO-1 task-2] io.undertow.request.security             : Authentication result was ATTEMPTED for /api/ingestion/tasks/2/executions 
2026-04-20T19:36:49.454+08:00 DEBUG 151 --- [  XNIO-1 task-2] org.postgresql.jdbc.PgConnection         :   setAutoCommit = false 
2026-04-20T19:36:49.455+08:00 DEBUG 151 --- [  XNIO-1 task-2] org.postgresql.jdbc.PgConnection         :   setAutoCommit = true 
2026-04-20T19:36:49.459+08:00 DEBUG 151 --- [  XNIO-1 task-2] io.undertow.request.security             : Attempting to authenticate /api/ingestion/tasks/3/executions, authentication required: false 
2026-04-20T19:36:49.459+08:00 DEBUG 151 --- [  XNIO-1 task-2] io.undertow.request.security             : Authentication outcome was NOT_ATTEMPTED with method io.undertow.security.impl.CachedAuthenticatedSessionMechanism@72916f2a for /api/ingestion/tasks/3/executions 
2026-04-20T19:36:49.459+08:00 DEBUG 151 --- [  XNIO-1 task-2] io.undertow.request.security             : Authentication result was ATTEMPTED for /api/ingestion/tasks/3/executions 
2026-04-20T19:36:49.460+08:00 DEBUG 151 --- [  XNIO-1 task-2] org.postgresql.jdbc.PgConnection         :   setAutoCommit = false 
2026-04-20T19:36:49.461+08:00 DEBUG 151 --- [  XNIO-1 task-2] org.postgresql.jdbc.PgConnection         :   setAutoCommit = true 
2026-04-20T19:36:49.465+08:00 DEBUG 151 --- [  XNIO-1 task-2] io.undertow.request.security             : Attempting to authenticate /api/ingestion/tasks/4/executions, authentication required: false 
2026-04-20T19:36:49.465+08:00 DEBUG 151 --- [  XNIO-1 task-2] io.undertow.request.security             : Authentication outcome was NOT_ATTEMPTED with method io.undertow.security.impl.CachedAuthenticatedSessionMechanism@72916f2a for /api/ingestion/tasks/4/executions 
2026-04-20T19:36:49.465+08:00 DEBUG 151 --- [  XNIO-1 task-2] io.undertow.request.security             : Authentication result was ATTEMPTED for /api/ingestion/tasks/4/executions 
2026-04-20T19:36:49.465+08:00 DEBUG 151 --- [  XNIO-1 task-2] org.postgresql.jdbc.PgConnection         :   setAutoCommit = false 
2026-04-20T19:36:49.467+08:00 DEBUG 151 --- [  XNIO-1 task-2] org.postgresql.jdbc.PgConnection         :   setAutoCommit = true 
2026-04-20T19:36:49.470+08:00 DEBUG 151 --- [  XNIO-1 task-2] io.undertow.request.security             : Attempting to authenticate /api/ingestion/tasks/7/executions, authentication required: false 
2026-04-20T19:36:49.470+08:00 DEBUG 151 --- [  XNIO-1 task-2] io.undertow.request.security             : Authentication outcome was NOT_ATTEMPTED with method io.undertow.security.impl.CachedAuthenticatedSessionMechanism@72916f2a for /api/ingestion/tasks/7/executions 
2026-04-20T19:36:49.470+08:00 DEBUG 151 --- [  XNIO-1 task-2] io.undertow.request.security             : Authentication result was ATTEMPTED for /api/ingestion/tasks/7/executions 
2026-04-20T19:36:49.471+08:00 DEBUG 151 --- [  XNIO-1 task-2] org.postgresql.jdbc.PgConnection         :   setAutoCommit = false 
2026-04-20T19:36:49.472+08:00 DEBUG 151 --- [  XNIO-1 task-2] org.postgresql.jdbc.PgConnection         :   setAutoCommit = true 
2026-04-20T19:36:49.475+08:00 DEBUG 151 --- [  XNIO-1 task-2] io.undertow.request.security             : Attempting to authenticate /api/ingestion/tasks/6/executions, authentication required: false 
2026-04-20T19:36:49.475+08:00 DEBUG 151 --- [  XNIO-1 task-2] io.undertow.request.security             : Authentication outcome was NOT_ATTEMPTED with method io.undertow.security.impl.CachedAuthenticatedSessionMechanism@72916f2a for /api/ingestion/tasks/6/executions 
2026-04-20T19:36:49.475+08:00 DEBUG 151 --- [  XNIO-1 task-2] io.undertow.request.security             : Authentication result was ATTEMPTED for /api/ingestion/tasks/6/executions 
2026-04-20T19:36:49.476+08:00 DEBUG 151 --- [  XNIO-1 task-2] org.postgresql.jdbc.PgConnection         :   setAutoCommit = false 
2026-04-20T19:36:49.477+08:00 DEBUG 151 --- [  XNIO-1 task-2] org.postgresql.jdbc.PgConnection         :   setAutoCommit = true 
2026-04-20T19:36:49.480+08:00 DEBUG 151 --- [  XNIO-1 task-2] io.undertow.request.security             : Attempting to authenticate /api/ingestion/tasks/8/executions, authentication required: false 
2026-04-20T19:36:49.480+08:00 DEBUG 151 --- [  XNIO-1 task-2] io.undertow.request.security             : Authentication outcome was NOT_ATTEMPTED with method io.undertow.security.impl.CachedAuthenticatedSessionMechanism@72916f2a for /api/ingestion/tasks/8/executions 
2026-04-20T19:36:49.480+08:00 DEBUG 151 --- [  XNIO-1 task-2] io.undertow.request.security             : Authentication result was ATTEMPTED for /api/ingestion/tasks/8/executions 
2026-04-20T19:36:49.481+08:00 DEBUG 151 --- [  XNIO-1 task-2] org.postgresql.jdbc.PgConnection         :   setAutoCommit = false 
2026-04-20T19:36:49.482+08:00 DEBUG 151 --- [  XNIO-1 task-2] org.postgresql.jdbc.PgConnection         :   setAutoCommit = true 
2026-04-20T19:36:49.485+08:00 DEBUG 151 --- [  XNIO-1 task-2] io.undertow.request.security             : Attempting to authenticate /api/ingestion/tasks/9/executions, authentication required: false 
2026-04-20T19:36:49.485+08:00 DEBUG 151 --- [  XNIO-1 task-2] io.undertow.request.security             : Authentication outcome was NOT_ATTEMPTED with method io.undertow.security.impl.CachedAuthenticatedSessionMechanism@72916f2a for /api/ingestion/tasks/9/executions 
2026-04-20T19:36:49.485+08:00 DEBUG 151 --- [  XNIO-1 task-2] io.undertow.request.security             : Authentication result was ATTEMPTED for /api/ingestion/tasks/9/executions 
2026-04-20T19:36:49.486+08:00 DEBUG 151 --- [  XNIO-1 task-2] org.postgresql.jdbc.PgConnection         :   setAutoCommit = false 
2026-04-20T19:36:49.487+08:00 DEBUG 151 --- [  XNIO-1 task-2] org.postgresql.jdbc.PgConnection         :   setAutoCommit = true 
2026-04-20T19:36:52.259+08:00 DEBUG 151 --- [   scheduling-1] org.postgresql.jdbc.PgConnection         :   setAutoCommit = false 
2026-04-20T19:36:52.265+08:00 DEBUG 151 --- [   scheduling-1] org.postgresql.jdbc.PgConnection         :   setAutoCommit = true 
2026-04-20T19:37:07.265+08:00 DEBUG 151 --- [   scheduling-1] org.postgresql.jdbc.PgConnection         :   setAutoCommit = false 
2026-04-20T19:37:07.266+08:00 DEBUG 151 --- [   scheduling-1] org.postgresql.jdbc.PgConnection         :   setAutoCommit = true 
2026-04-20T19:37:15.781+08:00 DEBUG 151 --- [   scheduling-1] org.postgresql.jdbc.PgConnection         :   setAutoCommit = false 
2026-04-20T19:37:15.781+08:00 DEBUG 151 --- [   scheduling-1] org.postgresql.jdbc.PgConnection         :   setAutoCommit = true 
2026-04-20T19:37:22.267+08:00 DEBUG 151 --- [   scheduling-1] org.postgresql.jdbc.PgConnection         :   setAutoCommit = false 
2026-04-20T19:37:22.268+08:00 DEBUG 151 --- [   scheduling-1] org.postgresql.jdbc.PgConnection         :   setAutoCommit = true 
2026-04-20T19:37:37.269+08:00 DEBUG 151 --- [   scheduling-1] org.postgresql.jdbc.PgConnection         :   setAutoCommit = false 
2026-04-20T19:37:37.270+08:00 DEBUG 151 --- [   scheduling-1] org.postgresql.jdbc.PgConnection         :   setAutoCommit = true 
2026-04-20T19:37:45.782+08:00 DEBUG 151 --- [   scheduling-1] org.postgresql.jdbc.PgConnection         :   setAutoCommit = false 
2026-04-20T19:37:45.783+08:00 DEBUG 151 --- [   scheduling-1] org.postgresql.jdbc.PgConnection         :   setAutoCommit = true 
2026-04-20T19:37:49.589+08:00 DEBUG 151 --- [   XNIO-1 I/O-5] io.undertow.request                      : Timing out idle connection from /172.19.0.16:44118 
2026-04-20T19:37:50.301+08:00 DEBUG 151 --- [  XNIO-1 task-2] io.undertow.request.security             : Attempting to authenticate /api/ingestion/tasks/list, authentication required: false 
2026-04-20T19:37:50.301+08:00 DEBUG 151 --- [  XNIO-1 task-2] io.undertow.request.security             : Authentication outcome was NOT_ATTEMPTED with method io.undertow.security.impl.CachedAuthenticatedSessionMechanism@72916f2a for /api/ingestion/tasks/list 
2026-04-20T19:37:50.301+08:00 DEBUG 151 --- [  XNIO-1 task-2] io.undertow.request.security             : Authentication result was ATTEMPTED for /api/ingestion/tasks/list 
2026-04-20T19:37:50.302+08:00 DEBUG 151 --- [  XNIO-1 task-2] org.postgresql.jdbc.PgConnection         :   setReadOnly = true 
2026-04-20T19:37:50.302+08:00 DEBUG 151 --- [  XNIO-1 task-2] org.postgresql.jdbc.PgConnection         :   setAutoCommit = false 
2026-04-20T19:37:50.303+08:00 DEBUG 151 --- [  XNIO-1 task-2] org.postgresql.jdbc.PgConnection         :   setAutoCommit = true 
2026-04-20T19:37:50.303+08:00 DEBUG 151 --- [  XNIO-1 task-2] org.postgresql.jdbc.PgConnection         :   setReadOnly = false 
2026-04-20T19:37:50.305+08:00 DEBUG 151 --- [  XNIO-1 task-2] io.undertow.request.security             : Attempting to authenticate /api/ingestion/tasks/1/executions, authentication required: false 
2026-04-20T19:37:50.305+08:00 DEBUG 151 --- [  XNIO-1 task-2] io.undertow.request.security             : Authentication outcome was NOT_ATTEMPTED with method io.undertow.security.impl.CachedAuthenticatedSessionMechanism@72916f2a for /api/ingestion/tasks/1/executions 
2026-04-20T19:37:50.305+08:00 DEBUG 151 --- [  XNIO-1 task-2] io.undertow.request.security             : Authentication result was ATTEMPTED for /api/ingestion/tasks/1/executions 
2026-04-20T19:37:50.306+08:00 DEBUG 151 --- [  XNIO-1 task-2] org.postgresql.jdbc.PgConnection         :   setAutoCommit = false 
2026-04-20T19:37:50.307+08:00 DEBUG 151 --- [  XNIO-1 task-2] org.postgresql.jdbc.PgConnection         :   setAutoCommit = true 
2026-04-20T19:37:50.311+08:00 DEBUG 151 --- [  XNIO-1 task-2] io.undertow.request.security             : Attempting to authenticate /api/ingestion/tasks/2/executions, authentication required: false 
2026-04-20T19:37:50.311+08:00 DEBUG 151 --- [  XNIO-1 task-2] io.undertow.request.security             : Authentication outcome was NOT_ATTEMPTED with method io.undertow.security.impl.CachedAuthenticatedSessionMechanism@72916f2a for /api/ingestion/tasks/2/executions 
2026-04-20T19:37:50.311+08:00 DEBUG 151 --- [  XNIO-1 task-2] io.undertow.request.security             : Authentication result was ATTEMPTED for /api/ingestion/tasks/2/executions 
2026-04-20T19:37:50.312+08:00 DEBUG 151 --- [  XNIO-1 task-2] org.postgresql.jdbc.PgConnection         :   setAutoCommit = false 
2026-04-20T19:37:50.314+08:00 DEBUG 151 --- [  XNIO-1 task-2] org.postgresql.jdbc.PgConnection         :   setAutoCommit = true 
2026-04-20T19:37:50.317+08:00 DEBUG 151 --- [  XNIO-1 task-2] io.undertow.request.security             : Attempting to authenticate /api/ingestion/tasks/3/executions, authentication required: false 
2026-04-20T19:37:50.317+08:00 DEBUG 151 --- [  XNIO-1 task-2] io.undertow.request.security             : Authentication outcome was NOT_ATTEMPTED with method io.undertow.security.impl.CachedAuthenticatedSessionMechanism@72916f2a for /api/ingestion/tasks/3/executions 
2026-04-20T19:37:50.317+08:00 DEBUG 151 --- [  XNIO-1 task-2] io.undertow.request.security             : Authentication result was ATTEMPTED for /api/ingestion/tasks/3/executions 
2026-04-20T19:37:50.317+08:00 DEBUG 151 --- [  XNIO-1 task-2] org.postgresql.jdbc.PgConnection         :   setAutoCommit = false 
2026-04-20T19:37:50.319+08:00 DEBUG 151 --- [  XNIO-1 task-2] org.postgresql.jdbc.PgConnection         :   setAutoCommit = true 
2026-04-20T19:37:50.322+08:00 DEBUG 151 --- [  XNIO-1 task-2] io.undertow.request.security             : Attempting to authenticate /api/ingestion/tasks/4/executions, authentication required: false 
2026-04-20T19:37:50.322+08:00 DEBUG 151 --- [  XNIO-1 task-2] io.undertow.request.security             : Authentication outcome was NOT_ATTEMPTED with method io.undertow.security.impl.CachedAuthenticatedSessionMechanism@72916f2a for /api/ingestion/tasks/4/executions 
2026-04-20T19:37:50.322+08:00 DEBUG 151 --- [  XNIO-1 task-2] io.undertow.request.security             : Authentication result was ATTEMPTED for /api/ingestion/tasks/4/executions 
2026-04-20T19:37:50.323+08:00 DEBUG 151 --- [  XNIO-1 task-2] org.postgresql.jdbc.PgConnection         :   setAutoCommit = false 
2026-04-20T19:37:50.324+08:00 DEBUG 151 --- [  XNIO-1 task-2] org.postgresql.jdbc.PgConnection         :   setAutoCommit = true 
2026-04-20T19:37:50.327+08:00 DEBUG 151 --- [  XNIO-1 task-2] io.undertow.request.security             : Attempting to authenticate /api/ingestion/tasks/7/executions, authentication required: false 
2026-04-20T19:37:50.327+08:00 DEBUG 151 --- [  XNIO-1 task-2] io.undertow.request.security             : Authentication outcome was NOT_ATTEMPTED with method io.undertow.security.impl.CachedAuthenticatedSessionMechanism@72916f2a for /api/ingestion/tasks/7/executions 
2026-04-20T19:37:50.327+08:00 DEBUG 151 --- [  XNIO-1 task-2] io.undertow.request.security             : Authentication result was ATTEMPTED for /api/ingestion/tasks/7/executions 
2026-04-20T19:37:50.328+08:00 DEBUG 151 --- [  XNIO-1 task-2] org.postgresql.jdbc.PgConnection         :   setAutoCommit = false 
2026-04-20T19:37:50.329+08:00 DEBUG 151 --- [  XNIO-1 task-2] org.postgresql.jdbc.PgConnection         :   setAutoCommit = true 
2026-04-20T19:37:50.333+08:00 DEBUG 151 --- [  XNIO-1 task-2] io.undertow.request.security             : Attempting to authenticate /api/ingestion/tasks/6/executions, authentication required: false 
2026-04-20T19:37:50.333+08:00 DEBUG 151 --- [  XNIO-1 task-2] io.undertow.request.security             : Authentication outcome was NOT_ATTEMPTED with method io.undertow.security.impl.CachedAuthenticatedSessionMechanism@72916f2a for /api/ingestion/tasks/6/executions 
2026-04-20T19:37:50.333+08:00 DEBUG 151 --- [  XNIO-1 task-2] io.undertow.request.security             : Authentication result was ATTEMPTED for /api/ingestion/tasks/6/executions 
2026-04-20T19:37:50.333+08:00 DEBUG 151 --- [  XNIO-1 task-2] org.postgresql.jdbc.PgConnection         :   setAutoCommit = false 
2026-04-20T19:37:50.335+08:00 DEBUG 151 --- [  XNIO-1 task-2] org.postgresql.jdbc.PgConnection         :   setAutoCommit = true 
2026-04-20T19:37:50.338+08:00 DEBUG 151 --- [  XNIO-1 task-2] io.undertow.request.security             : Attempting to authenticate /api/ingestion/tasks/8/executions, authentication required: false 
2026-04-20T19:37:50.338+08:00 DEBUG 151 --- [  XNIO-1 task-2] io.undertow.request.security             : Authentication outcome was NOT_ATTEMPTED with method io.undertow.security.impl.CachedAuthenticatedSessionMechanism@72916f2a for /api/ingestion/tasks/8/executions 
2026-04-20T19:37:50.338+08:00 DEBUG 151 --- [  XNIO-1 task-2] io.undertow.request.security             : Authentication result was ATTEMPTED for /api/ingestion/tasks/8/executions 
2026-04-20T19:37:50.339+08:00 DEBUG 151 --- [  XNIO-1 task-2] org.postgresql.jdbc.PgConnection         :   setAutoCommit = false 
2026-04-20T19:37:50.340+08:00 DEBUG 151 --- [  XNIO-1 task-2] org.postgresql.jdbc.PgConnection         :   setAutoCommit = true 
2026-04-20T19:37:50.343+08:00 DEBUG 151 --- [  XNIO-1 task-2] io.undertow.request.security             : Attempting to authenticate /api/ingestion/tasks/9/executions, authentication required: false 
2026-04-20T19:37:50.343+08:00 DEBUG 151 --- [  XNIO-1 task-2] io.undertow.request.security             : Authentication outcome was NOT_ATTEMPTED with method io.undertow.security.impl.CachedAuthenticatedSessionMechanism@72916f2a for /api/ingestion/tasks/9/executions 
2026-04-20T19:37:50.343+08:00 DEBUG 151 --- [  XNIO-1 task-2] io.undertow.request.security             : Authentication result was ATTEMPTED for /api/ingestion/tasks/9/executions 
2026-04-20T19:37:50.344+08:00 DEBUG 151 --- [  XNIO-1 task-2] org.postgresql.jdbc.PgConnection         :   setAutoCommit = false 
2026-04-20T19:37:50.346+08:00 DEBUG 151 --- [  XNIO-1 task-2] org.postgresql.jdbc.PgConnection         :   setAutoCommit = true 
2026-04-20T19:37:52.271+08:00 DEBUG 151 --- [   scheduling-1] org.postgresql.jdbc.PgConnection         :   setAutoCommit = false 
2026-04-20T19:37:52.275+08:00 DEBUG 151 --- [   scheduling-1] org.postgresql.jdbc.PgConnection         :   setAutoCommit = true 
2026-04-20T19:38:07.275+08:00 DEBUG 151 --- [   scheduling-1] org.postgresql.jdbc.PgConnection         :   setAutoCommit = false 
2026-04-20T19:38:07.277+08:00 DEBUG 151 --- [   scheduling-1] org.postgresql.jdbc.PgConnection         :   setAutoCommit = true 
2026-04-20T19:38:15.784+08:00 DEBUG 151 --- [   scheduling-1] org.postgresql.jdbc.PgConnection         :   setAutoCommit = false 
2026-04-20T19:38:15.785+08:00 DEBUG 151 --- [   scheduling-1] org.postgresql.jdbc.PgConnection         :   setAutoCommit = true 
2026-04-20T19:38:22.277+08:00 DEBUG 151 --- [   scheduling-1] org.postgresql.jdbc.PgConnection         :   setAutoCommit = false 
2026-04-20T19:38:22.278+08:00 DEBUG 151 --- [   scheduling-1] org.postgresql.jdbc.PgConnection         :   setAutoCommit = true 
2026-04-20T19:38:37.279+08:00 DEBUG 151 --- [   scheduling-1] org.postgresql.jdbc.PgConnection         :   setAutoCommit = false 
2026-04-20T19:38:37.282+08:00 DEBUG 151 --- [   scheduling-1] org.postgresql.jdbc.PgConnection         :   setAutoCommit = true 
2026-04-20T19:38:45.785+08:00 DEBUG 151 --- [   scheduling-1] org.postgresql.jdbc.PgConnection         :   setAutoCommit = false 
2026-04-20T19:38:45.786+08:00 DEBUG 151 --- [   scheduling-1] org.postgresql.jdbc.PgConnection         :   setAutoCommit = true 
2026-04-20T19:38:50.451+08:00 DEBUG 151 --- [  XNIO-1 I/O-16] io.undertow.request                      : Timing out idle connection from /172.19.0.16:50160 
2026-04-20T19:38:51.247+08:00 DEBUG 151 --- [  XNIO-1 task-2] io.undertow.request.security             : Attempting to authenticate /api/ingestion/tasks/list, authentication required: false 
2026-04-20T19:38:51.247+08:00 DEBUG 151 --- [  XNIO-1 task-2] io.undertow.request.security             : Authentication outcome was NOT_ATTEMPTED with method io.undertow.security.impl.CachedAuthenticatedSessionMechanism@72916f2a for /api/ingestion/tasks/list 
2026-04-20T19:38:51.247+08:00 DEBUG 151 --- [  XNIO-1 task-2] io.undertow.request.security             : Authentication result was ATTEMPTED for /api/ingestion/tasks/list 
2026-04-20T19:38:51.251+08:00 DEBUG 151 --- [  XNIO-1 task-2] org.postgresql.jdbc.PgConnection         :   setReadOnly = true 
2026-04-20T19:38:51.251+08:00 DEBUG 151 --- [  XNIO-1 task-2] org.postgresql.jdbc.PgConnection         :   setAutoCommit = false 
2026-04-20T19:38:51.257+08:00 DEBUG 151 --- [  XNIO-1 task-2] org.postgresql.jdbc.PgConnection         :   setAutoCommit = true 
2026-04-20T19:38:51.258+08:00 DEBUG 151 --- [  XNIO-1 task-2] org.postgresql.jdbc.PgConnection         :   setReadOnly = false 
2026-04-20T19:38:51.264+08:00 DEBUG 151 --- [  XNIO-1 task-2] io.undertow.request.security             : Attempting to authenticate /api/ingestion/tasks/1/executions, authentication required: false 
2026-04-20T19:38:51.265+08:00 DEBUG 151 --- [  XNIO-1 task-2] io.undertow.request.security             : Authentication outcome was NOT_ATTEMPTED with method io.undertow.security.impl.CachedAuthenticatedSessionMechanism@72916f2a for /api/ingestion/tasks/1/executions 
2026-04-20T19:38:51.265+08:00 DEBUG 151 --- [  XNIO-1 task-2] io.undertow.request.security             : Authentication result was ATTEMPTED for /api/ingestion/tasks/1/executions 
2026-04-20T19:38:51.268+08:00 DEBUG 151 --- [  XNIO-1 task-2] org.postgresql.jdbc.PgConnection         :   setAutoCommit = false 
2026-04-20T19:38:51.271+08:00 DEBUG 151 --- [  XNIO-1 task-2] org.postgresql.jdbc.PgConnection         :   setAutoCommit = true 
2026-04-20T19:38:51.276+08:00 DEBUG 151 --- [  XNIO-1 task-2] io.undertow.request.security             : Attempting to authenticate /api/ingestion/tasks/2/executions, authentication required: false 
2026-04-20T19:38:51.276+08:00 DEBUG 151 --- [  XNIO-1 task-2] io.undertow.request.security             : Authentication outcome was NOT_ATTEMPTED with method io.undertow.security.impl.CachedAuthenticatedSessionMechanism@72916f2a for /api/ingestion/tasks/2/executions 
2026-04-20T19:38:51.276+08:00 DEBUG 151 --- [  XNIO-1 task-2] io.undertow.request.security             : Authentication result was ATTEMPTED for /api/ingestion/tasks/2/executions 
2026-04-20T19:38:51.277+08:00 DEBUG 151 --- [  XNIO-1 task-2] org.postgresql.jdbc.PgConnection         :   setAutoCommit = false 
2026-04-20T19:38:51.278+08:00 DEBUG 151 --- [  XNIO-1 task-2] org.postgresql.jdbc.PgConnection         :   setAutoCommit = true 
2026-04-20T19:38:51.281+08:00 DEBUG 151 --- [  XNIO-1 task-2] io.undertow.request.security             : Attempting to authenticate /api/ingestion/tasks/3/executions, authentication required: false 
2026-04-20T19:38:51.281+08:00 DEBUG 151 --- [  XNIO-1 task-2] io.undertow.request.security             : Authentication outcome was NOT_ATTEMPTED with method io.undertow.security.impl.CachedAuthenticatedSessionMechanism@72916f2a for /api/ingestion/tasks/3/executions 
2026-04-20T19:38:51.281+08:00 DEBUG 151 --- [  XNIO-1 task-2] io.undertow.request.security             : Authentication result was ATTEMPTED for /api/ingestion/tasks/3/executions 
2026-04-20T19:38:51.282+08:00 DEBUG 151 --- [  XNIO-1 task-2] org.postgresql.jdbc.PgConnection         :   setAutoCommit = false 
2026-04-20T19:38:51.283+08:00 DEBUG 151 --- [  XNIO-1 task-2] org.postgresql.jdbc.PgConnection         :   setAutoCommit = true 
2026-04-20T19:38:51.286+08:00 DEBUG 151 --- [  XNIO-1 task-2] io.undertow.request.security             : Attempting to authenticate /api/ingestion/tasks/4/executions, authentication required: false 
2026-04-20T19:38:51.287+08:00 DEBUG 151 --- [  XNIO-1 task-2] io.undertow.request.security             : Authentication outcome was NOT_ATTEMPTED with method io.undertow.security.impl.CachedAuthenticatedSessionMechanism@72916f2a for /api/ingestion/tasks/4/executions 
2026-04-20T19:38:51.287+08:00 DEBUG 151 --- [  XNIO-1 task-2] io.undertow.request.security             : Authentication result was ATTEMPTED for /api/ingestion/tasks/4/executions 
2026-04-20T19:38:51.287+08:00 DEBUG 151 --- [  XNIO-1 task-2] org.postgresql.jdbc.PgConnection         :   setAutoCommit = false 
2026-04-20T19:38:51.288+08:00 DEBUG 151 --- [  XNIO-1 task-2] org.postgresql.jdbc.PgConnection         :   setAutoCommit = true 
2026-04-20T19:38:51.291+08:00 DEBUG 151 --- [  XNIO-1 task-2] io.undertow.request.security             : Attempting to authenticate /api/ingestion/tasks/7/executions, authentication required: false 
2026-04-20T19:38:51.292+08:00 DEBUG 151 --- [  XNIO-1 task-2] io.undertow.request.security             : Authentication outcome was NOT_ATTEMPTED with method io.undertow.security.impl.CachedAuthenticatedSessionMechanism@72916f2a for /api/ingestion/tasks/7/executions 
2026-04-20T19:38:51.292+08:00 DEBUG 151 --- [  XNIO-1 task-2] io.undertow.request.security             : Authentication result was ATTEMPTED for /api/ingestion/tasks/7/executions 
2026-04-20T19:38:51.292+08:00 DEBUG 151 --- [  XNIO-1 task-2] org.postgresql.jdbc.PgConnection         :   setAutoCommit = false 
2026-04-20T19:38:51.293+08:00 DEBUG 151 --- [  XNIO-1 task-2] org.postgresql.jdbc.PgConnection         :   setAutoCommit = true 
2026-04-20T19:38:51.296+08:00 DEBUG 151 --- [  XNIO-1 task-2] io.undertow.request.security             : Attempting to authenticate /api/ingestion/tasks/6/executions, authentication required: false 
2026-04-20T19:38:51.296+08:00 DEBUG 151 --- [  XNIO-1 task-2] io.undertow.request.security             : Authentication outcome was NOT_ATTEMPTED with method io.undertow.security.impl.CachedAuthenticatedSessionMechanism@72916f2a for /api/ingestion/tasks/6/executions 
2026-04-20T19:38:51.296+08:00 DEBUG 151 --- [  XNIO-1 task-2] io.undertow.request.security             : Authentication result was ATTEMPTED for /api/ingestion/tasks/6/executions 
2026-04-20T19:38:51.297+08:00 DEBUG 151 --- [  XNIO-1 task-2] org.postgresql.jdbc.PgConnection         :   setAutoCommit = false 
2026-04-20T19:38:51.298+08:00 DEBUG 151 --- [  XNIO-1 task-2] org.postgresql.jdbc.PgConnection         :   setAutoCommit = true 
2026-04-20T19:38:51.302+08:00 DEBUG 151 --- [  XNIO-1 task-2] io.undertow.request.security             : Attempting to authenticate /api/ingestion/tasks/8/executions, authentication required: false 
2026-04-20T19:38:51.302+08:00 DEBUG 151 --- [  XNIO-1 task-2] io.undertow.request.security             : Authentication outcome was NOT_ATTEMPTED with method io.undertow.security.impl.CachedAuthenticatedSessionMechanism@72916f2a for /api/ingestion/tasks/8/executions 
2026-04-20T19:38:51.302+08:00 DEBUG 151 --- [  XNIO-1 task-2] io.undertow.request.security             : Authentication result was ATTEMPTED for /api/ingestion/tasks/8/executions 
2026-04-20T19:38:51.302+08:00 DEBUG 151 --- [  XNIO-1 task-2] org.postgresql.jdbc.PgConnection         :   setAutoCommit = false 
2026-04-20T19:38:51.303+08:00 DEBUG 151 --- [  XNIO-1 task-2] org.postgresql.jdbc.PgConnection         :   setAutoCommit = true 
2026-04-20T19:38:51.307+08:00 DEBUG 151 --- [  XNIO-1 task-2] io.undertow.request.security             : Attempting to authenticate /api/ingestion/tasks/9/executions, authentication required: false 
2026-04-20T19:38:51.307+08:00 DEBUG 151 --- [  XNIO-1 task-2] io.undertow.request.security             : Authentication outcome was NOT_ATTEMPTED with method io.undertow.security.impl.CachedAuthenticatedSessionMechanism@72916f2a for /api/ingestion/tasks/9/executions 
2026-04-20T19:38:51.307+08:00 DEBUG 151 --- [  XNIO-1 task-2] io.undertow.request.security             : Authentication result was ATTEMPTED for /api/ingestion/tasks/9/executions 
2026-04-20T19:38:51.307+08:00 DEBUG 151 --- [  XNIO-1 task-2] org.postgresql.jdbc.PgConnection         :   setAutoCommit = false 
2026-04-20T19:38:51.308+08:00 DEBUG 151 --- [  XNIO-1 task-2] org.postgresql.jdbc.PgConnection         :   setAutoCommit = true 
2026-04-20T19:38:52.283+08:00 DEBUG 151 --- [   scheduling-1] org.postgresql.jdbc.PgConnection         :   setAutoCommit = false 
2026-04-20T19:38:52.284+08:00 DEBUG 151 --- [   scheduling-1] org.postgresql.jdbc.PgConnection         :   setAutoCommit = true 
2026-04-20T19:39:07.284+08:00 DEBUG 151 --- [   scheduling-1] org.postgresql.jdbc.PgConnection         :   setAutoCommit = false 
2026-04-20T19:39:07.285+08:00 DEBUG 151 --- [   scheduling-1] org.postgresql.jdbc.PgConnection         :   setAutoCommit = true 
2026-04-20T19:39:15.786+08:00 DEBUG 151 --- [   scheduling-1] org.postgresql.jdbc.PgConnection         :   setAutoCommit = false 
2026-04-20T19:39:15.787+08:00 DEBUG 151 --- [   scheduling-1] org.postgresql.jdbc.PgConnection         :   setAutoCommit = true 
2026-04-20T19:39:22.285+08:00 DEBUG 151 --- [   scheduling-1] org.postgresql.jdbc.PgConnection         :   setAutoCommit = false 
2026-04-20T19:39:22.286+08:00 DEBUG 151 --- [   scheduling-1] org.postgresql.jdbc.PgConnection         :   setAutoCommit = true 
2026-04-20T19:39:37.287+08:00 DEBUG 151 --- [   scheduling-1] org.postgresql.jdbc.PgConnection         :   setAutoCommit = false 
2026-04-20T19:39:37.291+08:00 DEBUG 151 --- [   scheduling-1] org.postgresql.jdbc.PgConnection         :   setAutoCommit = true 
2026-04-20T19:39:45.788+08:00 DEBUG 151 --- [   scheduling-1] org.postgresql.jdbc.PgConnection         :   setAutoCommit = false 
2026-04-20T19:39:45.790+08:00 DEBUG 151 --- [   scheduling-1] org.postgresql.jdbc.PgConnection         :   setAutoCommit = true 
2026-04-20T19:39:51.384+08:00 DEBUG 151 --- [  XNIO-1 I/O-10] io.undertow.request                      : Timing out idle connection from /172.19.0.16:37046 
2026-04-20T19:39:52.214+08:00 DEBUG 151 --- [  XNIO-1 task-2] io.undertow.request.security             : Attempting to authenticate /api/ingestion/tasks/list, authentication required: false 
2026-04-20T19:39:52.214+08:00 DEBUG 151 --- [  XNIO-1 task-2] io.undertow.request.security             : Authentication outcome was NOT_ATTEMPTED with method io.undertow.security.impl.CachedAuthenticatedSessionMechanism@72916f2a for /api/ingestion/tasks/list 
2026-04-20T19:39:52.214+08:00 DEBUG 151 --- [  XNIO-1 task-2] io.undertow.request.security             : Authentication result was ATTEMPTED for /api/ingestion/tasks/list 
2026-04-20T19:39:52.216+08:00 DEBUG 151 --- [  XNIO-1 task-2] org.postgresql.jdbc.PgConnection         :   setReadOnly = true 
2026-04-20T19:39:52.216+08:00 DEBUG 151 --- [  XNIO-1 task-2] org.postgresql.jdbc.PgConnection         :   setAutoCommit = false 
2026-04-20T19:39:52.223+08:00 DEBUG 151 --- [  XNIO-1 task-2] org.postgresql.jdbc.PgConnection         :   setAutoCommit = true 
2026-04-20T19:39:52.223+08:00 DEBUG 151 --- [  XNIO-1 task-2] org.postgresql.jdbc.PgConnection         :   setReadOnly = false 
2026-04-20T19:39:52.229+08:00 DEBUG 151 --- [  XNIO-1 task-2] io.undertow.request.security             : Attempting to authenticate /api/ingestion/tasks/1/executions, authentication required: false 
2026-04-20T19:39:52.229+08:00 DEBUG 151 --- [  XNIO-1 task-2] io.undertow.request.security             : Authentication outcome was NOT_ATTEMPTED with method io.undertow.security.impl.CachedAuthenticatedSessionMechanism@72916f2a for /api/ingestion/tasks/1/executions 
2026-04-20T19:39:52.229+08:00 DEBUG 151 --- [  XNIO-1 task-2] io.undertow.request.security             : Authentication result was ATTEMPTED for /api/ingestion/tasks/1/executions 
2026-04-20T19:39:52.230+08:00 DEBUG 151 --- [  XNIO-1 task-2] org.postgresql.jdbc.PgConnection         :   setAutoCommit = false 
2026-04-20T19:39:52.231+08:00 DEBUG 151 --- [  XNIO-1 task-2] org.postgresql.jdbc.PgConnection         :   setAutoCommit = true 
2026-04-20T19:39:52.235+08:00 DEBUG 151 --- [  XNIO-1 task-2] io.undertow.request.security             : Attempting to authenticate /api/ingestion/tasks/2/executions, authentication required: false 
2026-04-20T19:39:52.235+08:00 DEBUG 151 --- [  XNIO-1 task-2] io.undertow.request.security             : Authentication outcome was NOT_ATTEMPTED with method io.undertow.security.impl.CachedAuthenticatedSessionMechanism@72916f2a for /api/ingestion/tasks/2/executions 
2026-04-20T19:39:52.235+08:00 DEBUG 151 --- [  XNIO-1 task-2] io.undertow.request.security             : Authentication result was ATTEMPTED for /api/ingestion/tasks/2/executions 
2026-04-20T19:39:52.235+08:00 DEBUG 151 --- [  XNIO-1 task-2] org.postgresql.jdbc.PgConnection         :   setAutoCommit = false 
2026-04-20T19:39:52.236+08:00 DEBUG 151 --- [  XNIO-1 task-2] org.postgresql.jdbc.PgConnection         :   setAutoCommit = true 
2026-04-20T19:39:52.240+08:00 DEBUG 151 --- [  XNIO-1 task-2] io.undertow.request.security             : Attempting to authenticate /api/ingestion/tasks/3/executions, authentication required: false 
2026-04-20T19:39:52.240+08:00 DEBUG 151 --- [  XNIO-1 task-2] io.undertow.request.security             : Authentication outcome was NOT_ATTEMPTED with method io.undertow.security.impl.CachedAuthenticatedSessionMechanism@72916f2a for /api/ingestion/tasks/3/executions 
2026-04-20T19:39:52.240+08:00 DEBUG 151 --- [  XNIO-1 task-2] io.undertow.request.security             : Authentication result was ATTEMPTED for /api/ingestion/tasks/3/executions 
2026-04-20T19:39:52.240+08:00 DEBUG 151 --- [  XNIO-1 task-2] org.postgresql.jdbc.PgConnection         :   setAutoCommit = false 
2026-04-20T19:39:52.242+08:00 DEBUG 151 --- [  XNIO-1 task-2] org.postgresql.jdbc.PgConnection         :   setAutoCommit = true 
2026-04-20T19:39:52.245+08:00 DEBUG 151 --- [  XNIO-1 task-2] io.undertow.request.security             : Attempting to authenticate /api/ingestion/tasks/4/executions, authentication required: false 
2026-04-20T19:39:52.245+08:00 DEBUG 151 --- [  XNIO-1 task-2] io.undertow.request.security             : Authentication outcome was NOT_ATTEMPTED with method io.undertow.security.impl.CachedAuthenticatedSessionMechanism@72916f2a for /api/ingestion/tasks/4/executions 
2026-04-20T19:39:52.245+08:00 DEBUG 151 --- [  XNIO-1 task-2] io.undertow.request.security             : Authentication result was ATTEMPTED for /api/ingestion/tasks/4/executions 
2026-04-20T19:39:52.246+08:00 DEBUG 151 --- [  XNIO-1 task-2] org.postgresql.jdbc.PgConnection         :   setAutoCommit = false 
2026-04-20T19:39:52.247+08:00 DEBUG 151 --- [  XNIO-1 task-2] org.postgresql.jdbc.PgConnection         :   setAutoCommit = true 
2026-04-20T19:39:52.251+08:00 DEBUG 151 --- [  XNIO-1 task-2] io.undertow.request.security             : Attempting to authenticate /api/ingestion/tasks/7/executions, authentication required: false 
2026-04-20T19:39:52.251+08:00 DEBUG 151 --- [  XNIO-1 task-2] io.undertow.request.security             : Authentication outcome was NOT_ATTEMPTED with method io.undertow.security.impl.CachedAuthenticatedSessionMechanism@72916f2a for /api/ingestion/tasks/7/executions 
2026-04-20T19:39:52.251+08:00 DEBUG 151 --- [  XNIO-1 task-2] io.undertow.request.security             : Authentication result was ATTEMPTED for /api/ingestion/tasks/7/executions 
2026-04-20T19:39:52.251+08:00 DEBUG 151 --- [  XNIO-1 task-2] org.postgresql.jdbc.PgConnection         :   setAutoCommit = false 
2026-04-20T19:39:52.252+08:00 DEBUG 151 --- [  XNIO-1 task-2] org.postgresql.jdbc.PgConnection         :   setAutoCommit = true 
2026-04-20T19:39:52.255+08:00 DEBUG 151 --- [  XNIO-1 task-2] io.undertow.request.security             : Attempting to authenticate /api/ingestion/tasks/6/executions, authentication required: false 
2026-04-20T19:39:52.256+08:00 DEBUG 151 --- [  XNIO-1 task-2] io.undertow.request.security             : Authentication outcome was NOT_ATTEMPTED with method io.undertow.security.impl.CachedAuthenticatedSessionMechanism@72916f2a for /api/ingestion/tasks/6/executions 
2026-04-20T19:39:52.256+08:00 DEBUG 151 --- [  XNIO-1 task-2] io.undertow.request.security             : Authentication result was ATTEMPTED for /api/ingestion/tasks/6/executions 
2026-04-20T19:39:52.256+08:00 DEBUG 151 --- [  XNIO-1 task-2] org.postgresql.jdbc.PgConnection         :   setAutoCommit = false 
2026-04-20T19:39:52.257+08:00 DEBUG 151 --- [  XNIO-1 task-2] org.postgresql.jdbc.PgConnection         :   setAutoCommit = true 
2026-04-20T19:39:52.260+08:00 DEBUG 151 --- [  XNIO-1 task-2] io.undertow.request.security             : Attempting to authenticate /api/ingestion/tasks/8/executions, authentication required: false 
2026-04-20T19:39:52.260+08:00 DEBUG 151 --- [  XNIO-1 task-2] io.undertow.request.security             : Authentication outcome was NOT_ATTEMPTED with method io.undertow.security.impl.CachedAuthenticatedSessionMechanism@72916f2a for /api/ingestion/tasks/8/executions 
2026-04-20T19:39:52.260+08:00 DEBUG 151 --- [  XNIO-1 task-2] io.undertow.request.security             : Authentication result was ATTEMPTED for /api/ingestion/tasks/8/executions 
2026-04-20T19:39:52.261+08:00 DEBUG 151 --- [  XNIO-1 task-2] org.postgresql.jdbc.PgConnection         :   setAutoCommit = false 
2026-04-20T19:39:52.262+08:00 DEBUG 151 --- [  XNIO-1 task-2] org.postgresql.jdbc.PgConnection         :   setAutoCommit = true 
2026-04-20T19:39:52.265+08:00 DEBUG 151 --- [  XNIO-1 task-2] io.undertow.request.security             : Attempting to authenticate /api/ingestion/tasks/9/executions, authentication required: false 
2026-04-20T19:39:52.265+08:00 DEBUG 151 --- [  XNIO-1 task-2] io.undertow.request.security             : Authentication outcome was NOT_ATTEMPTED with method io.undertow.security.impl.CachedAuthenticatedSessionMechanism@72916f2a for /api/ingestion/tasks/9/executions 
2026-04-20T19:39:52.265+08:00 DEBUG 151 --- [  XNIO-1 task-2] io.undertow.request.security             : Authentication result was ATTEMPTED for /api/ingestion/tasks/9/executions 
2026-04-20T19:39:52.265+08:00 DEBUG 151 --- [  XNIO-1 task-2] org.postgresql.jdbc.PgConnection         :   setAutoCommit = false 
2026-04-20T19:39:52.266+08:00 DEBUG 151 --- [  XNIO-1 task-2] org.postgresql.jdbc.PgConnection         :   setAutoCommit = true 
2026-04-20T19:39:52.291+08:00 DEBUG 151 --- [   scheduling-1] org.postgresql.jdbc.PgConnection         :   setAutoCommit = false 
2026-04-20T19:39:52.292+08:00 DEBUG 151 --- [   scheduling-1] org.postgresql.jdbc.PgConnection         :   setAutoCommit = true 
2026-04-20T19:40:07.293+08:00 DEBUG 151 --- [   scheduling-1] org.postgresql.jdbc.PgConnection         :   setAutoCommit = false 
2026-04-20T19:40:07.294+08:00 DEBUG 151 --- [   scheduling-1] org.postgresql.jdbc.PgConnection         :   setAutoCommit = true 
2026-04-20T19:40:15.790+08:00 DEBUG 151 --- [   scheduling-1] org.postgresql.jdbc.PgConnection         :   setAutoCommit = false 
2026-04-20T19:40:15.791+08:00 DEBUG 151 --- [   scheduling-1] org.postgresql.jdbc.PgConnection         :   setAutoCommit = true 
2026-04-20T19:40:22.294+08:00 DEBUG 151 --- [   scheduling-1] org.postgresql.jdbc.PgConnection         :   setAutoCommit = false 
2026-04-20T19:40:22.295+08:00 DEBUG 151 --- [   scheduling-1] org.postgresql.jdbc.PgConnection         :   setAutoCommit = true 
2026-04-20T19:40:37.297+08:00 DEBUG 151 --- [   scheduling-1] org.postgresql.jdbc.PgConnection         :   setAutoCommit = false 
2026-04-20T19:40:37.298+08:00 DEBUG 151 --- [   scheduling-1] org.postgresql.jdbc.PgConnection         :   setAutoCommit = true 
2026-04-20T19:40:45.792+08:00 DEBUG 151 --- [   scheduling-1] org.postgresql.jdbc.PgConnection         :   setAutoCommit = false 
2026-04-20T19:40:45.792+08:00 DEBUG 151 --- [   scheduling-1] org.postgresql.jdbc.PgConnection         :   setAutoCommit = true 
2026-04-20T19:40:52.299+08:00 DEBUG 151 --- [   scheduling-1] org.postgresql.jdbc.PgConnection         :   setAutoCommit = false 
2026-04-20T19:40:52.300+08:00 DEBUG 151 --- [   scheduling-1] org.postgresql.jdbc.PgConnection         :   setAutoCommit = true 
2026-04-20T19:40:58.037+08:00 DEBUG 151 --- [SIGTERM handler] java.lang.Runtime                        : Runtime.exit() called with status: 143 

java.lang.Throwable: Runtime.exit(143)
	at java.base/java.lang.Shutdown.logRuntimeExit(Shutdown.java:179)
	at java.base/java.lang.Shutdown.exit(Shutdown.java:160)
	at java.base/java.lang.Terminator$1.handle(Terminator.java:51)
	at java.base/jdk.internal.misc.Signal$1.run(Signal.java:218)
	at java.base/java.lang.Thread.run(Thread.java:1583)

2026-04-20T19:40:58.043+08:00  INFO 151 --- [ionShutdownHook] io.undertow                              : stopping server: Undertow - 2.3.18.Final 
2026-04-20T19:40:58.047+08:00  INFO 151 --- [ionShutdownHook] io.undertow.servlet                      : Destroying Spring FrameworkServlet 'dispatcherServlet' 
